Date,Open,High,Low,Close,Volume
1994-02-22,4.336872536560585,4.336872536560585,4.263366222381592,4.263366222381592,20800.0
1994-02-23,4.189862251281738,4.189862251281738,3.9693431854248047,4.0796027183532715,31600.0
1994-02-24,4.079601747180344,4.079601747180344,4.0060954093933105,4.0060954093933105,32000.0
1994-02-25,3.9325882740391114,3.9325882740391114,3.675316143961786,3.7855756282806396,49800.0
1994-02-28,3.8223304748535156,3.9693431854248047,3.7855772972106934,3.89583683013916,170400.0
1994-03-01,3.895836108071463,3.895836108071463,3.8223297664097373,3.8590829372406006,41600.0
1994-03-02,3.7855765955788745,3.8590829372406,3.7855765955788745,3.8590829372406006,67000.0
1994-03-03,3.895835858124953,3.895835858124953,3.822329521179199,3.822329521179199,27800.0
1994-03-04,3.822329326912209,3.969341993331909,3.7855761603072837,3.969341993331909,358200.0
1994-03-07,3.7855761603072837,4.006095159936835,3.7855761603072837,3.969341993331909,690800.0
1994-03-08,3.969342240499794,4.0060954093933105,3.969342240499794,4.0060954093933105,515200.0
1994-03-09,4.0060944730585275,4.042847633361816,4.0060944730585275,4.042847633361816,540400.0
1994-03-10,4.042847633361816,4.042847633361816,4.0060944730585275,4.042847633361816,1832200.0
1994-03-11,4.079599956844164,4.226612567901611,4.079599956844164,4.226612567901611,1895400.0
1994-03-14,4.226612256578177,4.483884306978588,4.226612256578177,4.447131156921387,1413800.0
1994-03-15,4.447133525079038,4.520639864336543,4.373627185821533,4.373627185821533,1665200.0
1994-03-16,4.373627185821533,4.373627185821533,4.300120846564028,4.373627185821533,717000.0
1994-03-17,4.388373977881818,4.535882346886249,4.388373977881818,4.462128162384033,971200.0
1994-03-18,4.4990081787109375,4.535885294929879,4.4990081787109375,4.4990081787109375,1178000.0
1994-03-21,4.499009636359486,4.535886764526367,4.499009636359486,4.535886764526367,659400.0
1994-03-22,4.5358863487243655,4.646517723083496,4.5358863487243655,4.609640598297119,374000.0
1994-03-23,4.609640628572494,4.683394878629654,4.572763503543914,4.646517753601074,430200.0
1994-03-24,4.60964152889867,4.64651866112986,4.5727643966674805,4.5727643966674805,747000.0
1994-03-25,4.609641020860129,4.609641020860129,4.499009636359486,4.535886764526367,370000.0
1994-03-28,4.535885294929879,4.535885294929879,4.4990081787109375,4.4990081787109375,1116200.0
1994-03-29,4.499007614453634,4.535884726047517,4.425253391265869,4.425253391265869,595800.0
1994-03-30,4.425252817444882,4.425252817444882,4.31462149700876,4.351498603820801,653000.0
1994-03-31,4.351498603820801,4.388375710632841,4.27774439019672,4.351498603820801,448400.0
1994-04-04,4.203990176572638,4.351498603820801,4.203990176572638,4.351498603820801,386600.0
1994-04-05,4.314622597616227,4.535885294929879,4.314622597616227,4.4990081787109375,361600.0
1994-04-06,4.499007031068963,4.535884137881004,4.351498603820801,4.351498603820801,551400.0
1994-04-07,4.42525719394203,4.42525719394203,4.35150290737633,4.38838005065918,338400.0
1994-04-08,4.314622056484223,4.425253391265869,4.314622056484223,4.425253391265869,166000.0
1994-04-11,4.425253210396603,4.499007430569879,4.277744770050049,4.277744770050049,424800.0
1994-04-12,4.203991889953613,4.27774613363701,4.203991889953613,4.203991889953613,602800.0
1994-04-13,4.203989880425589,4.314621193068368,4.13023567199707,4.13023567199707,504600.0
1994-04-14,4.167114665916374,4.167114665916374,4.093360424041748,4.093360424041748,378200.0
1994-04-15,4.056483268737793,4.167114630612461,4.056483268737793,4.056483268737793,197600.0
1994-04-18,4.130236329703496,4.277744770050049,4.130236329703496,4.277744770050049,184800.0
1994-04-19,4.240867659963411,4.314621880136688,4.240867659963411,4.277744770050049,122200.0
1994-04-20,4.3146232554787085,4.3146232554787085,4.203991889953613,4.203991889953613,201400.0
1994-04-21,4.203991751237349,4.314623113112017,4.056483268737793,4.056483268737793,858200.0
1994-04-22,4.130236329703496,4.277744770050049,4.130236329703496,4.277744770050049,411400.0
1994-04-25,4.2408683651783425,4.4990081787109375,4.2408683651783425,4.4990081787109375,330600.0
1994-04-26,4.462129924256923,4.462129924256923,4.27774439019672,4.351498603820801,313400.0
1994-04-28,4.31462287902832,4.31462287902832,4.203991523155799,4.31462287902832,161600.0
1994-04-29,4.277744770050049,4.314621880136688,4.240867659963411,4.277744770050049,344600.0
1994-05-02,4.24086856842041,4.31462280439294,4.167114332447881,4.24086856842041,135800.0
1994-05-03,4.277745686406675,4.3883770403654685,4.203991450434146,4.24086856842041,375200.0
1994-05-04,4.203991523155799,4.351499997652494,4.203991523155799,4.31462287902832,491800.0
1994-05-05,4.314621880136688,4.314621880136688,4.240867659963411,4.277744770050049,152800.0
1994-05-06,4.277744770050049,4.314621880136688,4.277744770050049,4.277744770050049,272800.0
1994-05-09,4.277744770050049,4.314621880136688,4.277744770050049,4.277744770050049,161600.0
1994-05-10,4.27774494489034,4.425253391265869,4.27774494489034,4.425253391265869,308200.0
1994-05-11,4.4252510701329255,4.535882346886249,4.4252510701329255,4.462128162384033,388600.0
1994-05-12,4.425255867742723,4.5727643966674805,4.425255867742723,4.5727643966674805,155000.0
1994-05-13,4.535884137881004,4.572761244693045,4.351498603820801,4.351498603820801,105200.0
1994-05-16,4.35150290737633,4.462134337224881,4.35150290737633,4.38838005065918,206800.0
1994-05-17,4.425253391265869,4.462130502859752,4.388376279671987,4.425253391265869,422600.0
1994-05-18,4.425253391265869,4.425253391265869,4.388376279671987,4.425253391265869,130800.0
1994-05-19,4.388373977881818,4.499005254635141,4.35149688563071,4.462128162384033,199400.0
1994-05-20,4.425252817444882,4.462129924256923,4.351498603820801,4.351498603820801,119600.0
1994-05-23,4.314621880136688,4.351498990223326,4.277744770050049,4.277744770050049,195600.0
1994-05-24,4.388373977881818,4.462128162384033,4.35149688563071,4.462128162384033,158200.0
1994-05-25,4.425255380025724,4.572763892693248,4.425255380025724,4.535886764526367,104800.0
1994-05-26,4.5727643966674805,4.5727643966674805,4.462132999973912,4.5727643966674805,345800.0
1994-05-27,4.5358863487243655,4.609640598297119,4.499009223937988,4.609640598297119,298000.0
1994-05-31,4.68339355971462,4.867779132931731,4.646516445071198,4.757147789001465,456400.0
1994-06-01,4.757149128686814,4.757149128686814,4.646517753601074,4.646517753601074,268200.0
1994-06-02,4.720272003658234,4.757149128686814,4.609640628572494,4.646517753601074,81000.0
1994-06-03,4.60964152889867,4.683395793361049,4.499010132205102,4.5727643966674805,397400.0
1994-06-06,4.646517753601074,4.683394878629654,4.609640628572494,4.646517753601074,75600.0
1994-06-07,4.572763533104123,4.683394908905029,4.572763533104123,4.683394908905029,92800.0
1994-06-08,4.683394878629654,4.683394878629654,4.646517753601074,4.646517753601074,107600.0
1994-06-09,4.624319928033011,4.679811767169408,4.624319928033011,4.661314487457275,187800.0
1994-06-10,4.661315289939322,4.661315289939322,4.5503315925598145,4.5503315925598145,280600.0
1994-06-13,4.587325368608748,4.661314487457275,4.476341690335955,4.661314487457275,97600.0
1994-06-14,4.661315585291663,4.772299289703369,4.624321017154428,4.772299289703369,339800.0
1994-06-15,4.735305436694895,4.846289157867432,4.735305436694895,4.846289157867432,305200.0
1994-06-16,4.809293115840239,5.0312604904174805,4.772298553410699,5.0312604904174805,393800.0
1994-06-17,5.031260923905807,5.031260923905807,4.883282661437988,4.883282661437988,407200.0
1994-06-20,4.809292316436768,4.883281428997334,4.772297760156485,4.809292316436768,47800.0
1994-06-21,4.809293115840239,5.0312604904174805,4.809293115840239,5.0312604904174805,556200.0
1994-06-22,4.9572713655584,5.105249615276562,4.9572713655584,5.0312604904174805,759200.0
1994-06-23,4.99426592798794,5.0312604904174805,4.99426592798794,5.0312604904174805,553200.0
1994-06-24,4.994267100718484,5.031261671834917,4.957272529602051,4.957272529602051,1003800.0
1994-06-27,4.957271792671897,4.957271792671897,4.80929353020408,4.883282661437988,295200.0
1994-06-28,4.846286872717051,4.883281428997334,4.809292316436768,4.809292316436768,165800.0
1994-06-29,4.809291064739227,4.809291064739227,4.735301971435547,4.735301971435547,396200.0
1994-06-30,4.735305436694895,4.846289157867432,4.735305436694895,4.846289157867432,453200.0
1994-07-01,4.846286872717051,4.883281428997334,4.772297760156485,4.809292316436768,870200.0
1994-07-05,4.772300010419074,4.88328373159161,4.772300010419074,4.846289157867432,685600.0
1994-07-06,4.846286872717051,4.883281428997334,4.809292316436768,4.809292316436768,163800.0
1994-07-07,4.809294584143252,4.88328373159161,4.809294584143252,4.846289157867432,290600.0
1994-07-08,4.80929353020408,4.920277227054943,4.80929353020408,4.883282661437988,165000.0
1994-07-11,4.846288095821034,4.920277227054943,4.846288095821034,4.883282661437988,86800.0
1994-07-12,4.883282994115076,4.883282994115076,4.772299289703369,4.772299289703369,390800.0
1994-07-13,4.772299289703369,4.809293857840605,4.735304721566134,4.772299289703369,287000.0
1994-07-14,4.698310153428899,4.809293857840605,4.698310153428899,4.772299289703369,167600.0
1994-07-15,4.698310153428899,4.772299289703369,4.698310153428899,4.772299289703369,78800.0
1994-07-18,4.772300010419074,4.88328373159161,4.735305436694895,4.846289157867432,150600.0
1994-07-19,4.9202779584856176,5.031261671834917,4.9202779584856176,4.957272529602051,743800.0
1994-07-20,4.957269397095172,5.068253040313721,4.920274849355656,5.068253040313721,1206000.0
1994-07-21,4.994263944834688,5.068253040313721,4.994263944834688,5.068253040313721,544800.0
1994-07-22,5.068253040313721,5.105247588053237,5.031258492574204,5.068253040313721,201400.0
1994-07-25,5.105251312255859,5.105251312255859,5.031262162802876,5.105251312255859,71600.0
1994-07-26,5.179240343382032,5.216234917263332,5.105251195619432,5.142245769500732,205400.0
1994-07-27,5.105251195619432,5.216234917263332,5.105251195619432,5.142245769500732,244000.0
1994-07-28,5.105251312255859,5.105251312255859,5.068256737529368,5.105251312255859,122400.0
1994-07-29,5.105251195619432,5.142245769500732,5.068256621738131,5.142245769500732,102400.0
1994-08-01,5.105251195619432,5.142245769500732,5.105251195619432,5.142245769500732,136800.0
1994-08-02,5.179237744486924,5.2162322998046875,5.142243189169161,5.2162322998046875,513400.0
1994-08-03,5.2162322998046875,5.2162322998046875,5.142243189169161,5.2162322998046875,709800.0
1994-08-04,4.8832812421903835,4.8832812421903835,4.513335693539597,4.69830846786499,1680600.0
1994-08-05,4.698310721305108,4.698310721305108,4.587327003479004,4.587327003479004,373600.0
1994-08-08,4.624320983886719,4.661315551757813,4.5873264160156255,4.624320983886719,501400.0
1994-08-09,4.6613161486964065,4.6613161486964065,4.550332430870302,4.587327003479004,1031000.0
1994-08-10,4.587326158352984,4.587326158352984,4.513337026766646,4.5503315925598145,1103200.0
1994-08-11,4.513336284101502,4.531833563954377,4.476341724395752,4.476341724395752,703800.0
1994-08-12,4.476342460973476,4.5503315925598145,4.365358763593968,4.5503315925598145,422800.0
1994-08-15,4.513337280273437,4.624320983886719,4.513337280273437,4.624320983886719,173800.0
1994-08-16,4.624321017154428,4.772299289703369,4.587326449017192,4.772299289703369,280000.0
1994-08-17,4.772299289703369,4.883282994115076,4.735304721566134,4.772299289703369,131800.0
1994-08-18,4.735301971435547,4.772296518087387,4.735301971435547,4.735301971435547,225800.0
1994-08-19,4.772298964587125,4.957271792671897,4.772298964587125,4.883282661437988,166600.0
1994-08-22,4.809292316436768,4.846286872717051,4.772297760156485,4.809292316436768,41000.0
1994-08-23,4.846286872717051,4.846286872717051,4.809292316436768,4.809292316436768,186800.0
1994-08-24,4.809292132460226,4.809292132460226,4.69830846786499,4.69830846786499,183200.0
1994-08-25,4.624320724146153,4.624320724146153,4.476342460973476,4.5503315925598145,178000.0
1994-08-26,4.513336181640625,4.550330740506531,4.402352505042904,4.513336181640625,515200.0
1994-08-29,4.476342460973476,4.5503315925598145,4.476342460973476,4.5503315925598145,45800.0
1994-08-30,4.476340866088867,4.513335418701172,4.328362655639649,4.4393463134765625,420800.0
1994-08-31,4.513335418701172,4.513335418701172,4.402351760864257,4.4393463134765625,277200.0
1994-09-01,4.513336005331088,4.513336005331088,4.402352333068848,4.402352333068848,142400.0
1994-09-02,4.402352333068848,4.4393468904895945,4.402352333068848,4.402352333068848,117000.0
1994-09-06,4.402351760864257,4.4393463134765625,4.365357208251953,4.4393463134765625,226800.0
1994-09-07,4.476341061672922,4.476341061672922,4.365357398986816,4.365357398986816,192600.0
1994-09-08,4.365357398986816,4.402351953215518,4.365357398986816,4.365357398986816,105600.0
1994-09-09,4.3430867195129395,4.417327518137093,4.3430867195129395,4.3430867195129395,1000800.0
1994-09-12,4.417327518137093,4.417327518137093,4.268845920888786,4.3430867195129395,419400.0
1994-09-13,4.417325496673584,4.417325496673584,4.380205114348596,4.417325496673584,97800.0
1994-09-14,4.380207061767578,4.417327460596117,4.343086662939039,4.380207061767578,62600.0
1994-09-15,4.380204789534859,4.380204789534859,4.268843650817871,4.268843650817871,956600.0
1994-09-16,4.305965423583984,4.305965423583984,4.268845032001363,4.305965423583984,245000.0
1994-09-19,4.305965423583984,4.305965423583984,4.268845032001363,4.305965423583984,134400.0
1994-09-20,4.4173268247241815,4.491567611694336,4.4173268247241815,4.491567611694336,1914200.0
1994-09-21,4.4544458789985715,4.4544458789985715,4.380205114348596,4.417325496673584,471400.0
1994-09-22,4.380206206749225,4.454446989914466,4.305965423583984,4.305965423583984,1111000.0
1994-09-23,4.343084409962529,4.343084409962529,4.268843650817871,4.268843650817871,85200.0
1994-09-26,4.305965423583984,4.305965423583984,4.268845032001363,4.305965423583984,652400.0
1994-09-27,4.268845920888786,4.3430867195129395,4.268845920888786,4.3430867195129395,158600.0
1994-09-28,4.343085815166605,4.343085815166605,4.305965423583984,4.305965423583984,220200.0
1994-09-29,4.305966009173477,4.305966009173477,4.231725215911865,4.231725215911865,242200.0
1994-09-30,4.268843650817871,4.3059640303902,4.268843650817871,4.268843650817871,36600.0
1994-10-03,4.3059640303902,4.343084409962529,4.268843650817871,4.268843650817871,319000.0
1994-10-04,4.2688456125426715,4.305966009173477,4.231725215911865,4.231725215911865,307400.0
1994-10-05,4.2688456125426715,4.305966009173477,4.231725215911865,4.231725215911865,162200.0
1994-10-06,4.268843650817871,4.268843650817871,4.231723271245541,4.268843650817871,35200.0
1994-10-07,4.231725215911865,4.231725215911865,4.157484422650254,4.231725215911865,450600.0
1994-10-10,4.194602891673212,4.268843650817871,4.194602891673212,4.268843650817871,42800.0
1994-10-11,4.2688456125426715,4.2688456125426715,4.231725215911865,4.231725215911865,75200.0
1994-10-12,4.2688456125426715,4.2688456125426715,4.231725215911865,4.231725215911865,113600.0
1994-10-13,4.23172552157671,4.380207118825016,4.23172552157671,4.3430867195129395,2396400.0
1994-10-14,4.3430859402912425,4.565808296203613,4.3430859402912425,4.565808296203613,275200.0
1994-10-17,4.5658083986644895,4.5658083986644895,4.491567611694336,4.491567611694336,61400.0
1994-10-18,4.491567611694336,4.528688005179413,4.491567611694336,4.491567611694336,25200.0
1994-10-19,4.5286879035515515,4.640049081507738,4.5286879035515515,4.565808296203613,167200.0
1994-10-20,4.528687572479249,4.528687572479249,4.454446792602539,4.454446792602539,109400.0
1994-10-21,4.454447218209259,4.528688005179413,4.4173268247241815,4.491567611694336,195000.0
1994-10-24,4.4544460266593875,4.714288711547852,4.4544460266593875,4.714288711547852,51200.0
1994-10-25,4.714290912034081,4.75141131291624,4.380207304094658,4.528688907623291,169000.0
1994-10-26,4.5286879035515515,4.565808296203613,4.454447118247428,4.565808296203613,62000.0
1994-10-27,4.602928352355957,4.602928352355957,4.417326402664185,4.454446792602539,134600.0
1994-10-28,4.491568506741133,4.528688907623291,4.454448105858974,4.528688907623291,91800.0
1994-10-31,4.528688907623291,4.565809308505449,4.491568506741133,4.528688907623291,163000.0
1994-11-01,4.602928688855676,4.640049081507738,4.5286879035515515,4.565808296203613,358000.0
1994-11-02,4.565807025973537,4.565807025973537,4.417325496673584,4.417325496673584,39600.0
1994-11-03,4.454446792602539,4.528687572479249,4.417326402664185,4.454446792602539,258800.0
1994-11-04,4.4544458789985715,4.49156626132356,4.417325496673584,4.417325496673584,116000.0
1994-11-07,4.417325496673584,4.417325496673584,4.380205114348596,4.417325496673584,76600.0
1994-11-08,4.380207061767578,4.417327460596117,4.3059662641105,4.380207061767578,146200.0
1994-11-09,4.4173265983318455,4.4173265983318455,4.305965423583984,4.305965423583984,236800.0
1994-11-10,4.3430867195129395,4.380207118825016,4.305966320200863,4.3430867195129395,215400.0
1994-11-11,4.343085815166605,4.343085815166605,4.268845032001363,4.305965423583984,138000.0
1994-11-14,4.305965423583984,4.305965423583984,4.268845032001363,4.305965423583984,156000.0
1994-11-15,4.3059640303902,4.3059640303902,4.231723271245541,4.268843650817871,456000.0
1994-11-16,4.268843650817871,4.3059640303902,4.231723271245541,4.268843650817871,70400.0
1994-11-17,4.268845032001363,4.305965423583984,4.194604248836122,4.305965423583984,230800.0
1994-11-18,4.231723271245541,4.268843650817871,4.231723271245541,4.268843650817871,240400.0
1994-11-21,4.30596365247454,4.30596365247454,4.157482147216797,4.157482147216797,356200.0
1994-11-22,4.157483232130698,4.2317240041330315,4.00900168812603,4.046122074127197,433400.0
1994-11-23,4.046122074127197,4.083242460128364,4.00900168812603,4.046122074127197,275800.0
1994-11-25,4.009000778198242,4.046121155774152,3.9718804006223323,4.009000778198242,20000.0
1994-11-28,4.009000778198242,4.120361910925971,4.009000778198242,4.009000778198242,173800.0
1994-11-29,4.009001177007502,4.083241939544678,3.897640033201738,4.083241939544678,315000.0
1994-11-30,4.046121155774152,4.083241533350061,3.9718804006223323,4.009000778198242,76400.0
1994-12-01,4.046125396242682,4.046125396242682,3.93476414680481,3.9347641468048096,179400.0
1994-12-02,3.934760023046423,4.009000778198242,3.934760023046423,4.009000778198242,143800.0
1994-12-05,4.046121155774152,4.120361910925971,4.009000778198242,4.009000778198242,37000.0
1994-12-06,4.046123377630644,4.0832437755905575,3.9718825817108154,3.9718825817108154,169400.0
1994-12-07,3.9718804006223323,4.046121155774152,3.9718804006223323,4.009000778198242,105200.0
1994-12-08,3.9718815271671004,4.009001915271465,3.860520362854004,3.860520362854004,141400.0
1994-12-09,3.8754260517726435,4.024480899917745,3.8754260517726435,3.9872171878814697,65600.0
1994-12-12,3.9499548412504653,3.9872185661679227,3.838163666498094,3.912691116333008,85800.0
1994-12-13,3.912691116333008,4.173537190755209,3.912691116333008,3.912691116333008,113400.0
1994-12-14,3.9126900794371116,3.9872175095216282,3.9126900794371116,3.94995379447937,84400.0
1994-12-15,3.9126897638089186,4.024480899917745,3.9126897638089186,3.9872171878814697,92600.0
1994-12-16,4.061744611954021,4.061744611954021,3.9872171878814697,3.9872171878814697,136400.0
1994-12-19,4.061745012248004,4.061745012248004,3.9872175808306096,4.024481296539307,56200.0
1994-12-20,3.9872175808306096,4.061745012248004,3.9872175808306096,4.024481296539307,50400.0
1994-12-21,3.9872185661679227,4.061746016002837,3.912691116333008,3.912691116333008,158800.0
1994-12-22,3.949953475845194,4.024480899917745,3.949953475845194,3.9872171878814697,194600.0
1994-12-23,4.024481296539307,4.024481296539307,3.9872175808306096,4.024481296539307,39600.0
1994-12-27,3.9872175808306096,4.024481296539307,3.9872175808306096,4.024481296539307,32000.0
1994-12-28,3.9872185661679227,4.02448229108538,3.912691116333008,3.912691116333008,84600.0
1994-12-29,3.949955870252137,4.099010808752218,3.949955870252137,4.061747074127197,318400.0
1994-12-30,4.061744062750189,4.173535183743314,4.024480355752481,4.1362714767456055,185400.0
1995-01-03,4.099007769747898,4.1362714767456055,3.987216648754773,4.1362714767456055,161600.0
1995-01-04,4.173537070291084,4.2480645179748535,4.099009622607315,4.2480645179748535,152000.0
1995-01-05,4.248063416914507,4.248063416914507,4.099008560180664,4.099008560180664,22800.0
1995-01-06,4.136271638529641,4.173535346984863,4.136271638529641,4.173535346984863,70800.0
1995-01-09,4.173535988547585,4.2107997027310455,4.099008560180664,4.099008560180664,125600.0
1995-01-10,4.061747074127197,4.099010808752218,4.0244833395021775,4.061747074127197,43200.0
1995-01-11,4.061744221619197,4.173535346984863,4.024480513163975,4.173535346984863,84600.0
1995-01-12,4.210802012627278,4.210802012627278,4.061747074127197,4.061747074127197,73200.0
1995-01-13,4.136272734245368,4.248063889224972,4.136272734245368,4.2108001708984375,77200.0
1995-01-16,4.210800000895625,4.32259115136188,4.210800000895625,4.285327434539795,69200.0
1995-01-17,4.285328241816738,4.3225919656586225,4.2480645179748535,4.2480645179748535,138400.0
1995-01-18,4.2480625977387305,4.285326304736438,4.024480355752481,4.1362714767456055,97000.0
1995-01-19,4.173535183743314,4.173535183743314,4.061744062750189,4.1362714767456055,54000.0
1995-01-20,4.173537070291084,4.2480645179748535,4.136273346449199,4.2480645179748535,82400.0
1995-01-23,4.2108001708984375,4.248063889224972,4.136272734245368,4.2108001708984375,53000.0
1995-01-24,4.210798890741022,4.210798890741022,4.099007769747898,4.1362714767456055,64800.0
1995-01-25,4.136270257142874,4.136270257142874,3.800896993050208,3.875424385070801,1619600.0
1995-01-26,3.9126900794371116,3.94995379447937,3.9126900794371116,3.94995379447937,193600.0
1995-01-27,3.949953475845194,3.9872171878814697,3.9126897638089186,3.9872171878814697,128600.0
1995-01-30,3.949951777091393,3.987215473101689,3.8754243850708003,3.875424385070801,59200.0
1995-01-31,3.875427391415551,3.9499548412504653,3.875427391415551,3.912691116333008,184200.0
1995-02-01,3.912691116333008,3.9499548412504653,3.912691116333008,3.912691116333008,215200.0
1995-02-02,3.912691116333008,3.9499548412504653,3.875427391415551,3.912691116333008,413600.0
1995-02-03,3.9126897638089186,4.061744611954021,3.8754260517726435,3.9872171878814697,95200.0
1995-02-06,3.9872175095216282,4.024481224563886,3.9126900794371116,3.94995379447937,89600.0
1995-02-07,3.9872175095216282,3.9872175095216282,3.9126900794371116,3.94995379447937,107400.0
1995-02-08,3.9499548412504653,3.9499548412504653,3.912691116333008,3.912691116333008,79200.0
1995-02-09,3.949951777091393,3.949951777091393,3.8754243850708003,3.875424385070801,281800.0
1995-02-10,3.912691116333008,3.912691116333008,3.875427391415551,3.912691116333008,91400.0
1995-02-13,3.9126880810810967,3.949951777091393,3.8381606890605044,3.875424385070801,107400.0
1995-02-14,3.9126890248591355,3.9126890248591355,3.7263704998658436,3.763634204864502,226800.0
1995-02-15,3.763634204864502,3.8381616148618187,3.7263704998658436,3.763634204864502,161800.0
1995-02-16,3.7636332970399122,3.9126880810810967,3.7636332970399122,3.875424385070801,313800.0
1995-02-17,3.9872174176302826,4.099008560180664,3.9872174176302826,4.099008560180664,1020200.0
1995-02-21,4.061744845997204,4.136272274364125,4.061744845997204,4.099008560180664,266400.0
1995-02-22,4.099007930074419,4.173535346984863,4.099007930074419,4.173535346984863,754400.0
1995-02-23,4.210798890741022,4.322590011734147,4.1362714767456055,4.1362714767456055,829800.0
1995-02-24,4.1362714767456055,4.173535183743314,4.099007769747898,4.1362714767456055,43000.0
1995-02-27,4.136273346449199,4.2480645179748535,4.136273346449199,4.2480645179748535,127600.0
1995-02-28,4.2480645179748535,4.2480645179748535,4.173537070291084,4.2480645179748535,159800.0
1995-03-01,4.2107997027310455,4.2107997027310455,4.099008560180664,4.099008560180664,589200.0
1995-03-02,4.099007930074419,4.173535346984863,4.099007930074419,4.173535346984863,203200.0
1995-03-03,4.173535183743314,4.173535183743314,4.1362714767456055,4.1362714767456055,71800.0
1995-03-06,4.1362714767456055,4.1362714767456055,4.099007769747898,4.1362714767456055,76400.0
1995-03-07,4.1362714767456055,4.1362714767456055,4.061744062750189,4.1362714767456055,52600.0
1995-03-08,4.136272443665399,4.136272443665399,4.024481296539307,4.024481296539307,80600.0
1995-03-09,4.076843656193127,4.114245891571045,4.076843656193127,4.114245891571045,93800.0
1995-03-10,4.0768438224439265,4.114246059347082,4.0394415855407715,4.0394415855407715,169800.0
1995-03-13,4.076843656193127,4.114245891571045,4.002039185437289,4.114245891571045,163200.0
1995-03-14,4.039442919809884,4.114247418324881,4.039442919809884,4.076845169067383,127400.0
1995-03-15,4.039442924352793,4.039442924352793,3.889833927154541,3.889833927154541,225000.0
1995-03-16,3.8898333594912575,3.9646378471737815,3.8898333594912575,3.9272356033325195,224000.0
1995-03-17,3.8898357095070257,3.9272379759445935,3.777628910194323,3.852433443069458,121000.0
1995-03-20,3.889832664938534,3.889832664938534,3.815028190612793,3.815028190612793,67600.0
1995-03-21,3.777625322341919,3.852429784170472,3.777625322341919,3.777625322341919,157600.0
1995-03-22,3.7776254010200496,3.8150276327133175,3.740223169326782,3.7402231693267822,729400.0
1995-03-23,3.740223169326782,3.740223169326782,3.665418705940246,3.7402231693267822,174600.0
1995-03-24,3.740223169326782,3.7776254010200496,3.702820937633514,3.7402231693267822,89000.0
1995-03-27,3.777626210992987,3.777626210992987,3.7028217315673833,3.702821731567383,577000.0
1995-03-28,3.7028217315673833,3.7028217315673833,3.7028217315673833,3.702821731567383,404600.0
1995-03-29,3.665419491854581,3.740223971280185,3.665419491854581,3.702821731567383,296600.0
1995-03-30,3.7402230914276426,3.777625322341919,3.7028208605133663,3.777625322341919,525000.0
1995-03-31,3.740223716287052,3.889832664938534,3.665419241961311,3.815028190612793,898600.0
1995-04-03,3.815029428555415,3.927236176454104,3.7776271792558522,3.889833927154541,388600.0
1995-04-04,3.889832664938534,3.9272349021014046,3.815028190612793,3.815028190612793,378200.0
1995-04-05,3.777628910194323,3.852433443069458,3.777628910194323,3.852433443069458,144800.0
1995-04-06,3.852431677854978,3.927236176454104,3.852431677854978,3.889833927154541,114000.0
1995-04-07,3.8898333594912575,3.9646378471737815,3.852431115649995,3.9272356033325195,280800.0
1995-04-10,3.9272363609242658,4.0394431140935305,3.9272363609242658,4.002040863037109,887800.0
1995-04-11,3.964640378952027,4.002042646677989,3.964640378952027,3.9646403789520264,175400.0
1995-04-12,3.964637111734461,4.0394415855407715,3.964637111734461,4.0394415855407715,300600.0
1995-04-13,4.0394431140935305,4.0394431140935305,4.002040863037109,4.002040863037109,256400.0
1995-04-17,4.039442919809884,4.076845169067383,3.964638421294886,4.076845169067383,405200.0
1995-04-18,4.0768438224439265,4.0768438224439265,4.0394415855407715,4.0394415855407715,300400.0
1995-04-19,4.076845169067383,4.114247418324881,4.039442919809884,4.076845169067383,229000.0
1995-04-20,4.039442919809884,4.076845169067383,4.039442919809884,4.076845169067383,227200.0
1995-04-21,4.039441420815208,4.151648126948964,4.039441420815208,4.114245891571045,178600.0
1995-04-24,4.151650799172265,4.189053058624268,4.114248539720262,4.189053058624268,144800.0
1995-04-25,4.189050362326882,4.189050362326882,4.076843656193127,4.114245891571045,358400.0
1995-04-26,4.114245891571045,4.114245891571045,4.076843656193127,4.114245891571045,397200.0
1995-04-27,4.15164966758238,4.15164966758238,4.076845169067383,4.076845169067383,397600.0
1995-04-28,4.114247418324881,4.114247418324881,4.076845169067383,4.076845169067383,367000.0
1995-05-01,4.0394415855407715,4.0768438224439265,4.0394415855407715,4.0394415855407715,375200.0
1995-05-02,4.039442919809884,4.114247418324881,4.002040670552385,4.076845169067383,126400.0
1995-05-03,4.0768438224439265,4.114246059347082,4.0394415855407715,4.0394415855407715,156800.0
1995-05-04,4.039442919809884,4.076845169067383,4.039442919809884,4.076845169067383,197400.0
1995-05-05,4.076845169067383,4.076845169067383,4.039442919809884,4.076845169067383,557400.0
1995-05-08,4.114247418324881,4.114247418324881,4.039442919809884,4.076845169067383,886600.0
1995-05-09,4.07684628026826,4.189053058624268,4.07684628026826,4.189053058624268,84600.0
1995-05-10,4.226452743797972,4.301257217139528,4.189050507127193,4.26385498046875,297200.0
1995-05-11,4.301257133483887,4.338659369427225,4.263854897540548,4.301257133483887,722000.0
1995-05-12,4.301257133483887,4.301257133483887,4.22645266159721,4.301257133483887,555000.0
1995-05-15,4.301257217139528,4.301257217139528,4.226452743797972,4.26385498046875,60800.0
1995-05-16,4.226454343551245,4.450867848518567,4.226454343551245,4.376063346862793,230000.0
1995-05-17,4.413465403709091,4.525672151261017,4.338660905341141,4.450867652893066,351200.0
1995-05-18,4.450867268998744,4.488269514956717,4.4134650230407715,4.4134650230407715,205200.0
1995-05-19,4.41346559769068,4.450867848518567,4.376063346862793,4.376063346862793,59400.0
1995-05-22,4.525671865119309,4.563074111938477,4.488269618300141,4.563074111938477,258200.0
1995-05-23,4.637877297779871,4.7874862428695435,4.637877297779871,4.712681770324707,630600.0
1995-05-24,4.712683776855469,4.712683776855469,4.637879272460937,4.675281524658203,301200.0
1995-05-25,4.6752808523959795,4.712683099215147,4.563074111938477,4.563074111938477,146000.0
1995-05-26,4.56307543777838,4.600477695465088,4.56307543777838,4.600477695465088,45600.0
1995-05-30,4.56307430267334,4.600476551055908,4.450867557525634,4.488269805908203,189200.0
1995-05-31,4.450867371480973,4.6004763587576445,4.413465124661805,4.563074111938477,285800.0
1995-06-01,4.600477020263672,4.675281524658203,4.600477020263672,4.675281524658203,339200.0
1995-06-02,4.637879272460937,4.675281524658203,4.600477020263672,4.675281524658203,186000.0
1995-06-05,4.637879272460937,4.675281524658203,4.600477020263672,4.675281524658203,77000.0
1995-06-06,4.675281524658203,4.712683776855469,4.637879272460937,4.675281524658203,87600.0
1995-06-07,4.6752808523959795,4.6752808523959795,4.563074111938477,4.563074111938477,265200.0
1995-06-08,4.600477695465088,4.637879953151796,4.600477695465088,4.600477695465088,80000.0
1995-06-09,4.6004761726625505,4.63787841796875,4.6004761726625505,4.63787841796875,355400.0
1995-06-12,4.637879953151796,4.637879953151796,4.600477695465088,4.600477695465088,59200.0
1995-06-13,4.577961867417746,4.6905347002231,4.540437589815961,4.615486145019531,82800.0
1995-06-14,4.615486145019531,4.653010422621316,4.577961867417746,4.615486145019531,62800.0
1995-06-15,4.653010422621316,4.653010422621316,4.615486145019531,4.615486145019531,67200.0
1995-06-16,4.653011734008789,4.7280603103637695,4.653011734008789,4.690536022186279,210400.0
1995-06-19,4.690536022186279,4.690536022186279,4.5404388694763185,4.690536022186279,73800.0
1995-06-20,4.690534065640162,4.728058338165283,4.653009793115041,4.728058338165283,116400.0
1995-06-21,4.728057771921158,4.803106307983398,4.728057771921158,4.803106307983398,115800.0
1995-06-22,4.803106307983398,4.840630576014519,4.765582039952278,4.803106307983398,99000.0
1995-06-23,4.803104911263533,4.803104911263533,4.765580654144287,4.765580654144287,136200.0
1995-06-26,4.728056500034948,4.8031050159085185,4.615483726224592,4.653007984161377,262400.0
1995-06-27,4.653010422621316,4.653010422621316,4.540437589815961,4.615486145019531,231200.0
1995-06-28,4.615486145019531,4.615486145019531,4.577961867417746,4.615486145019531,83200.0
1995-06-29,4.577962457641097,4.615486740080779,4.502913892761735,4.540438175201416,335400.0
1995-06-30,4.5404388694763185,4.690536022186279,4.5404388694763185,4.690536022186279,341200.0
1995-07-03,4.615487445831299,4.690536022186279,4.615487445831299,4.690536022186279,146600.0
1995-07-05,4.653009793115041,4.765582610690405,4.653009793115041,4.728058338165283,83400.0
1995-07-06,4.690534065640162,4.803106883215526,4.690534065640162,4.728058338165283,112000.0
1995-07-07,4.728056500034948,4.728056500034948,4.653007984161377,4.653007984161377,163000.0
1995-07-10,4.6530078827865475,4.803104911263533,4.6530078827865475,4.765580654144287,120800.0
1995-07-11,4.765580757971733,4.765580757971733,4.615483726224592,4.653007984161377,262000.0
1995-07-12,4.728058338165283,4.765582610690405,4.653009793115041,4.728058338165283,223800.0
1995-07-13,4.728058338165283,4.728058338165283,4.690534065640162,4.728058338165283,84400.0
1995-07-14,4.690534065640162,4.765582610690405,4.653009793115041,4.728058338165283,221800.0
1995-07-17,4.690532242098163,4.690532242098163,4.577959468287807,4.653007984161377,120400.0
1995-07-18,4.728056500034948,4.728056500034948,4.653007984161377,4.653007984161377,60400.0
1995-07-19,4.615486740080779,4.69053530496014,4.540438175201416,4.540438175201416,69600.0
1995-07-20,4.577959368548055,4.765580654144287,4.577959368548055,4.765580654144287,44800.0
1995-07-21,4.728056725654893,4.915678024291992,4.728056725654893,4.915678024291992,146800.0
1995-07-24,4.840633869171143,4.953206749849541,4.840633869171143,4.840633869171143,210000.0
1995-07-25,4.840631155740647,4.878155428265769,4.690534065640162,4.728058338165283,119600.0
1995-07-26,4.728058977824885,4.728058977824885,4.615486145019531,4.615486145019531,121800.0
1995-07-27,4.653011734008789,4.690536022186279,4.615487445831299,4.690536022186279,262200.0
1995-07-28,4.690532242098163,4.690532242098163,4.653007984161377,4.653007984161377,96000.0
1995-07-31,4.690536022186279,4.7280603103637695,4.653011734008789,4.690536022186279,147000.0
1995-08-01,4.6905335038900375,4.803106307983398,4.6905335038900375,4.803106307983398,366000.0
1995-08-02,4.840630576014519,4.878154844045639,4.765582039952278,4.803106307983398,359800.0
1995-08-03,4.765582039952278,4.840630576014519,4.765582039952278,4.803106307983398,515800.0
1995-08-04,4.878158162730609,4.878158162730609,4.803109575611677,4.840633869171143,86800.0
1995-08-07,4.840630576014519,4.840630576014519,4.765582039952278,4.803106307983398,303600.0
1995-08-08,4.803106307983398,4.840630576014519,4.803106307983398,4.803106307983398,70000.0
1995-08-09,4.84062916838278,4.84062916838278,4.765580654144287,4.765580654144287,36600.0
1995-08-10,4.803106307983398,4.840630576014519,4.765582039952278,4.803106307983398,241000.0
1995-08-11,4.803106307983398,4.840630576014519,4.803106307983398,4.803106307983398,408200.0
1995-08-14,4.803104911263533,4.84062916838278,4.728056397025041,4.765580654144287,291200.0
1995-08-15,4.765582039952278,4.803106307983398,4.728057771921158,4.803106307983398,1030400.0
1995-08-16,4.765580555108878,4.915677580466638,4.728056298769438,4.878153324127197,43600.0
1995-08-17,4.840630359219429,5.02825169097212,4.840630359219429,4.990727424621582,587200.0
1995-08-18,4.953202176449904,5.065774953187401,4.953202176449904,5.028250694274902,761200.0
1995-08-21,5.028251605563693,5.0657758712768555,4.990727339850531,5.0657758712768555,56200.0
1995-08-22,4.990727467970415,5.028251734646884,4.9156789346174765,4.953203201293945,204000.0
1995-08-23,4.953202284019412,4.990726543746832,4.915678024291992,4.915678024291992,55600.0
1995-08-24,4.953203201293945,4.990727467970415,4.9156789346174765,4.953203201293945,53800.0
1995-08-25,4.953203201293945,4.953203201293945,4.9156789346174765,4.953203201293945,109400.0
1995-08-28,4.953201836806078,4.953201836806078,4.803104811448318,4.878153324127197,51000.0
1995-08-29,4.878153764564573,4.915678024291992,4.803105245109733,4.915678024291992,45000.0
1995-08-30,4.878154844045639,4.878154844045639,4.728057771921158,4.803106307983398,3597400.0
1995-08-31,4.803105245109733,4.915678024291992,4.7655809853823135,4.915678024291992,23000.0
1995-09-01,4.915677580466638,4.915677580466638,4.8406290677877575,4.878153324127197,89600.0
1995-09-05,4.803106134588068,4.953203201293945,4.803106134588068,4.953203201293945,468400.0
1995-09-06,4.915677917537404,5.1032992120999,4.915677917537404,5.028250694274902,675200.0
1995-09-07,5.028251056253476,5.140823841094971,5.028251056253476,5.140823841094971,1022600.0
1995-09-08,5.178350809642247,5.328447934559413,5.178350809642247,5.25339937210083,449200.0
1995-09-11,5.253396000422484,5.328444514714234,5.215871743276609,5.290920257568359,359400.0
1995-09-12,5.2533981244858,5.478543758392334,5.2533981244858,5.478543758392334,362600.0
1995-09-13,5.457467072539859,5.49510477648841,5.3821916646427574,5.419829368591309,715600.0
1995-09-14,5.419829851960483,5.570380681181606,5.419829851960483,5.495105266571045,782000.0
1995-09-15,5.5327444012100635,5.608019835240133,5.495106684195029,5.570382118225098,499200.0
1995-09-18,5.570383470822004,5.79620982774722,5.5327457446678014,5.758572101593018,510600.0
1995-09-19,5.720928192138672,5.758565877613268,5.645652821189479,5.720928192138672,633000.0
1995-09-20,5.608017934079202,5.683293342590332,5.532742525568072,5.683293342590332,568200.0
1995-09-21,5.645657552255167,5.645657552255167,5.457468967179995,5.570382118225098,1597800.0
1995-09-22,5.570378341674805,5.645653724670411,5.495102958679199,5.64565372467041,681600.0
1995-09-25,5.720932986285236,5.796208420315305,5.5327444012100635,5.570382118225098,136800.0
1995-09-26,5.495106684195029,5.608019835240133,5.41983125016496,5.570382118225098,105200.0
1995-09-27,5.495105266571044,5.532742973876325,5.419829851960483,5.495105266571045,142400.0
1995-09-28,5.5327406501770025,5.645653724670411,5.457465267181397,5.64565372467041,340800.0
1995-09-29,5.608016033172608,5.683291416168213,5.608016033172608,5.64565372467041,63800.0
1995-10-02,5.645655638334767,5.683293342590332,5.608017934079202,5.683293342590332,412600.0
1995-10-03,5.645655638334767,5.683293342590332,5.645655638334767,5.683293342590332,149200.0
1995-10-04,5.683296649284612,5.758572101593018,5.683296649284612,5.758572101593018,402400.0
1995-10-05,5.758568751101462,5.758568751101462,5.570380229823637,5.683293342590332,113800.0
1995-10-06,5.683296649284612,5.758572101593018,5.6456589231304095,5.758572101593018,277400.0
1995-10-09,5.7209291076660165,5.7209291076660165,5.645653724670411,5.64565372467041,66600.0
1995-10-10,5.683291416168213,5.683291416168213,5.5327406501770025,5.64565372467041,300600.0
1995-10-11,5.683293342590332,5.683293342590332,5.608017934079202,5.683293342590332,379000.0
1995-10-12,5.683290430363392,5.683290430363392,5.570377375455511,5.608015060424805,314000.0
1995-10-13,5.645653724670411,5.645653724670411,5.608016033172608,5.64565372467041,144400.0
1995-10-16,5.683291416168213,5.702110261917115,5.608016033172608,5.64565372467041,152000.0
1995-10-17,5.608016033172608,5.683291416168213,5.608016033172608,5.64565372467041,73600.0
1995-10-18,5.683293342590332,5.720931046845897,5.608017934079202,5.683293342590332,130600.0
1995-10-19,5.683290430363392,5.683290430363392,5.608015060424805,5.608015060424805,31800.0
1995-10-20,5.6832905066640755,5.7962035630878646,5.645652821189479,5.720928192138672,606000.0
1995-10-23,5.720931046845897,5.720931046845897,5.570380229823637,5.683293342590332,110000.0
1995-10-24,5.720928192138672,5.758565877613268,5.6832905066640755,5.720928192138672,124400.0
1995-10-25,5.6832905066640755,5.720928192138672,5.608015135714882,5.720928192138672,300600.0
1995-10-26,5.683293342590332,5.683293342590332,5.608017934079202,5.683293342590332,277800.0
1995-10-27,5.608016033172608,5.645653724670411,5.570378341674805,5.64565372467041,209800.0
1995-10-30,5.570380229823637,5.683293342590332,5.570380229823637,5.683293342590332,169200.0
1995-10-31,5.683290430363392,5.683290430363392,5.608015060424805,5.608015060424805,130600.0
1995-11-01,5.570380677848027,5.608018385130784,5.419829848716999,5.457467555999756,176600.0
1995-11-02,5.4574660431566855,5.645654527403468,4.892900590416339,5.231639862060547,1175600.0
1995-11-03,5.23164176940918,5.23164176940918,4.968177795410156,5.043453216552734,823200.0
1995-11-06,5.043448483502424,5.118723834002459,4.930535457752369,5.081086158752441,796800.0
1995-11-07,5.081090927124023,5.081090927124023,5.005815505981445,5.043453216552734,450600.0
1995-11-08,4.968177795410156,5.043453216552734,4.968177795410156,5.043453216552734,357800.0
1995-11-09,5.0810890746631205,5.231639862060547,5.0810890746631205,5.231639862060547,562600.0
1995-11-10,5.194000768661499,5.269276142120361,5.156363081932068,5.269276142120361,70000.0
1995-11-13,5.34455443734992,5.570380681181606,5.34455443734992,5.495105266571045,431800.0
1995-11-14,5.419826635578334,5.683290430363392,5.419826635578334,5.608015060424805,524000.0
1995-11-15,5.6080183884868875,5.720931510402731,5.495105266571044,5.495105266571045,301000.0
1995-11-16,5.53274297056527,5.53274297056527,5.344554434151485,5.457467555999756,140400.0
1995-11-17,5.457467072539859,5.457467072539859,5.3821916646427574,5.419829368591309,212800.0
1995-11-20,5.457466561743554,5.457466561743554,5.306915760040283,5.306915760040283,133200.0
1995-11-21,5.419827575683594,5.683291416168213,5.419827575683594,5.64565372467041,323600.0
1995-11-22,5.683290430363392,5.683290430363392,5.570377375455511,5.608015060424805,116400.0
1995-11-24,5.608018385130784,5.608018385130784,5.457467555999756,5.457467555999756,60000.0
1995-11-27,5.495102958679199,5.7209291076660165,5.495102958679199,5.64565372467041,369600.0
1995-11-28,5.645652821189479,5.758565877613268,5.645652821189479,5.720928192138672,250800.0
1995-11-29,5.720929271769974,5.984393119812012,5.720929271769974,5.984393119812012,431800.0
1995-11-30,6.022033172399819,6.022033172399819,5.419829855159837,5.532742977142334,922200.0
1995-12-01,5.608021196976207,5.79620982774722,5.608021196976207,5.758572101593018,1010800.0
1995-12-04,5.796204656924842,5.984393119812012,5.758566964347408,5.984393119812012,725400.0
1995-12-05,5.98439452281365,5.98439452281365,5.833843717208275,5.871481418609619,426600.0
1995-12-06,5.871485280055626,5.871485280055626,5.720934375438815,5.758572101593018,612600.0
1995-12-07,5.720928192138672,5.758565877613268,5.6832905066640755,5.720928192138672,565200.0
1995-12-08,5.720934375438815,5.79620982774722,5.720934375438815,5.758572101593018,116400.0
1995-12-11,5.796206455357027,5.796206455357027,5.683293342590332,5.683293342590332,858000.0
1995-12-12,5.645652821189479,5.758565877613268,5.645652821189479,5.720928192138672,1514800.0
1995-12-13,5.7375379689534505,5.7375379689534505,5.662044048309326,5.662044048309326,498600.0
1995-12-14,5.662047540819323,5.662047540819323,5.548806590002936,5.586553573608398,571200.0
1995-12-15,5.662043471085398,5.737537384033203,5.662043471085398,5.737537384033203,531800.0
1995-12-18,5.662047540819323,5.699794524424784,5.511059606397474,5.586553573608398,245000.0
1995-12-19,5.548803167343139,5.662044048309326,5.548803167343139,5.662044048309326,113000.0
1995-12-20,5.586551476788046,5.6997923851013175,5.586551476788046,5.699792385101318,94200.0
1995-12-21,5.51105671064228,5.51105671064228,5.020346181612488,5.322321891784668,242000.0
1995-12-22,5.360070566336313,5.4355645179748535,5.360070566336313,5.4355645179748535,110600.0
1995-12-26,5.473311493794123,5.473311493794123,5.360070566336313,5.4355645179748535,69600.0
1995-12-27,5.4733099937438965,5.4733099937438965,5.435563028269801,5.4733099937438965,90800.0
1995-12-28,5.473312302811506,5.511059284210205,5.435565321412805,5.511059284210205,174800.0
1995-12-29,5.548807433343703,5.850783348083496,5.473313454658754,5.850783348083496,99200.0
1996-01-02,5.775290012359619,5.775290012359619,5.624302038180283,5.775290012359619,377400.0
1996-01-03,5.737537384033203,5.737537384033203,5.662043471085398,5.737537384033203,187000.0
1996-01-04,5.662044048309326,5.699791008631388,5.662044048309326,5.662044048309326,153400.0
1996-01-05,5.624298446225803,5.6997923851013175,5.548804507350289,5.699792385101318,466200.0
1996-01-08,5.699790580160666,5.699790580160666,5.62429666519165,5.62429666519165,25400.0
1996-01-09,5.586549707707143,5.62429666519165,5.586549707707143,5.62429666519165,61600.0
1996-01-10,5.5488040463907735,5.5488040463907735,5.360069214880884,5.397816181182861,200200.0
1996-01-11,5.360069214880884,5.397816181182861,5.360069214880884,5.397816181182861,36800.0
1996-01-12,5.397817542155583,5.473311493794123,5.360070566336313,5.4355645179748535,362400.0
1996-01-15,5.43556314748484,5.511057080088796,5.397816181182861,5.397816181182861,146800.0
1996-01-16,5.435563208351672,5.435563208351672,5.360069274902344,5.360069274902344,248400.0
1996-01-17,5.360067462921143,5.360067462921143,5.284573554992676,5.284573554992676,377200.0
1996-01-18,5.360069214880884,5.397816181182861,5.322322248578906,5.397816181182861,142000.0
1996-01-19,5.322323590517044,5.4355645179748535,5.322323590517044,5.4355645179748535,296800.0
1996-01-22,5.397817542155583,5.548805445432663,5.397817542155583,5.4355645179748535,82800.0
1996-01-23,5.397816428177649,5.397816428177649,5.209081588031577,5.246828556060791,261200.0
1996-01-24,5.2845749280131455,5.397815819327713,5.2845749280131455,5.322321891784668,564600.0
1996-01-25,5.360069214880884,5.43556314748484,5.360069214880884,5.397816181182861,274800.0
1996-01-26,5.43556314748484,5.43556314748484,5.360069214880884,5.397816181182861,54400.0
1996-01-29,5.435563028269801,5.511056959217992,5.397816062795705,5.4733099937438965,92000.0
1996-01-30,5.4733092466990145,5.662044048309326,5.4733092466990145,5.662044048309326,113600.0
1996-01-31,5.62429666519165,5.662043622676158,5.586549707707143,5.62429666519165,70400.0
1996-02-01,5.586554422686177,5.964024316110919,5.586554422686177,5.850783348083496,344800.0
1996-02-02,5.850780262852346,5.850780262852346,5.6620454156635605,5.699792385101318,274400.0
1996-02-05,5.737537384033203,5.813031296981008,5.6997904275593,5.737537384033203,184200.0
1996-02-06,5.6997923851013175,5.737539354539075,5.6620454156635605,5.699792385101318,294400.0
1996-02-07,5.624298446225803,5.6997923851013175,5.624298446225803,5.699792385101318,116400.0
1996-02-08,5.6997923851013175,5.6997923851013175,5.624298446225803,5.699792385101318,325000.0
1996-02-09,5.6997904275593,5.737537384033203,5.662043471085398,5.737537384033203,359200.0
1996-02-12,5.737539638172497,5.813033580780029,5.69979266686873,5.813033580780029,164400.0
1996-02-13,5.775290012359619,5.775290012359619,5.737543018814786,5.775290012359619,278200.0
1996-02-14,5.775290012359619,5.813037005904453,5.6997960252699515,5.775290012359619,54200.0
1996-02-15,5.775286949597873,5.926274843705007,5.737539976071089,5.888527870178223,125400.0
1996-02-16,5.850778253454911,5.850778253454911,5.6997904275593,5.737537384033203,53400.0
1996-02-20,5.662043471085398,5.775284340507105,5.662043471085398,5.737537384033203,41600.0
1996-02-21,5.6997923851013175,5.737539354539075,5.6997923851013175,5.699792385101318,589000.0
1996-02-22,5.737539638172497,5.813033580780029,5.69979266686873,5.813033580780029,574200.0
1996-02-23,5.775290012359619,5.813037005904453,5.737543018814786,5.775290012359619,179600.0
1996-02-26,5.850783348083496,5.88853033742597,5.813036358741022,5.850783348083496,127800.0
1996-02-27,5.813036358741022,5.88853033742597,5.813036358741022,5.850783348083496,257600.0
1996-02-28,5.8885275233875625,5.926274494691329,5.813033580780029,5.813033580780029,142800.0
1996-02-29,5.8885275233875625,5.945147980343212,5.813033580780029,5.813033580780029,114000.0
1996-03-01,5.8885275233875625,5.8885275233875625,5.813033580780029,5.813033580780029,81800.0
1996-03-04,6.605723945573828,6.605723945573828,6.454735969674998,6.567976951599121,1845200.0
1996-03-05,6.530225817547287,6.5679727875909135,6.454731877460036,6.492478847503662,1961600.0
1996-03-06,6.509127616882324,6.546971382096757,6.509127616882324,6.509127616882324,552400.0
1996-03-07,6.5091317385092555,6.584819316864015,6.5091317385092555,6.584819316864014,405800.0
1996-03-08,6.546974182128907,6.546974182128907,6.471286619329729,6.546974182128906,631000.0
1996-03-11,6.546974182128907,6.584817963528495,6.509130400729318,6.546974182128906,198000.0
1996-03-12,6.546974182128907,6.584817963528495,6.546974182128907,6.546974182128906,356400.0
1996-03-13,6.584819316864015,6.622663106041394,6.546975527686635,6.584819316864014,491600.0
1996-03-14,6.584818597567283,6.698349952697754,6.584818597567283,6.698349952697754,535800.0
1996-03-15,6.660508155822754,6.736195748502557,6.660508155822754,6.660508155822754,216600.0
1996-03-18,6.6605070307013685,6.774038400542869,6.6605070307013685,6.736194610595703,198400.0
1996-03-19,6.736194051177808,6.849725411590917,6.736194051177808,6.774037837982178,829800.0
1996-03-20,6.811878141118677,6.849721908569336,6.811878141118677,6.849721908569336,361000.0
1996-03-21,6.811878141118677,6.849721908569336,6.774034373668018,6.849721908569336,687000.0
1996-03-22,6.84972421677558,6.88756799697876,6.8118804365724,6.88756799697876,264600.0
1996-03-25,6.849722931120131,6.849722931120131,6.8118791580200195,6.8118791580200195,260600.0
1996-03-26,6.849721908569336,6.849721908569336,6.811878141118677,6.849721908569336,208600.0
1996-03-27,6.811878141118677,6.849721908569336,6.811878141118677,6.849721908569336,255000.0
1996-03-28,6.8118816247865475,6.849725411590917,6.774037837982178,6.774037837982178,954400.0
1996-03-29,6.774037837982178,6.8118816247865475,6.774037837982178,6.774037837982178,422600.0
1996-04-01,6.774035384919909,6.8118791580200195,6.774035384919909,6.8118791580200195,603800.0
1996-04-02,6.811883341182361,6.811883341182361,6.660508155822754,6.660508155822754,259400.0
1996-04-03,6.6605052723604095,6.6605052723604095,6.4334425926208505,6.43344259262085,196000.0
1996-04-04,6.319910550117492,6.357754325866699,6.055004119873047,6.055004119873047,365800.0
1996-04-08,5.979315892243997,6.055003435183794,5.903628349304199,5.903628349304199,537000.0
1996-04-09,5.941472975219168,6.206379413604736,5.941472975219168,6.206379413604736,183600.0
1996-04-10,6.20637873118509,6.3955975949407335,6.20637873118509,6.319910049438477,104600.0
1996-04-11,6.24422250393622,6.319910049438477,6.24422250393622,6.319910049438477,100200.0
1996-04-12,6.395601581443439,6.660508155822754,6.357757785103537,6.660508155822754,336200.0
1996-04-15,6.660505194413035,6.660505194413035,6.433442517330771,6.471286296844482,195400.0
1996-04-16,6.4334446759451005,6.471288468156542,6.357757091522217,6.357757091522217,103000.0
1996-04-17,6.357757091522217,6.395600883733659,6.357757091522217,6.357757091522217,136600.0
1996-04-18,6.395600370977117,6.584819316864015,6.395600370977117,6.584819316864014,76200.0
1996-04-19,6.584816519419353,6.8118791580200195,6.584816519419353,6.8118791580200195,109200.0
1996-04-22,6.8118765561477,6.96325159072876,6.698345280211905,6.96325159072876,111600.0
1996-04-23,6.9632555573851205,6.9632555573851205,6.84972421677558,6.88756799697876,123000.0
1996-04-24,6.849722064951415,7.038940906524659,6.849722064951415,7.038940906524658,55200.0
1996-04-25,7.114629674840856,7.152473449707031,6.963254575376157,7.152473449707031,130400.0
1996-04-26,7.152472628629144,7.152472628629144,7.0389413170636015,7.076785087585449,197200.0
1996-04-29,7.0010993375883,7.0010993375883,6.88756799697876,6.88756799697876,44000.0
1996-04-30,6.8497224644543655,7.114628858107296,6.811878693932518,7.076785087585449,128800.0
1996-05-01,7.00109713821001,7.038940906524659,6.9254096015807125,7.038940906524658,194600.0
1996-05-02,7.0389413170636015,7.114628858107296,7.0389413170636015,7.076785087585449,85000.0
1996-05-03,7.114630076759741,7.266005184775905,7.114630076759741,7.190317630767822,65200.0
1996-05-06,7.190318430463472,7.303849774102369,7.190318430463472,7.266005992889404,216800.0
1996-05-07,7.266005184775905,7.303848961779946,7.190317630767823,7.190317630767822,306400.0
1996-05-08,7.190317224573206,7.228160999439381,7.0767858999746815,7.152473449707031,298800.0
1996-05-09,7.190317630767823,7.228161407771864,7.114630076759741,7.190317630767822,127800.0
1996-05-10,7.190317630767823,7.266005184775905,7.190317630767823,7.190317630767822,23200.0
1996-05-13,7.190317514780405,7.190317514780405,7.0010986328125,7.0010986328125,131000.0
1996-05-14,7.038942409206081,7.038942409206081,6.963254856418919,7.0010986328125,45800.0
1996-05-15,6.963255001547558,6.963255001547558,6.8497236700005875,6.925411224365234,379200.0
1996-05-16,6.9254096015807125,7.076784674839307,6.887565833266064,7.038940906524658,253800.0
1996-05-17,7.0767862997557,7.190317630767823,7.038942522751658,7.190317630767822,194200.0
1996-05-20,7.190317630767823,7.190317630767823,7.0767862997557,7.190317630767822,218000.0
1996-05-21,7.190316332147477,7.228160102316674,7.076785021639885,7.114628791809082,224800.0
1996-05-22,7.114628791809082,7.152472561978279,7.076785021639885,7.114628791809082,194200.0
1996-05-23,7.190316332147477,7.303847642655068,7.114628791809082,7.114628791809082,148600.0
1996-05-24,7.114628791809082,7.190316332147477,7.076785021639885,7.114628791809082,177400.0
1996-05-28,7.0767862997557,7.190317630767823,7.038942522751658,7.190317630767822,66200.0
1996-05-29,7.114628280723951,7.114628280723951,6.849721908569336,6.849721908569336,50000.0
1996-05-30,6.849724433325619,6.849724433325619,6.546974182128907,6.546974182128906,123200.0
1996-05-31,6.6226602925194635,6.8118791580200195,6.546972746319241,6.8118791580200195,279000.0
1996-06-03,6.811882190490036,6.811882190490036,6.698350820648535,6.736194610595703,224800.0
1996-06-04,6.698351952162655,6.698351952162655,6.546976766803048,6.660508155822754,105400.0
1996-06-05,6.698348561271293,6.963255001547558,6.622661006906645,6.925411224365234,145800.0
1996-06-06,6.88756799697876,6.925411777181941,6.84972421677558,6.88756799697876,246800.0
1996-06-07,6.8118804365724,6.925411777181941,6.77403665636922,6.88756799697876,289800.0
1996-06-10,6.887569198395287,6.925412985199657,6.698350264373438,6.774037837982178,158400.0
1996-06-11,6.77403611563594,6.925411224365234,6.736192338453616,6.925411224365234,74000.0
1996-06-12,6.866234087682032,6.94210407760117,6.828299092722463,6.904169082641602,112800.0
1996-06-13,6.94210407760117,6.94210407760117,6.866234087682032,6.904169082641602,92400.0
1996-06-14,6.904166624281141,6.904166624281141,6.7903616799248585,6.828296661376953,32000.0
1996-06-17,6.790365893732417,6.828300898725336,6.638625873760743,6.676560878753662,115600.0
1996-06-18,6.71449171702067,6.828296661376952,6.71449171702067,6.828296661376953,139800.0
1996-06-19,6.828296661376952,6.866231642829047,6.7903616799248585,6.828296661376953,58600.0
1996-06-20,6.7903616799248585,6.828296661376952,6.7903616799248585,6.828296661376953,43600.0
1996-06-21,6.790363255193679,6.828298245446157,6.714493274688722,6.714493274688721,116200.0
1996-06-24,6.714493274688722,6.771395760067439,6.6765582844362426,6.714493274688721,94600.0
1996-06-25,6.752430888739499,6.752430888739499,6.600690868767825,6.676560878753662,105800.0
1996-06-26,6.448944757675984,6.486879726838784,6.373074819350384,6.411009788513184,245800.0
1996-06-27,6.411015236299802,6.411015236299802,5.804055213928223,5.804055213928223,258000.0
1996-06-28,5.766116860794694,5.879921798836695,5.538506984710693,5.538506984710693,228600.0
1996-07-01,5.614377770647907,5.7661177103951475,5.614377770647907,5.652312755584717,503400.0
1996-07-02,5.652312755584718,5.652312755584718,5.614377770647907,5.652312755584717,176200.0
1996-07-03,5.690248489379883,5.690248489379883,5.652313499450684,5.690248489379883,47400.0
1996-07-05,5.500573198516648,5.8419880867004395,5.424703223364694,5.8419880867004395,43600.0
1996-07-08,5.804054212885977,5.804054212885977,5.690249228319585,5.728184223175049,121800.0
1996-07-09,5.690247740521527,5.728182725458337,5.652312755584718,5.652312755584717,69200.0
1996-07-10,5.614377222904543,5.614377222904543,5.500572279197018,5.576442241668701,57800.0
1996-07-11,5.576442241668701,5.614377222904543,5.53850726043286,5.576442241668701,135200.0
1996-07-12,5.462637350592815,5.462637350592815,5.386767387390137,5.386767387390137,477200.0
1996-07-15,5.310898513245068,5.386768492005712,5.2350285344844245,5.272963523864746,100800.0
1996-07-16,5.3488343281853465,5.3488343281853465,4.8556793901257045,5.04535436630249,145200.0
1996-07-17,5.121222834550697,5.235027786429601,4.893612930792888,4.969482898712158,246000.0
1996-07-18,4.931547914752523,5.007417882671793,4.855677946833254,4.969482898712158,652400.0
1996-07-19,4.89361446244376,4.969484454109555,4.741874479112171,4.779809474945068,138000.0
1996-07-22,4.779809381141037,4.817744376229458,4.6280694007873535,4.6280694007873535,750200.0
1996-07-23,4.666003583859997,4.85567852629333,4.476328641426663,4.51426362991333,309000.0
1996-07-24,4.438396239280701,4.590136281649272,4.400461228688558,4.552201271057129,529000.0
1996-07-25,4.552198618399997,4.62806859537333,4.3625236759666635,4.51426362991333,493200.0
1996-07-26,4.514264103025198,4.893614027649164,4.514264103025198,4.855679035186768,259600.0
1996-07-29,4.893609950619359,4.969479872334388,4.703935146331787,4.703935146331787,180800.0
1996-07-30,4.666003816709744,4.81774377822876,4.666003816709744,4.81774377822876,95000.0
1996-07-31,4.817743739085411,5.1591586497292585,4.779808749013872,5.083288669586182,169800.0
1996-08-01,5.1591586497292585,5.1591586497292585,5.083288669586182,5.083288669586182,417200.0
1996-08-02,5.045351611650907,5.121221560698289,4.931546688079834,4.931546688079834,330000.0
1996-08-05,4.931547914752523,4.969482898712158,4.893612930792888,4.969482898712158,260200.0
1996-08-06,4.969484375831776,5.04535436630249,4.931549380596419,5.04535436630249,565600.0
1996-08-07,5.12122365965772,5.1591586497292585,5.045353679514642,5.083288669586182,466600.0
1996-08-08,5.045353679514642,5.12122365965772,5.007418689443104,5.083288669586182,482200.0
1996-08-09,5.045353530967322,5.310898453649813,5.045353530967322,5.197093486785889,191000.0
1996-08-12,5.235030208315169,5.386770214353289,5.197095206805638,5.3109002113342285,282200.0
1996-08-13,5.272963464695171,5.272963464695171,5.159158497831247,5.197093486785889,131200.0
1996-08-14,5.1212239265441895,5.462638854980469,5.1212239265441895,5.462638854980469,432800.0
1996-08-15,5.34883358001709,5.766118469238282,5.34883358001709,5.690248489379883,161200.0
1996-08-16,5.652313499450684,5.690248489379883,5.652313499450684,5.690248489379883,140400.0
1996-08-19,5.652311922752694,5.652311922752694,5.5005720053633596,5.538506984710693,192800.0
1996-08-20,5.538508568610345,5.538508568610345,5.386768607826499,5.424703598022461,273800.0
1996-08-21,5.462638470766356,5.462638470766356,5.272963523864746,5.272963523864746,376600.0
1996-08-22,5.31089667732834,5.386766629861602,5.31089667732834,5.348831653594971,175400.0
1996-08-23,5.348833617630538,5.424703598022461,5.348833617630538,5.424703598022461,192800.0
1996-08-26,5.34883350262539,5.34883350262539,5.272963523864746,5.272963523864746,63600.0
1996-08-27,5.272965655810591,5.348835665246715,5.235030651092529,5.235030651092529,1167400.0
1996-08-28,5.272963523864746,5.310898513245068,5.2350285344844245,5.272963523864746,37400.0
1996-08-29,5.272964337714632,5.272964337714632,5.04535436630249,5.04535436630249,134600.0
1996-08-30,5.007420251535815,5.007420251535815,4.893615245819092,4.893615245819092,163600.0
1996-09-03,4.931549380596419,5.159159352008561,4.893614385361062,5.04535436630249,116400.0
1996-09-04,5.121221542358398,5.197091491134078,5.045351593582718,5.121221542358398,111800.0
1996-09-05,5.007416619194878,5.159156516746238,4.969481644807038,5.121221542358398,144400.0
1996-09-06,5.083289665334365,5.19709465784185,5.0453546678318695,5.1591596603393555,55000.0
1996-09-09,5.159158497831247,5.272963464695171,5.083288519921964,5.197093486785889,98200.0
1996-09-10,5.197094570506703,5.2729645642367275,5.007419586181641,5.007419586181641,188400.0
1996-09-11,5.045354583046653,5.083289579911665,4.931549592451615,5.007419586181641,34400.0
1996-09-12,4.9525592891314565,5.0287525089642475,4.9144626792150605,4.990655899047852,477600.0
1996-09-13,4.9906558990478525,4.9906558990478525,4.9144626792150605,4.990655899047852,208000.0
1996-09-16,4.990655718427716,5.104945544040564,4.990655718427716,5.028752326965332,198600.0
1996-09-17,4.990655718427716,5.066848935502948,4.9525591098901,5.028752326965332,165800.0
1996-09-18,4.9525591098901,5.143042152578181,4.9525591098901,5.028752326965332,137200.0
1996-09-19,5.066847841556256,5.104944441868708,4.8763648399939905,4.9525580406188965,67600.0
1996-09-20,4.876365892814867,5.066848935502948,4.876365892814867,5.028752326965332,125200.0
1996-09-23,4.990653341787833,5.143039703369141,4.990653341787833,5.143039703369141,44600.0
1996-09-24,5.104945544040564,5.104945544040564,4.990655718427716,5.028752326965332,132800.0
1996-09-25,5.028753014171825,5.2573326966341805,5.028753014171825,5.1811394691467285,157200.0
1996-09-26,5.143043421264878,5.143043421264878,5.066850185394287,5.066850185394287,30800.0
1996-09-27,5.104945244548989,5.295428276062012,5.104945244548989,5.295428276062012,228000.0
1996-09-30,5.295426702847446,5.295426702847446,5.219233512878418,5.219233512878418,92600.0
1996-10-01,5.219236664005093,5.447816371917725,5.219236664005093,5.447816371917725,85800.0
1996-10-02,5.447816467285156,5.524009704589844,5.409719848632812,5.524009704589844,86000.0
1996-10-03,5.447814701272429,5.447814701272429,5.219235063456803,5.295428276062012,107800.0
1996-10-04,5.295428276062012,5.409718094969825,5.219235063456803,5.295428276062012,74600.0
1996-10-07,5.295426702847446,5.295426702847446,5.104943727924876,5.219233512878418,127600.0
1996-10-08,5.181139846346272,5.219236462863524,5.066849996794516,5.104946613311768,142800.0
1996-10-09,5.104946803329582,5.143043421264878,5.028753567458991,5.066850185394287,44000.0
1996-10-10,5.104946803329582,5.181140039200173,5.066850185394287,5.066850185394287,40000.0
1996-10-11,5.066850185394287,5.143043421264878,5.066850185394287,5.066850185394287,103200.0
1996-10-14,5.066849996794516,5.143043229829019,5.066849996794516,5.104946613311768,100000.0
1996-10-15,5.181140039200173,5.181140039200173,5.066850185394287,5.066850185394287,108000.0
1996-10-16,5.143042855403002,5.1811394691467285,5.104946241659277,5.1811394691467285,31800.0
1996-10-17,5.181140039200173,5.181140039200173,5.066850185394287,5.066850185394287,30200.0
1996-10-18,5.066846522578486,5.143039703369141,5.0287499321831595,5.143039703369141,56800.0
1996-10-21,5.066848695278168,5.1049453020095825,4.838269054889679,4.876365661621094,56600.0
1996-10-22,4.876365540519593,4.876365540519593,4.762075723163665,4.800172328948975,136600.0
1996-10-23,4.8001730986467495,4.8763663224347935,4.723979874858706,4.8382697105407715,221800.0
1996-10-24,4.838269054889679,4.876365661621094,4.800172448158264,4.876365661621094,136600.0
1996-10-25,4.838268934734284,4.914462146304903,4.800172328948975,4.800172328948975,550200.0
1996-10-28,4.7620768547058105,4.87636669921875,4.7620768547058105,4.7620768547058105,122200.0
1996-10-29,4.800172448158264,4.9144622683525085,4.800172448158264,4.876365661621094,64000.0
1996-10-30,4.876365661621094,4.952558875083923,4.838269054889679,4.876365661621094,45400.0
1996-10-31,4.8382707566253895,4.990657237149024,4.8382707566253895,4.914463996887207,122200.0
1996-11-01,4.87636709571781,5.066850185394287,4.8382704777825145,5.066850185394287,48200.0
1996-11-04,4.990656763760012,5.143043229829019,4.914463530725508,5.104946613311768,47600.0
1996-11-05,5.143042338713435,5.143042338713435,4.9906558990478525,4.990655899047852,70600.0
1996-11-06,5.0287525089642475,5.0668491188806435,4.9525592891314565,4.990655899047852,109800.0
1996-11-07,4.9525591098901,5.066848935502948,4.9335108056212915,5.028752326965332,199200.0
1996-11-08,5.028753567458991,5.066850185394287,4.9525603315884,5.066850185394287,102400.0
1996-11-11,5.028753014171825,5.219236082890454,5.028753014171825,5.1811394691467285,144800.0
1996-11-12,5.333523684985017,5.562103271484375,5.295427087235124,5.562103271484375,161600.0
1996-11-13,5.524009607888602,5.524009607888602,5.371623135946847,5.447816371917725,225000.0
1996-11-14,5.40972003671858,5.524009896649255,5.37162341674169,5.485913276672363,101000.0
1996-11-15,5.485913276672363,5.524009896649255,5.40972003671858,5.485913276672363,64000.0
1996-11-18,5.485910075984589,5.600199869234268,5.409716880484803,5.562103271484375,100800.0
1996-11-19,5.562103271484375,5.600199869234268,5.5240066737344815,5.562103271484375,110400.0
1996-11-20,5.524009896649255,5.562106516626146,5.447816656695472,5.485913276672363,143200.0
1996-11-21,5.485913276672363,5.485913276672363,5.40972003671858,5.485913276672363,89000.0
1996-11-22,5.485911310935507,5.60020112991333,5.447814704609566,5.60020112991333,126000.0
1996-11-25,5.562103271484375,5.63829646698416,5.562103271484375,5.562103271484375,113000.0
1996-11-26,5.562106323242187,5.600202941894531,5.4859130859375,5.524009704589844,149400.0
1996-11-27,5.524009704589844,5.562106323242187,5.371623229980468,5.524009704589844,82800.0
1996-11-29,5.600202941894531,5.638299560546875,5.4859130859375,5.524009704589844,33800.0
1996-12-02,5.485909745499894,5.638296127319336,5.485909745499894,5.638296127319336,37400.0
1996-12-03,5.600199531864475,5.676392722774196,5.600199531864475,5.638296127319336,66600.0
1996-12-04,5.6382976786295576,5.71449089050293,5.6382976786295576,5.71449089050293,53800.0
1996-12-05,5.752585913683917,5.752585913683917,5.524006340954754,5.638296127319336,124200.0
1996-12-06,5.562103271484375,5.600199869234268,5.371620282734909,5.562103271484375,100600.0
1996-12-09,5.6002010726928715,5.752587496439616,5.524007860819499,5.71449089050293,57800.0
1996-12-10,5.71449289196416,5.828782749803443,5.638299653404638,5.790686130523682,121600.0
1996-12-11,5.71449317184149,5.82878303527832,5.6763965506958804,5.82878303527832,107000.0
1996-12-12,5.773722171783447,5.81195874245751,5.620775889087198,5.773722171783447,71200.0
1996-12-13,5.697247145059225,5.697247145059225,5.467827796936035,5.467827796936035,220400.0
1996-12-16,5.506067027216372,5.506067027216372,5.20017441459324,5.276647567749023,133600.0
1996-12-17,5.238406509823269,5.276643053690592,5.161933422088623,5.161933422088623,123200.0
1996-12-18,5.1619356915466765,5.1619356915466765,4.817806645443565,5.08546257019043,291000.0
1996-12-19,5.123697189435567,5.582535743713379,5.085460643245749,5.582535743713379,277200.0
1996-12-20,5.506065421268858,5.659011682970771,5.506065421268858,5.544301986694336,167200.0
1996-12-23,5.506064354956567,5.506064354956567,5.391354680894971,5.467827796936035,82400.0
1996-12-24,5.467828040500339,5.467828040500339,5.238408682157668,5.314881801605225,91200.0
1996-12-26,5.35311812287444,5.467827796936035,5.35311812287444,5.467827796936035,75800.0
1996-12-27,5.467827736491889,5.467827736491889,5.391354621296198,5.429591178894043,106400.0
1996-12-30,5.391353338956833,5.544299532969793,5.391353338956833,5.506062984466553,220400.0
1996-12-31,5.46782885584338,5.735484813821727,5.429592290417902,5.544301986694336,115400.0
1997-01-02,5.544302385616926,5.850194931030273,5.467829249263589,5.850194931030273,158600.0
1997-01-03,5.8119567616780605,5.8119567616780605,5.659010531107585,5.735483646392822,118000.0
1997-01-06,5.6972486583236,6.041377771913616,5.6972486583236,5.850194931030273,199200.0
1997-01-07,5.850193440914154,5.850193440914154,5.773720324039459,5.811956882476807,73800.0
1997-01-08,5.773721592538308,5.773721592538308,5.697248458862305,5.697248458862305,79400.0
1997-01-09,5.697249030435323,5.773722171783447,5.620775889087198,5.773722171783447,89200.0
1997-01-10,5.735485226500268,5.850194931030273,5.735485226500268,5.850194931030273,104600.0
1997-01-13,5.811956882476807,5.850193440914154,5.773720324039459,5.811956882476807,61800.0
1997-01-14,5.850194931030273,5.850194931030273,5.773721794676937,5.850194931030273,139000.0
1997-01-15,5.811956882476807,5.811956882476807,5.811956882476807,5.811956882476807,92200.0
1997-01-16,5.81195874245751,5.81195874245751,5.735485601109385,5.773722171783447,63600.0
1997-01-17,5.773720204035441,5.8119567616780605,5.735483646392822,5.735483646392822,111600.0
1997-01-20,5.773720204035441,5.773720204035441,5.659010531107585,5.735483646392822,41800.0
1997-01-21,5.697247088750204,5.773720204035441,5.697247088750204,5.735483646392822,69400.0
1997-01-22,5.735485601109385,5.773722171783447,5.697249030435323,5.773722171783447,74000.0
1997-01-23,5.735483646392822,5.8119567616780605,5.697247088750204,5.735483646392822,74200.0
1997-01-24,5.735485226500268,5.850194931030273,5.735485226500268,5.850194931030273,36400.0
1997-01-27,5.81195815937631,5.850194726214313,5.697248458862305,5.697248458862305,76400.0
1997-01-28,5.697249030435323,5.81195874245751,5.697249030435323,5.773722171783447,75800.0
1997-01-29,5.773721592538308,5.773721592538308,5.697248458862305,5.697248458862305,124800.0
1997-01-30,5.735483765602112,5.926666557788849,5.735483765602112,5.811956882476807,151000.0
1997-01-31,5.773720204035441,5.773720204035441,5.697247088750204,5.735483646392822,160600.0
1997-02-03,5.735485226500268,5.964904635560279,5.735485226500268,5.850194931030273,161000.0
1997-02-04,5.8501953131315725,5.8501953131315725,5.697249030435323,5.773722171783447,131800.0
1997-02-05,5.735483765602112,5.8884299993515015,5.735483765602112,5.811956882476807,104600.0
1997-02-06,5.850193319320679,5.888429876963298,5.735483646392822,5.735483646392822,36400.0
1997-02-07,5.773720033707158,5.926666259765625,5.735483477192541,5.926666259765625,54200.0
1997-02-10,5.926665717905218,6.003138823942704,5.8501926118677305,5.888429164886475,39600.0
1997-02-11,5.811955168440535,5.888428262762121,5.659008979797363,5.659008979797363,104600.0
1997-02-12,5.697246399792758,6.079611929980191,5.697246399792758,5.888429164886475,263800.0
1997-02-13,5.888429164886475,5.926665717905218,5.869310888377103,5.888429164886475,91600.0
1997-02-14,5.888429703251008,5.926666259765625,5.811956590221774,5.926666259765625,102800.0
1997-02-18,5.811956058848987,6.003138823942704,5.811956058848987,5.888429164886475,101000.0
1997-02-19,5.888429703251008,6.003139372794859,5.888429703251008,5.926666259765625,161400.0
1997-02-20,5.926666259765625,5.964902816280242,5.926666259765625,5.926666259765625,100200.0
1997-02-21,5.926664899557065,5.964901447296143,5.8884283518179865,5.964901447296143,98000.0
1997-02-24,5.964902589905937,6.0796122550964355,5.811956369651938,6.0796122550964355,90800.0
1997-02-25,6.0796122550964355,6.0796122550964355,5.964902589905937,6.0796122550964355,94000.0
1997-02-26,6.041377771913616,6.041377771913616,5.773721794676937,5.850194931030273,118800.0
1997-02-27,5.811958362853606,5.964904635560279,5.773721794676937,5.850194931030273,84600.0
1997-02-28,5.811960402567675,6.079616473738555,5.735487239375995,6.003143310546875,304000.0
1997-03-03,6.003143310546875,6.041379892142714,5.964906728951035,6.003143310546875,247800.0
1997-03-04,6.041377067565918,6.041377067565918,5.964903940128375,6.041377067565918,162000.0
1997-03-05,5.964906728951035,6.041379892142714,5.964906728951035,6.003143310546875,109000.0
1997-03-06,6.024629079378569,6.024629079378569,5.986255645751953,5.986255645751953,131400.0
1997-03-07,5.9478822121253385,5.986255645751953,5.9478822121253385,5.986255645751953,121000.0
1997-03-10,5.986255645751953,6.024629079378569,5.909508778498723,5.986255645751953,115400.0
1997-03-11,5.986253834977934,6.063000679016113,5.947880412958845,6.063000679016113,140400.0
1997-03-12,6.024629079378569,6.024629079378569,5.9478822121253385,5.986255645751953,160400.0
1997-03-13,5.947881430387497,6.139748573303223,5.947881430387497,6.139748573303223,256000.0
1997-03-14,6.0630029269627155,6.0630029269627155,5.9095091819763175,5.909509181976318,194600.0
1997-03-17,5.909512027416354,5.947885482139837,5.832765117969388,5.871138572692871,139800.0
1997-03-18,5.871138572692871,5.909512027416354,5.7560182085224225,5.871138572692871,157400.0
1997-03-19,5.909510536699106,5.909510536699106,5.679269866438102,5.7943902015686035,139800.0
1997-03-20,5.7560147465886295,5.794388178232554,5.679267883300781,5.679267883300781,92000.0
1997-03-21,5.67926896245856,5.871136157136215,5.602522084587499,5.832762718200684,175600.0
1997-03-24,5.756013870239258,5.756013870239258,5.679267018636067,5.756013870239258,215000.0
1997-03-25,5.717640444437662,5.8327607218424475,5.717640444437662,5.756013870239258,31000.0
1997-03-26,5.756015840329622,5.909509596071746,5.564148645651969,5.832762718200684,129000.0
1997-03-27,5.794387296040853,5.871134147644042,5.756013870239258,5.756013870239258,82000.0
1997-03-31,5.7176440945872065,5.832764445484935,5.487403392791748,5.487403392791748,88600.0
1997-04-01,5.52577458595743,5.679268324456248,5.52577458595743,5.640894889831543,50600.0
1997-04-02,5.679270644287963,5.832764445484935,5.487403392791748,5.487403392791748,104200.0
1997-04-03,5.487401045031017,5.564147912793689,5.449027611149682,5.5257744789123535,40600.0
1997-04-04,5.5257744789123535,5.5257744789123535,5.372280743387011,5.5257744789123535,85800.0
1997-04-07,5.525773139849101,5.602519989013672,5.449026290684531,5.602519989013672,73400.0
1997-04-08,5.4874007250811605,5.679267883300781,5.4874007250811605,5.679267883300781,86800.0
1997-04-09,5.679267883300781,5.717641314944705,5.640894451656857,5.679267883300781,92400.0
1997-04-10,5.640894451656857,5.717641314944705,5.564147588369009,5.679267883300781,55600.0
1997-04-11,5.717641314944705,5.7560147465886295,5.640894451656857,5.679267883300781,108800.0
1997-04-14,5.67926896245856,5.832762718200684,5.64089552352303,5.832762718200684,201200.0
1997-04-15,5.7560147465886295,5.7560147465886295,5.640894451656857,5.679267883300781,70400.0
1997-04-16,5.640893592834472,5.8327607218424475,5.640893592834472,5.756013870239258,84800.0
1997-04-17,5.756015082200368,5.756015082200368,5.5257744789123535,5.5257744789123535,65600.0
1997-04-18,5.602521346675025,5.602521346675025,5.5257744789123535,5.5257744789123535,79400.0
1997-04-21,5.5257733481270925,5.5257733481270925,5.372279644012451,5.372279644012451,172800.0
1997-04-22,5.410652866102245,5.640893413595958,5.372279441519959,5.602519989013672,211600.0
1997-04-23,5.756017020050908,5.756017020050908,5.449029445648193,5.449029445648193,114400.0
1997-04-24,5.449027611149682,5.564147912793689,5.449027611149682,5.5257744789123535,101000.0
1997-04-25,5.487402892448533,5.487402892448533,5.372282552047515,5.449029445648193,23200.0
1997-04-28,5.449029942492505,5.525776843090991,5.449029942492505,5.487403392791748,93600.0
1997-04-29,5.487403392791748,5.525776843090991,5.4106564921932625,5.487403392791748,48400.0
1997-04-30,5.4490289417564455,5.525775828260057,5.372282055252833,5.410655498504639,129200.0
1997-05-01,5.449029445648193,5.449029445648193,5.333909105247176,5.449029445648193,88800.0
1997-05-02,5.487399846915431,5.717640399932861,5.487399846915431,5.717640399932861,105000.0
1997-05-05,5.679266974429956,5.794387250938671,5.640893548927051,5.717640399932861,130800.0
1997-05-06,5.717641314944705,5.717641314944705,5.602521020012933,5.679267883300781,42400.0
1997-05-07,5.6792668381782425,5.6792668381782425,5.602519989013672,5.602519989013672,56200.0
1997-05-08,5.564146564431386,5.698453550469385,5.564146564431386,5.602519989013672,57800.0
1997-05-09,5.679267883300781,5.679267883300781,5.602521020012933,5.679267883300781,53000.0
1997-05-12,5.717640399932861,5.717640399932861,5.602520123424146,5.717640399932861,79800.0
1997-05-13,5.564146697921241,5.717640399932861,5.564146697921241,5.717640399932861,167400.0
1997-05-14,5.717641314944705,5.7560147465886295,5.640894451656857,5.679267883300781,98000.0
1997-05-15,5.640894334069614,5.679267764913625,5.564147472381592,5.564147472381592,53400.0
1997-05-16,5.5641480205821345,5.640894889831543,5.5641480205821345,5.640894889831543,112200.0
1997-05-19,5.640894889831543,5.640894889831543,5.602521455206839,5.640894889831543,77600.0
1997-05-20,5.679267018636067,5.756013870239258,5.679267018636067,5.756013870239258,108800.0
1997-05-21,5.717640444437662,5.756013870239258,5.6025201670328775,5.756013870239258,235400.0
1997-05-22,5.756013825435766,5.756013825435766,5.679266974429956,5.717640399932861,112000.0
1997-05-23,5.717641314944705,5.717641314944705,5.640894451656857,5.679267883300781,40000.0
1997-05-27,5.640894451656857,5.717641314944705,5.640894451656857,5.679267883300781,45200.0
1997-05-28,5.640894451656857,5.7560147465886295,5.640894451656857,5.679267883300781,143000.0
1997-05-29,5.717640444437662,5.756013870239258,5.717640444437662,5.756013870239258,79200.0
1997-05-30,5.717640444437662,5.756013870239258,5.640893592834472,5.756013870239258,44800.0
1997-06-02,5.6792668381782425,5.717640262760528,5.602519989013672,5.602519989013672,131600.0
1997-06-03,5.602521455206839,5.7560151937056565,5.5641480205821345,5.640894889831543,121600.0
1997-06-04,5.602519989013672,5.717640262760528,5.564146564431386,5.602519989013672,135400.0
1997-06-05,5.602520123424146,5.717640399932861,5.602520123424146,5.717640399932861,261400.0
1997-06-06,5.717640399932861,5.756013825435766,5.717640399932861,5.717640399932861,105400.0
1997-06-09,5.717640399932861,5.794387250938671,5.717640399932861,5.717640399932861,179200.0
1997-06-10,5.717640399932861,5.756013825435766,5.679266974429956,5.717640399932861,489400.0
1997-06-11,5.756016756525103,5.832763646612104,5.717643311481603,5.7943902015686035,81400.0
1997-06-12,5.815959426248149,6.162606014567576,5.815959426248149,6.047057151794434,588000.0
1997-06-13,5.970023173206258,6.16260456589033,5.970023173206258,6.124088287353516,275400.0
1997-06-16,6.085572008816701,6.16260456589033,6.047055730279887,6.124088287353516,126800.0
1997-06-17,6.085569252997088,6.27815055847168,6.0085367308072515,6.27815055847168,163600.0
1997-06-18,6.23963737487793,6.278153654969769,6.162604814694252,6.23963737487793,126400.0
1997-06-19,6.201120596897753,6.316669427895848,6.085571765899658,6.085571765899658,147200.0
1997-06-20,6.1240885346024125,6.23963737487793,6.1240885346024125,6.23963737487793,102800.0
1997-06-23,6.12408641258382,6.27815147956706,6.12408641258382,6.2011189460754395,230800.0
1997-06-24,6.162604814694252,6.297411795015688,6.162604814694252,6.23963737487793,69200.0
1997-06-25,6.258893980608358,6.278152115933306,5.9315056800842285,5.9315056800842285,173200.0
1997-06-26,5.970022484660149,6.374443362653255,5.970022484660149,6.162603855133057,318600.0
1997-06-27,6.181860412250865,6.3551836013793945,6.181860412250865,6.3551836013793945,229200.0
1997-06-30,6.470732578537938,6.624797639931699,6.335925649818399,6.489990711212158,340600.0
1997-07-01,6.489993234927004,6.894414178349756,6.412960674275052,6.778865337371826,170600.0
1997-07-02,6.7788653530917315,7.009963035583495,6.7788653530917315,7.009963035583496,374200.0
1997-07-03,7.009961852610437,7.086994400441321,7.009961852610437,7.048478126525879,223800.0
1997-07-07,7.125510093144008,7.125510093144008,6.701831114632743,6.740347385406494,192400.0
1997-07-08,6.77886488172743,6.971446270412868,6.740348603990342,6.932929992675781,132000.0
1997-07-09,6.932928739275251,6.932928739275251,6.644056708472116,6.740347385406494,198800.0
1997-07-10,6.7788655771374025,6.894414422202244,6.759607436293262,6.817381858825684,77200.0
1997-07-11,6.759607436293262,6.836639999669823,6.721091154604982,6.817381858825684,40600.0
1997-07-14,6.817380543133355,6.9136712287708315,6.721089857495878,6.798122406005859,110600.0
1997-07-15,6.817381617697803,6.875156038186767,6.778865337371826,6.778865337371826,467800.0
1997-07-16,6.79812223579968,7.086994285479553,6.7788640991543545,7.0677361488342285,216800.0
1997-07-17,7.048479674595544,7.048479674595544,6.9329308274710275,6.952188968658447,71200.0
1997-07-18,6.990704030050359,7.067736581345679,6.7210901005167365,6.836638927459717,115200.0
1997-07-21,6.836640828167163,6.913673400878906,6.817382684989227,6.913673400878906,82800.0
1997-07-22,6.875155448913573,6.8944135874259365,6.798122894864122,6.875155448913574,64400.0
1997-07-23,6.95218873221027,7.009963153807584,6.932930591677831,6.9907050132751465,65800.0
1997-07-24,7.164028157244672,7.337351419113494,6.875156054129967,7.009963035583496,232200.0
1997-07-25,7.08699509267057,7.08699509267057,6.798123010088888,6.855897426605225,102800.0
1997-07-28,6.817382684989227,6.913673400878906,6.740350112277485,6.913673400878906,180400.0
1997-07-29,6.952187684567078,7.086994647979736,6.932929546936699,7.086994647979736,79000.0
1997-07-30,7.067739106754568,7.2218042643949945,7.009964672639408,7.202546119689941,157800.0
1997-07-31,7.202544463177523,7.414384006212155,7.202544463177523,7.395125865936279,136400.0
1997-08-01,7.356610414579317,7.452901126812031,7.337352272132774,7.414384841918945,113000.0
1997-08-04,7.452896962460783,7.4721550941467285,7.375864435717003,7.4721550941467285,155200.0
1997-08-05,7.452899677546944,7.452899677546944,7.318092706635243,7.337350845336914,66400.0
1997-08-06,7.24106273202921,7.3758697509765625,7.202546440901395,7.3758697509765625,277200.0
1997-08-07,7.35660982131958,7.395126103106594,7.318093539532566,7.35660982131958,155400.0
1997-08-08,7.318089962005615,7.375864356442502,7.279573699047691,7.318089962005615,96800.0
1997-08-11,7.318092706635243,7.3758671227402575,7.318092706635243,7.337350845336914,118400.0
1997-08-12,7.337353243435725,7.3758695334275135,7.260320663452148,7.260320663452148,89800.0
1997-08-13,7.260318290530227,7.39512526144193,7.260318290530227,7.337350845336914,150000.0
1997-08-14,7.35660982131958,7.375867962213087,7.318093539532566,7.35660982131958,330800.0
1997-08-15,7.337350101470947,7.356608238220215,7.183285007476806,7.221801280975342,129800.0
1997-08-18,7.260317768830917,7.260317768830917,7.048478258334524,7.106252670288086,91800.0
1997-08-19,7.067736168113359,7.1640268516026415,7.029219894717645,7.144768714904785,265600.0
1997-08-20,7.164029830279834,7.2988368432152075,7.144771685574781,7.202546119689941,216200.0
1997-08-21,7.1640268516026415,7.183284988300498,7.086994304811215,7.144768714904785,127000.0
1997-08-22,7.067737350515003,7.183286190032959,6.81738153155943,7.183286190032959,188600.0
1997-08-25,7.183284988300498,7.260317535091924,7.125510578206928,7.144768714904785,46800.0
1997-08-26,7.125513540869728,7.241062409100048,7.106255396164674,7.202546119689941,156000.0
1997-08-27,7.125512361526489,7.260319352149963,7.086996078491211,7.241061210632324,152400.0
1997-08-28,7.241060968347497,7.241060968347497,7.067737700488116,7.12551212310791,259200.0
1997-08-29,7.144771740940085,7.568450927734375,7.144771740940085,7.568450927734375,351200.0
1997-09-02,7.8188012796005015,8.030640723136475,7.568445573603441,7.587703704833984,400000.0
1997-09-03,7.587707757949829,8.03064501285553,7.587707757949829,8.01138687133789,301200.0
1997-09-04,8.011383581512977,8.126932383169413,7.818802245418914,7.83806037902832,140400.0
1997-09-05,7.83806037902832,7.857318512637726,7.7610278445906955,7.83806037902832,230400.0
1997-09-08,7.915093672477592,8.126933162495241,7.915093672477592,7.953609943389893,403000.0
1997-09-09,7.972868463069059,8.049901008605957,7.915094053916384,8.049901008605957,159200.0
1997-09-10,8.049901630177217,8.223224871018353,8.049901630177217,8.184708595275879,105000.0
1997-09-11,8.135238647460938,8.154562254699561,8.115915040222312,8.135238647460938,277000.0
1997-09-12,8.154565069410536,8.347801208496094,8.13524145550198,8.347801208496094,137200.0
1997-09-15,8.347798167408763,8.405768988015769,8.289827346801758,8.289827346801758,341400.0
1997-09-16,8.347802847142033,8.405773700247186,8.347802847142033,8.36712646484375,227000.0
1997-09-17,8.405773700247186,8.425097317948904,8.328479229440315,8.36712646484375,290600.0
1997-09-18,8.36712482240465,8.425095664130316,8.328477594587538,8.347801208496094,242000.0
1997-09-19,8.405769691910855,8.405769691910855,8.270504432500795,8.309151649475098,289800.0
1997-09-22,8.28983063045068,8.347801474020265,8.28983063045068,8.32847785949707,340400.0
1997-09-23,8.30915339378339,8.328477006327073,8.231858943608662,8.251182556152344,198400.0
1997-09-24,8.251182924514698,8.251182924514698,8.096594017263838,8.15456485748291,311600.0
1997-09-25,8.193210082434714,8.251180908489676,8.115915647694763,8.231857299804688,260200.0
1997-09-26,8.251180290892684,8.289827505369933,8.115915040222312,8.135238647460938,136000.0
1997-09-29,8.115916421227421,8.21253447386108,8.077269200173957,8.173887252807617,320000.0
1997-09-30,8.135243503390708,8.212537978482306,7.729447509159818,7.787418365478516,565000.0
1997-10-01,7.806736761821066,8.019296426128074,7.806736761821066,7.999972820281982,209800.0
1997-10-02,8.057944218506439,8.27050389813131,8.01929700402919,8.135238647460938,135400.0
1997-10-03,8.154566466808319,8.193213701248169,8.03862476348877,8.03862476348877,104600.0
1997-10-06,8.038620433168548,8.154562074031556,8.038620433168548,8.07726764678955,124200.0
1997-10-07,8.03862476348877,8.03862476348877,7.99997752904892,8.03862476348877,130200.0
1997-10-08,7.980650901794433,8.03862173158955,7.884032852135904,7.980650901794434,84000.0
1997-10-09,7.942004203796387,7.9999750374007395,7.874371564591308,7.942004203796387,51200.0
1997-10-10,7.903356813916973,7.999974867876839,7.74876792758119,7.884033203125,76600.0
1997-10-13,7.884033697114574,8.05794620513916,7.884033697114574,8.05794620513916,104000.0
1997-10-14,7.94200599854251,8.01930046081543,7.94200599854251,8.01930046081543,67000.0
1997-10-15,7.9420021462269785,8.135238208178974,7.90335493383658,8.096590995788574,33400.0
1997-10-16,8.05794856257555,8.154566650855832,7.922683238983154,7.922683238983154,69800.0
1997-10-17,7.864705160668961,7.884028760572325,7.5168803624084175,7.748763561248779,92400.0
1997-10-20,7.671473107715644,7.806738376617431,7.594178668343194,7.806738376617432,145200.0
1997-10-21,7.729444118461223,7.729444118461223,7.632826066980458,7.652149677276611,151400.0
1997-10-22,7.594178668343194,7.806738376617431,7.536207838813857,7.806738376617432,50400.0
1997-10-23,7.729443937244981,7.806738376617431,7.632825888029419,7.806738376617432,62200.0
1997-10-24,7.729441762263417,7.8647069931030265,7.613500135829466,7.864706993103027,63800.0
1997-10-27,7.826063517910545,7.826063517910545,7.188384268303019,7.20770788192749,66200.0
1997-10-28,6.859879769776997,7.34296989440918,6.76326174485056,7.34296989440918,186400.0
1997-10-29,7.381623139514875,7.594182968139649,7.285005035594523,7.594182968139648,89400.0
1997-10-30,7.516885371918374,7.516885371918374,7.246354792980437,7.265678405761719,78200.0
1997-10-31,7.265678110810899,7.497561454772949,7.227030886817224,7.497561454772949,82600.0
1997-11-03,7.5362082088694855,7.884033203125001,7.420266544117648,7.884033203125,88600.0
1997-11-04,7.806737139745412,7.806737139745412,7.555530251585287,7.613501071929932,98200.0
1997-11-05,7.555531625795846,7.652149677276611,7.458913574315081,7.652149677276611,82400.0
1997-11-06,7.613499962578702,7.613499962578702,7.420263922919344,7.516881942749023,186200.0
1997-11-07,7.458915499897746,7.478239115182455,7.34297380818949,7.439591884613037,65600.0
1997-11-10,7.458916395517591,7.536210865937462,7.4395927779126225,7.478240013122559,118000.0
1997-11-11,7.439590618782437,7.5362086787666245,7.439590618782437,7.497561454772949,17800.0
1997-11-12,7.497564432159343,7.497564432159343,7.285004615783691,7.285004615783691,79400.0
1997-11-13,7.36229749286876,7.400944723802454,7.22703218460083,7.22703218460083,47800.0
1997-11-14,7.2270310312041435,7.497561604564726,7.2270310312041435,7.381619930267334,77800.0
1997-11-17,7.323647719819832,7.57485463369228,7.323647719819832,7.555531024932861,80400.0
1997-11-18,7.55553448354243,7.574858101147398,7.458916395517591,7.478240013122559,58000.0
1997-11-19,7.478239115182455,7.555533576321292,7.420268269328327,7.439591884613037,49200.0
1997-11-20,7.400938762988236,7.74876356124878,7.400938762988236,7.748763561248779,84600.0
1997-11-21,7.826057960862234,7.864705160668961,7.7101163614420525,7.748763561248779,40800.0
1997-11-24,7.690797574741325,7.690797574741325,7.497561454772949,7.497561454772949,64400.0
1997-11-25,7.574858101147398,7.594181718752366,7.400945542702687,7.478240013122559,264200.0
1997-11-26,7.458914756774902,7.594180050291546,7.420267530055861,7.458914756774902,63800.0
1997-11-28,7.458909804821014,7.806734614372253,7.458909804821014,7.729440212249756,20400.0
1997-12-01,7.652152237525353,7.690799471048209,7.536210536956787,7.536210536956787,432400.0
1997-12-02,7.458913574315081,7.690796897868918,7.381619133130468,7.652149677276611,102400.0
1997-12-03,7.690796752818848,7.999974511726139,7.671473142887143,7.980650901794434,169800.0
1997-12-04,7.942003380810772,7.980650599208878,7.826061725616454,7.826061725616455,205600.0
1997-12-05,7.826061725616454,7.884032553213613,7.806738116417401,7.826061725616455,143600.0
1997-12-08,7.826061986460544,7.826061986460544,7.787414766774319,7.806738376617432,46400.0
1997-12-09,7.80673436095887,7.80673436095887,7.74876356124878,7.748763561248779,67000.0
1997-12-10,7.729441898508478,7.787412712747292,7.574853060538309,7.710118293762207,183400.0
1997-12-11,7.621689009423158,7.8156251165331625,7.602295398712158,7.602295398712158,137600.0
1997-12-12,7.602290785221188,7.796226774640096,7.582897186279297,7.582897186279297,153800.0
1997-12-15,7.544112535814444,7.60229335228602,7.408357297380765,7.447144508361816,512600.0
1997-12-16,7.408357297380765,7.641080563267072,7.291995664437612,7.447144508361816,2432600.0
1997-12-17,7.447143397380396,7.58289861556181,7.447143397380396,7.524717807769775,43800.0
1997-12-18,7.544108315518028,7.6022890994423316,7.369565963745118,7.369565963745117,133000.0
1997-12-19,7.291995531752026,7.3501763471649415,7.233814716339111,7.233814716339111,365800.0
1997-12-22,7.291994576601637,7.5247178077697745,7.291994576601637,7.524717807769775,73600.0
1997-12-23,7.408353153027987,7.50532112623516,7.369565963745118,7.369565963745117,79200.0
1997-12-24,7.40835585901814,7.485930265918855,7.214419841766357,7.214419841766357,160600.0
1997-12-26,7.253207524617514,7.427749951680502,7.253207524617514,7.388962745666504,20600.0
1997-12-29,7.447140887341341,7.641076847949188,7.447140887341341,7.544108867645264,66600.0
1997-12-30,7.544115558747322,7.83501975767074,7.544115558747322,7.81562614440918,92200.0
1997-12-31,7.854409554865971,7.9125903663834976,7.408356666564941,7.408356666564941,177800.0
1998-01-02,7.408356664087864,7.466537475585937,7.253207833426338,7.4665374755859375,119800.0
1998-01-05,7.427750267920556,7.5053246832513185,7.350175852589793,7.4665374755859375,180800.0
1998-01-06,7.46653393695229,7.485927531593725,7.214417206613642,7.369565963745117,675200.0
1998-01-07,7.330782742027303,7.3501763471649415,7.233814716339111,7.233814716339111,114600.0
1998-01-08,7.195026236174876,7.330781448178175,7.156239032745361,7.156239032745361,68600.0
1998-01-09,7.214418171504356,7.214418171504356,6.923514212975955,6.942907810211182,67800.0
1998-01-12,6.865334534448041,7.117451339385398,6.710185731409667,7.039876937866211,127600.0
1998-01-13,7.0204855531126595,7.0786663726135926,6.981698340112037,7.059272766113281,138200.0
1998-01-14,7.03987740258039,7.117451809220395,6.768366979340375,6.865334987640381,479800.0
1998-01-15,6.942910039084298,6.981697246006557,6.768367607934135,6.787761211395264,263400.0
1998-01-16,6.807156562805176,6.845943779687257,6.787762954364136,6.807156562805176,132000.0
1998-01-20,6.826547784320378,6.904122190960383,6.7489733776803735,6.865334987640381,158400.0
1998-01-21,6.865335625239781,6.865335625239781,6.690793194089617,6.787761211395264,109200.0
1998-01-22,6.787762491182349,6.787762491182349,6.6907944555940295,6.7489752769470215,67800.0
1998-01-23,6.748973042465919,6.748973042465919,6.613217837588731,6.671398639678955,145800.0
1998-01-26,6.55503891919715,6.632613344276407,6.516251706657522,6.613219738006592,147200.0
1998-01-27,6.574429711278646,6.729578495025635,6.574429711278646,6.729578495025635,207000.0
1998-01-28,6.807156209494078,7.001092283838638,6.807156209494078,6.962305068969727,253800.0
1998-01-29,6.962303642545428,7.098058866773333,6.7101867975507465,6.787761211395264,179200.0
1998-01-30,6.768366979340375,7.001090199260388,6.652005369380369,6.865334987640381,243400.0
1998-02-02,6.904121735207634,7.117451339385398,6.865334534448041,7.039876937866211,174800.0
1998-02-03,7.0786663726135926,7.0786663726135926,7.0204855531126595,7.059272766113281,176400.0
1998-02-04,7.059272766113281,7.0786663726135926,6.962304733611726,7.059272766113281,249000.0
1998-02-05,7.020485066078805,7.175633907318115,7.001091460923891,7.175633907318115,79600.0
1998-02-06,7.195026554918419,7.291994567787939,7.098058542048898,7.117452144622803,118400.0
1998-02-09,7.117451833140465,7.253207045216714,7.0204838245145735,7.214419841766357,79600.0
1998-02-10,7.233814722782857,7.2919955382475985,7.175633907318115,7.175633907318115,76400.0
1998-02-11,7.156236422689338,7.447140342310856,7.156236422689338,7.369565963745117,166600.0
1998-02-12,7.350175855047415,7.4277502704041165,7.311388647369065,7.408356666564941,195400.0
1998-02-13,7.350172042846681,7.427746417969073,7.311384855285484,7.35017204284668,50400.0
1998-02-17,7.311384855285484,7.408352824188475,7.311384855285484,7.35017204284668,59200.0
1998-02-18,7.311391830444335,7.388966279573718,7.291998218161989,7.311391830444336,71000.0
1998-02-19,7.29199504352989,7.447143874243292,7.29199504352989,7.408356666564941,113000.0
1998-02-20,7.38896369189024,7.485931719342867,7.350176480909188,7.447144508361816,134000.0
1998-02-23,7.447140887341341,7.563502463706049,7.408353695219771,7.544108867645264,83600.0
1998-02-24,7.485931081921642,7.485931081921642,7.350175855047415,7.408356666564941,122600.0
1998-02-25,7.3501761839351545,7.447144207469919,7.25320816040039,7.253208160400391,206800.0
1998-02-26,7.214417734611923,7.602289655827619,7.214417734611923,7.544108867645264,142400.0
1998-02-27,7.505326729554397,7.58290116603558,7.4665395113138056,7.563507556915283,73200.0
1998-03-02,7.544109988395515,7.7574395767563145,7.505322790511734,7.582897186279297,150400.0
1998-03-03,7.544107241630554,7.912585487365722,7.5247136497497555,7.757436752319336,1159800.0
1998-03-04,7.718652378872533,7.718652378872533,7.447141993686062,7.582897186279297,152600.0
1998-03-05,7.563501910159463,7.757437856573808,7.46653393695229,7.738044261932373,289600.0
1998-03-06,7.679865994030917,7.81562120099611,7.6216851910458345,7.660472393035889,141200.0
1998-03-09,7.718657377112003,7.8738062691142545,7.582902096610034,7.621689319610596,92400.0
1998-03-10,7.58289442539215,7.815617527961731,7.544107241630554,7.757436752319336,92200.0
1998-03-11,7.718652248382568,7.738045846996595,7.505322663628276,7.718652248382568,362200.0
1998-03-12,7.7466802741907825,7.766144294980206,7.688288211822511,7.68828821182251,50600.0
1998-03-13,7.668822765350342,7.707750799692222,7.610430713837522,7.668822765350342,37000.0
1998-03-16,7.746685887092987,7.882934131338342,7.7077578173086,7.844006061553955,80800.0
1998-03-17,7.863461966514587,7.863461966514587,7.668821818828582,7.7856059074401855,52600.0
1998-03-18,7.7466793060302725,7.824535379457712,7.727215287673413,7.746679306030273,60600.0
1998-03-19,7.727213863134383,7.843997951745987,7.688285833597183,7.7856059074401855,129200.0
1998-03-20,7.746685887092987,7.8634700964461475,7.7077578173086,7.844006061553955,143000.0
1998-03-23,7.785610161205329,7.96078638983245,7.746682110399303,7.863466262817383,131800.0
1998-03-24,7.960790614383977,7.999718685847958,7.785614292796065,7.980254650115967,161600.0
1998-03-25,7.9413262360149215,8.077574480260276,7.688293782416407,7.844006061553955,1958800.0
1998-03-26,7.882930355648551,7.9802504834960635,7.707754125523027,7.727218151092529,92600.0
1998-03-27,7.668827507230971,7.7272195948494815,7.513115273581612,7.7077555656433105,150400.0
1998-03-30,7.766141892671585,7.921854010820389,7.707749848365784,7.7856059074401855,102800.0
1998-03-31,7.84400223741437,7.980250415235463,7.766146135802316,7.863466262817383,91400.0
1998-04-01,7.70775586060615,7.980252279920508,7.70775586060615,7.960788249969482,236400.0
1998-04-02,8.019181187336262,8.155429411392946,7.941325059303871,8.097037315368652,134000.0
1998-04-03,8.058105026974397,8.135961114191542,7.921856874344395,7.941320896148682,117200.0
1998-04-06,7.921854010820389,7.941318025588989,7.766141892671585,7.7856059074401855,82000.0
1998-04-07,7.766146202231535,7.785610227801038,7.513113869828001,7.727218151092529,143400.0
1998-04-08,7.746678825625755,7.805070877075194,7.61043070557706,7.805070877075195,91200.0
1998-04-09,7.785610227801038,7.960786457926561,7.707754125523027,7.727218151092529,245600.0
1998-04-13,7.707752213442236,7.824536337888331,7.68828819270122,7.766144275665283,21800.0
1998-04-14,7.746684801231311,8.038645283689778,7.746684801231311,8.019181251525879,84000.0
1998-04-15,7.960786380296871,8.019178456435968,7.882930278778075,7.882930278778076,78600.0
1998-04-16,7.863466253398377,7.902394304157775,7.824538202638979,7.882930278778076,80400.0
1998-04-17,7.882934471456016,7.980254650115967,7.882934471456016,7.980254650115967,45000.0
1998-04-20,7.9997138815411075,8.038641929626465,7.882929737285033,8.038641929626465,132800.0
1998-04-21,8.019176027457702,8.019176027457702,7.843999852100616,7.9023919105529785,179600.0
1998-04-22,7.882933026378595,8.038645283689778,7.882933026378595,8.019181251525879,49800.0
1998-04-23,7.980254305799308,7.980254305799308,7.785613956877374,7.844006061553955,139200.0
1998-04-24,7.727215287673413,7.882927434528293,7.707751269316553,7.746679306030273,141600.0
1998-04-27,7.7466788340341015,7.7466788340341015,7.668822765350342,7.668822765350342,144400.0
1998-04-28,7.688291536437141,7.805075711674161,7.590971390406291,7.7077555656433105,64000.0
1998-04-29,7.707751269316553,7.863463416171433,7.668823232602833,7.746679306030273,106800.0
1998-04-30,7.766143324387133,7.941319489598873,7.707751269316553,7.746679306030273,150800.0
1998-05-01,7.746678825625755,7.805070877075194,7.746678825625755,7.805070877075195,72000.0
1998-05-04,7.785606852913371,7.941318989971639,7.707750784384237,7.9218549728393555,92000.0
1998-05-05,7.824541732555128,7.824541732555128,7.590973322628109,7.649365425109863,230400.0
1998-05-06,7.629900455474853,7.805076741442388,7.6104364237006825,7.6299004554748535,103400.0
1998-05-07,7.6104364237006825,7.727220614345706,7.571508360152341,7.6299004554748535,35000.0
1998-05-08,7.629895195889113,7.824535379457712,7.629895195889113,7.746679306030273,91200.0
1998-05-11,7.727216234183252,7.766144275665283,7.590968088996141,7.766144275665283,72000.0
1998-05-12,7.746677877902984,7.7856059074401855,7.610429774522781,7.7856059074401855,57400.0
1998-05-13,7.785608721714393,7.980248939757253,7.785608721714393,7.941320896148682,70200.0
1998-05-14,7.921858339026422,7.921858339026422,7.785610161205329,7.863466262817383,44600.0
1998-05-15,7.863462928524635,7.921854979974076,7.785606859925381,7.805070877075195,38600.0
1998-05-18,7.824534894225009,7.863462928524635,7.746678825625755,7.805070877075195,89800.0
1998-05-19,7.844004070263329,7.960788249969483,7.785611980410252,7.960788249969482,136800.0
1998-05-20,8.019177905583787,8.058105953669145,7.960785833455749,8.038641929626465,253400.0
1998-05-21,8.038640046941822,8.135960144362425,7.882927891068857,7.9023919105529785,156800.0
1998-05-22,7.902391910552978,7.941319949521219,7.863463871584736,7.9023919105529785,51000.0
1998-05-26,7.902395857705011,7.902395857705011,7.688291536437141,7.7077555656433105,69000.0
1998-05-27,7.7466837887962665,7.7466837887962665,7.435259314874808,7.47418737411499,86800.0
1998-05-28,7.47418737411499,7.610435581455628,7.435259314874808,7.47418737411499,82600.0
1998-05-29,7.513109687667886,7.61042976134234,7.493645672932995,7.571501731872559,95000.0
1998-06-01,7.571507026622822,7.785611338429637,7.493650913238525,7.493650913238525,124800.0
1998-06-02,7.532576554829312,7.668824709567827,7.435256444301801,7.5520405769348145,99600.0
1998-06-03,7.513117369410263,7.513117369410263,7.396333161595596,7.45472526550293,90600.0
1998-06-04,7.415792422196299,7.552040576934814,7.318472311668788,7.5520405769348145,64000.0
1998-06-05,7.5520400662965415,7.688288211822511,7.435255941559998,7.68828821182251,32600.0
1998-06-08,7.688288713050315,7.688288713050315,7.376864360116631,7.6104326248168945,70400.0
1998-06-09,7.610436503585303,7.610436503585303,7.357404087865076,7.532580375671387,138600.0
1998-06-10,7.474183092619244,7.532575148030332,7.396327018737793,7.396327018737793,25800.0
1998-06-11,7.326773578120816,7.365849703870794,7.111854886495939,7.26815938949585,105400.0
1998-06-12,7.34630722672972,7.34630722672972,6.916470101761492,7.1313886642456055,153600.0
1998-06-15,7.170468876841312,7.170468876841312,7.072778565167725,7.092316627502441,100600.0
1998-06-16,7.072778496495384,7.2095449315104885,7.05324043435037,7.170468807220459,105800.0
1998-06-17,7.150930261611938,7.190006383260091,6.936011592547099,7.0337018966674805,812400.0
1998-06-18,6.916472620813758,6.916472620813758,6.721092038304895,6.818782329559326,148400.0
1998-06-19,6.662481173872948,6.994628329168666,6.662481173872948,6.877399921417236,245400.0
1998-06-22,6.818786333089541,6.955552821145778,6.721095984477943,6.85786247253418,79400.0
1998-06-23,6.916472620813758,7.01416291206819,6.7992442713084404,6.818782329559326,178800.0
1998-06-24,6.760168023790632,6.877396371023996,6.760168023790632,6.838320255279541,118600.0
1998-06-25,6.760171513665806,7.111856736920096,6.760171513665806,6.877399921417236,157000.0
1998-06-26,6.936011655946796,6.955549716949464,6.760169106922793,6.955549716949463,123600.0
1998-06-29,6.955552821145778,7.014167030312737,6.760172123922582,6.85786247253418,88400.0
1998-06-30,6.877397402150097,7.0337018885626,6.740630976539158,6.89693546295166,156400.0
1998-07-01,6.975088383124126,7.2486212608936995,6.975088383124126,7.209545135498047,197600.0
1998-07-02,7.111856613977346,7.287699222564697,7.033704343494078,7.287699222564697,192400.0
1998-07-06,7.229083782715323,7.463540554046631,7.209545718437714,7.463540554046631,181400.0
1998-07-07,7.424464425491413,7.48307861832424,7.404926361213804,7.463540554046631,60600.0
1998-07-08,7.483078056573867,7.815225124359131,7.444001930952072,7.815225124359131,229000.0
1998-07-09,7.795687347421866,7.834763474476612,7.580768648620762,7.639382839202881,335200.0
1998-07-10,7.737075184666833,7.737075184666833,7.424466086296456,7.561232566833496,120600.0
1998-07-13,7.5026183102857615,7.5416944473185,7.30723762512207,7.30723762512207,75400.0
1998-07-14,7.268159665288152,7.365849983369983,7.190007410822688,7.22908353805542,39800.0
1998-07-15,7.248621601671786,7.268159665288152,7.190007410822688,7.22908353805542,38400.0
1998-07-16,7.2095449315104885,7.2876971800905475,7.111854620785414,7.170468807220459,147200.0
1998-07-17,7.209545474439055,7.268159665288152,7.190007410822688,7.22908353805542,61000.0
1998-07-20,7.248621601671786,7.307235792520885,7.1313932199735905,7.22908353805542,167200.0
1998-07-21,7.131392200787862,7.150930261611938,6.877397410074869,7.0337018966674805,144400.0
1998-07-22,6.994626535925754,6.994626535925754,6.721093654632568,6.721093654632568,179200.0
1998-07-23,6.721095468806125,6.799247741699219,6.603867059466483,6.799247741699219,172000.0
1998-07-24,6.760168101182624,6.799244217374431,6.467097229744072,6.5452494621276855,220600.0
1998-07-27,6.525709629058838,6.564785734622065,6.2912529956794785,6.525709629058838,75800.0
1998-07-28,6.506174983623966,6.545251109651737,6.291256290471222,6.310794353485107,326000.0
1998-07-29,6.369409843727395,6.388947910732694,6.330333709716798,6.330333709716797,88200.0
1998-07-30,6.349871776722096,6.408485977737993,6.271719508700901,6.330333709716797,168800.0
1998-07-31,6.310795864241023,6.330333931932172,6.017724848873793,6.037262916564941,257600.0
1998-08-03,6.056800009329108,6.310794848430006,6.017723880236662,6.174028396606445,151800.0
1998-08-04,6.1349502407037875,6.291254705435094,6.017721892155308,6.193564414978027,305800.0
1998-08-05,6.1154158613689455,6.134953931213575,5.959111302611912,6.0763397216796875,164400.0
1998-08-06,6.056801508634519,6.095877647399902,5.959111161721058,6.095877647399902,90400.0
1998-08-07,6.095874407276603,6.506173646227913,6.095874407276603,6.291254997253418,169400.0
1998-08-10,6.349871524822749,6.349871524822749,6.193566994980959,6.232643127441406,172600.0
1998-08-11,6.154491855547978,6.154491855547978,5.861420814807598,6.095877647399902,110400.0
1998-08-12,6.134953348753882,6.2326436887021925,5.959110736846924,5.959110736846924,70200.0
1998-08-13,5.978644839787888,6.017720949851861,5.705112069340076,5.763726234436035,343400.0
1998-08-14,5.744188179404049,5.861416509595968,5.587883739148157,5.763726234436035,179600.0
1998-08-17,5.783266755723461,5.822342882451323,5.685576438903809,5.685576438903809,157800.0
1998-08-18,5.685578106222926,5.783268451690674,5.646501968035826,5.783268451690674,116400.0
1998-08-19,5.763729035037837,5.880957422191149,5.666038712410078,5.705114841461182,121000.0
1998-08-20,5.666038712410078,5.705114841461182,5.626962583358973,5.705114841461182,95800.0
1998-08-21,5.685577166977749,5.685577166977749,5.255739717927885,5.451120376586914,132600.0
1998-08-24,5.705116265656932,5.939573098492149,5.705116265656932,5.900496959686279,367200.0
1998-08-25,5.939572762017234,6.017725035201671,5.880958557128906,5.880958557128906,256000.0
1998-08-26,5.861419479318913,5.880957544249976,5.822343349456787,5.822343349456787,323800.0
1998-08-27,5.822342463902065,5.822342463902065,5.4706573486328125,5.4706573486328125,208000.0
1998-08-28,5.470659918818913,5.607426416789386,5.470659918818913,5.509736061096191,163400.0
1998-08-31,5.470657419537966,5.490195481750602,5.23620067298634,5.255738735198975,228200.0
1998-09-01,5.255740592445152,5.431583214497221,5.255740592445152,5.392507076263428,169800.0
1998-09-02,5.392505903685221,5.548810422632618,5.392505903685221,5.490196228027344,214800.0
1998-09-03,5.490196228027344,5.529272357764193,5.43158203342207,5.490196228027344,187000.0
1998-09-04,5.490195410592216,5.529271534511022,5.45111928667341,5.4706573486328125,55400.0
1998-09-08,5.470657679769728,5.68557637433211,5.470657679769728,5.626962184906006,157800.0
1998-09-09,5.607424617237892,5.626962682106317,5.490196228027344,5.490196228027344,219400.0
1998-09-10,5.509733472551619,5.607423782348633,5.4706573486328125,5.4706573486328125,123400.0
1998-09-11,5.498940352852463,5.5382184982299805,5.4596622074749455,5.5382184982299805,87400.0
1998-09-14,5.5774930119514465,5.6560492515563965,5.5774930119514465,5.6560492515563965,118800.0
1998-09-15,5.695329720541935,5.852442264556885,5.656051584538197,5.852442264556885,221000.0
1998-09-16,5.852442211929373,5.9309984832304385,5.852442211929373,5.872081279754639,289600.0
1998-09-17,5.832799515481722,5.8524385710894045,5.754243293050992,5.793521404266357,125000.0
1998-09-18,5.852442850937715,5.852442850937715,5.675691221211408,5.813164710998535,223200.0
1998-09-21,5.773886571059356,5.813164710998535,5.734608431120177,5.813164710998535,151800.0
1998-09-22,5.793525008453574,5.872081279754639,5.793525008453574,5.872081279754639,244200.0
1998-09-23,5.8917196173416935,6.0881102712530835,5.8917196173416935,5.97027587890625,306400.0
1998-09-24,5.970276618880971,6.009554754531504,5.832803144104107,5.872081279754639,225400.0
1998-09-25,5.852442264556885,5.911359468562491,5.832803196555016,5.852442264556885,166600.0
1998-09-28,5.852441563134307,5.950636891374815,5.754246234893799,5.754246234893799,120000.0
1998-09-29,5.754246234893799,5.7935243661900016,5.734607169245697,5.754246234893799,103400.0
1998-09-30,5.773886769316918,5.930999334468399,5.734608628029047,5.911360263824463,88800.0
1998-10-01,5.852440650418679,6.480890653148202,5.852440650418679,6.32377815246582,274200.0
1998-10-02,6.323776940065979,6.323776940065979,6.166664469505334,6.225581645965576,73000.0
1998-10-05,6.147027467426501,6.147027467426501,5.8917196173416935,5.97027587890625,133600.0
1998-10-06,6.009556351333368,6.147029862638379,5.970278205246221,5.989917278289795,46000.0
1998-10-07,5.852439821920088,6.0881085395813,5.69532734347928,6.088108539581299,125600.0
1998-10-08,6.009555486532358,6.127389907836914,5.85244292479295,6.127389907836914,93400.0
1998-10-09,6.127387526612845,6.323778152465821,6.088109401442249,6.32377815246582,71800.0
1998-10-12,6.323780986154156,6.323780986154156,6.048833986756149,6.16666841506958,84200.0
1998-10-13,6.2059432240602606,6.225582284895895,5.852440129018853,5.9506354331970215,149600.0
1998-10-14,5.970276070239028,6.284501126567398,5.970276070239028,6.264862060546875,92000.0
1998-10-15,6.284500027295225,6.363056277636416,6.186304714368737,6.32377815246582,192200.0
1998-10-16,6.36305387576897,6.638000648178741,6.36305387576897,6.559444427490234,95000.0
1998-10-19,6.539807843874736,6.598725031657391,6.520168781280518,6.520168781280518,103200.0
1998-10-20,6.539805372318108,6.598722537834488,6.461249151629603,6.559444427490234,116000.0
1998-10-21,6.402336651728703,6.520171068631686,6.304141304309551,6.382697582244873,215200.0
1998-10-22,6.343418598175049,6.441613932512124,6.304140464440219,6.343418598175049,179400.0
1998-10-23,6.323778727650643,6.353237324208021,6.264861534535885,6.284500598907471,76200.0
1998-10-26,6.24522190212463,6.323778152465821,6.205943776954035,6.32377815246582,58400.0
1998-10-27,6.3237794799569205,6.382696680080743,5.950637212506047,6.363057613372803,162200.0
1998-10-28,6.402334985136986,6.402334985136986,6.2452224701642995,6.284500598907471,70600.0
1998-10-29,6.284501126567398,6.284501126567398,6.205944862485305,6.264862060546875,59400.0
1998-10-30,6.245225227856245,6.284503373943391,5.931000059159075,5.989917278289795,174200.0
1998-11-02,6.029191924380017,6.166665355880538,6.029191924380017,6.048830986022949,141000.0
1998-11-03,6.088111346940902,6.127389484663102,5.989916002635404,6.107750415802002,136200.0
1998-11-04,6.127389484663102,6.2255848289686,6.048833209218703,6.107750415802002,208600.0
1998-11-05,6.107749835370829,6.1863061033498745,6.068471701381306,6.147027969360352,78400.0
1998-11-06,6.127389907836914,6.284502469576322,6.04883362696721,6.127389907836914,87800.0
1998-11-09,6.166665793236791,6.186304856272577,6.068470478057861,6.068470478057861,94800.0
1998-11-10,6.048834919150359,6.048834919150359,6.009556770324707,6.009556770324707,108600.0
1998-11-11,6.048831459861132,6.264861154856172,5.970275207135662,6.245222091674805,106000.0
1998-11-12,6.2844997257381285,6.5005294038103765,6.048830986022948,6.048830986022949,153400.0
1998-11-13,6.0881085395813,6.147025718996602,6.0291913601659965,6.088108539581299,109000.0
1998-11-16,6.048834919150359,6.166669365627313,5.970278621499055,6.009556770324707,294400.0
1998-11-17,6.029192351986289,6.088109541093647,5.970275162878932,6.068470478057861,45600.0
1998-11-18,6.048831415022075,6.068470478057861,5.9309970368073595,6.068470478057861,47800.0
1998-11-19,6.048833209218703,6.186306691246401,6.029194140357603,6.107750415802002,134800.0
1998-11-20,6.127389983625601,6.127389983625601,5.89172113810154,5.930999279022217,53400.0
1998-11-23,5.989916772599433,6.16666841506958,5.9702777012138615,6.16666841506958,117400.0
1998-11-24,6.166667841933061,6.225585050613951,6.00955528545069,6.029194355010986,86600.0
1998-11-25,5.989913240555794,6.0881085395813,5.930996061140491,6.088108539581299,55400.0
1998-11-27,6.068469479776199,6.127386659191501,6.068469479776199,6.088108539581299,9800.0
1998-11-30,6.08811108057931,6.127389216583047,5.734607856545672,5.852442264556885,157000.0
1998-12-01,5.813164910604788,6.029194687688074,5.813164910604788,5.911360263824463,97400.0
1998-12-02,5.950636891374815,5.950636891374815,5.734607169245697,5.754246234893799,87400.0
1998-12-03,5.734605491161346,5.793522670865059,5.6560492515563965,5.6560492515563965,74000.0
1998-12-04,5.577496716720423,5.734609300290012,5.577496716720423,5.675692081451416,142000.0
1998-12-07,5.675687070620262,5.81316045987404,5.577491792581849,5.793521404266357,51800.0
1998-12-08,5.7542475010897665,5.891720990876894,5.7542475010897665,5.813164710998535,213600.0
1998-12-09,5.832802864221426,5.891720064870127,5.538216860977919,5.6167731285095215,623200.0
1998-12-10,5.616774788985016,5.695331079740051,5.518579425541222,5.5382184982299805,99200.0
1998-12-11,5.530316949748307,5.530316949748307,5.411810157967985,5.490814685821533,74200.0
1998-12-14,5.490812946979264,5.490812946979264,5.2142971870594454,5.2537994384765625,118200.0
1998-12-15,5.293301788441864,5.451310797052069,5.056288275526557,5.392057418823242,203600.0
1998-12-16,5.392058258056641,5.471062774658203,5.2439247894287115,5.431560516357422,286800.0
1998-12-17,5.411806640364611,5.787077903747559,5.372304402113774,5.787077903747559,320400.0
1998-12-18,5.826583913287277,6.320362211023487,5.806832781377828,6.28085994720459,395800.0
1998-12-21,6.261104472945718,6.7153801918029785,6.162348881889792,6.7153801918029785,178600.0
1998-12-22,6.735132230372587,6.75488335128277,6.4783676585402015,6.537621021270752,220000.0
1998-12-23,6.537621502692883,6.695630481609931,6.162350177764892,6.162350177764893,112800.0
1998-12-24,6.201855875963082,6.517874009770118,6.201855875963082,6.438869476318359,98200.0
1998-12-28,6.438869988954103,6.7153858780502915,6.41911885401866,6.577127933502197,63400.0
1998-12-29,6.722857837677002,7.145552492141723,6.702729520797729,7.044910907745361,86200.0
1998-12-30,7.04490624222101,7.246189277713039,7.024777938671806,7.18580436706543,132000.0
1998-12-31,7.185804556545459,7.6487555503845215,7.185804556545459,7.6487555503845215,146400.0
1999-01-04,7.60850382718173,7.789658680209866,7.346835706141088,7.749402046203613,226800.0
1999-01-05,7.729273037647638,7.78965798325426,7.6487597768388085,7.668888092041016,151000.0
1999-01-06,7.60850042277716,7.709141962760985,7.407217342809511,7.628628730773926,137000.0
1999-01-07,7.5883681242131,7.668881313859924,7.085160688920454,7.306571960449219,114000.0
1999-01-08,7.346837592648936,7.44747920350714,7.2461959817907315,7.326709270477295,137800.0
1999-01-11,7.346831158451412,7.56824250843214,7.346831158451412,7.4072160720825195,74600.0
1999-01-12,7.246187068214101,7.467598339742866,7.226058770802395,7.306571960449219,177400.0
1999-01-13,7.246188385845864,7.407214794420216,7.185803482630481,7.346829891204834,53600.0
1999-01-14,7.286451063372872,7.286451063372872,7.08516788482666,7.08516788482666,88600.0
1999-01-15,7.085163158840603,7.246189594268799,7.02477824555503,7.246189594268799,52200.0
1999-01-19,7.20593384407662,7.548115060136125,7.20593384407662,7.447473526000977,102400.0
1999-01-20,7.447473502290841,7.447473502290841,7.286447048187256,7.286447048187256,130200.0
1999-01-21,7.326706734872462,7.487733256518011,7.226065158843994,7.226065158843994,48800.0
1999-01-22,7.306571960449219,7.6286247190365115,7.246187068214101,7.306571960449219,104800.0
1999-01-25,7.26632274551825,7.326707699082114,6.904013024135069,7.08516788482666,150800.0
1999-01-26,7.08516651424554,7.366962909698487,7.08516651424554,7.366962909698486,262000.0
1999-01-27,7.3669591539361505,7.407215761334709,7.125419509544802,7.165676116943359,73400.0
1999-01-28,7.165678674164241,7.286448539459143,7.145550363281757,7.26632022857666,68600.0
1999-01-29,7.326702693723282,7.487729126552366,7.286446085516012,7.4676008224487305,124800.0
1999-02-01,7.50785679358212,7.527985095977783,7.447471886395133,7.527985095977783,102400.0
1999-02-02,7.527985412222116,7.769525051116943,7.507857108980881,7.769525051116943,201800.0
1999-02-03,7.729271472901028,7.729271472901028,7.527988361627564,7.709143161773682,68600.0
1999-02-04,7.648753950007392,7.910421848297119,7.648753950007392,7.910421848297119,126800.0
1999-02-05,7.809779936106417,7.890293131324009,7.668881844475631,7.689010143280029,125400.0
1999-02-08,7.68901328888749,7.76952651704338,7.588371753692628,7.588371753692627,52800.0
1999-02-09,7.648754393061003,7.729267597198486,7.568241188923518,7.729267597198486,130200.0
1999-02-10,7.72926877579599,7.829910296314167,7.4676008224487305,7.4676008224487305,107200.0
1999-02-11,7.4676001887907955,7.527985095977783,7.4676001887907955,7.527985095977783,51000.0
1999-02-12,7.487726637154571,7.689009611271629,7.306571960449219,7.306571960449219,117000.0
1999-02-16,7.326706281776637,7.467604479503111,7.286449653854787,7.366962909698486,55600.0
1999-02-17,7.326702072021158,7.568241700769108,7.326702072021158,7.527985095977783,78800.0
1999-02-18,7.487731396672554,7.568244637496989,7.427346466054226,7.507859706878662,72800.0
1999-02-19,7.507861395838461,7.507861395838461,7.3669631926994015,7.4273481369018555,67000.0
1999-02-22,7.4474763491797065,7.6085028648376465,7.427348034722464,7.6085028648376465,78000.0
1999-02-23,7.588372766971588,7.709142625331879,7.548116147518158,7.568244457244873,115400.0
1999-02-24,7.527989421385885,7.527989421385885,7.326706281776637,7.366962909698486,76600.0
1999-02-25,7.366958625793457,7.5682416483561195,7.366958625793457,7.5481133460998535,44200.0
1999-02-26,7.527989607008676,7.628631179294889,7.487732978094192,7.6085028648376465,77600.0
1999-03-01,7.588370638144644,7.729268766704359,7.527985725904767,7.6487555503845215,73200.0
1999-03-02,7.709142920274759,7.829912783255565,7.668886299281157,7.789656162261963,112000.0
1999-03-03,7.809784717410414,7.850041339665107,7.548116672754911,7.709143161773682,48400.0
1999-03-04,7.709138801255202,8.031191597130093,7.64875390202866,7.9305500984191895,185400.0
1999-03-05,7.970809538961936,8.15196430121107,7.9104246182122235,8.11170768737793,139200.0
1999-03-08,8.05132319870599,8.05132319870599,7.527987190790101,7.628628730773926,257600.0
1999-03-09,7.648755231669529,7.769525051116943,7.6084986251870586,7.769525051116943,103000.0
1999-03-10,7.749399541268361,7.829912783255565,7.689014609777958,7.789656162261963,170800.0
1999-03-11,7.74114732158945,7.74114732158945,7.559240465468549,7.599664211273193,63400.0
1999-03-12,7.5794499936755795,7.619873726975182,7.539026260375976,7.539026260375977,59600.0
1999-03-15,7.51881185317422,7.579447432635302,7.51881185317422,7.559235572814941,42600.0
1999-03-16,7.579448699951172,7.640084289550781,7.478389383951822,7.579448699951172,82800.0
1999-03-17,7.539030437520893,7.680513582460963,7.458182926126567,7.4986066818237305,48200.0
1999-03-18,7.4986062684784764,7.539030021947363,7.3975468848062595,7.4379706382751465,39800.0
1999-03-19,7.276271571518679,7.2964834369951195,7.134788513183594,7.134788513183594,148600.0
1999-03-22,7.134788344808891,7.1954239398072675,6.609279854822968,7.15500020980835,234000.0
1999-03-23,7.114577477339114,7.1347893451724635,6.811399459838867,6.811399459838867,113200.0
1999-03-24,6.811399790975782,6.811399790975782,6.467798021104601,6.548645496368408,137600.0
1999-03-25,6.568855878078576,6.690127063520027,6.508220285357851,6.669915199279785,81600.0
1999-03-26,6.669918776986128,6.791190027476785,6.589071276659023,6.750766277313232,60200.0
1999-03-29,6.730551103090591,6.8113985637883765,6.649703642392806,6.690127372741699,231800.0
1999-03-30,6.690130133782663,6.690130133782663,6.265680789947509,6.26568078994751,163000.0
1999-03-31,6.28589077138189,6.770975589752197,6.103983964493025,6.770975589752197,236200.0
1999-04-01,6.730554402231457,6.872037527803889,6.508223776331919,6.750766277313232,147800.0
1999-04-05,6.7911886819979035,6.912459908462152,6.5890699712241565,6.629493713378906,99400.0
1999-04-06,6.609281842301531,6.69012932661103,6.568858100146782,6.629493713378906,114600.0
1999-04-07,6.5890699356794356,6.791188645362854,6.467798709869385,6.467798709869385,89400.0
1999-04-08,6.508221382790423,6.791187529868267,6.4677976474935885,6.649704456329346,78000.0
1999-04-09,6.6092831517408,6.750766277313232,6.548647526495471,6.750766277313232,36400.0
1999-04-12,6.710340976715088,6.851824069597635,6.669917235891503,6.710340976715088,61400.0
1999-04-13,6.710341374808496,6.791188861251971,6.548646401921544,6.60928201675415,43800.0
1999-04-14,6.5688567502158035,6.952882221766881,6.5688567502158035,6.791187286376953,142600.0
1999-04-15,6.8113984505567196,6.95288150442585,6.8113984505567196,6.932669639587402,61200.0
1999-04-16,6.932671376264811,7.417756253904332,6.912459506363165,7.3975443840026855,170800.0
1999-04-19,7.3166951589774545,7.3166951589774545,6.791186666896201,7.094364643096924,234600.0
1999-04-20,7.074155807495117,7.23585079738072,7.033732060023717,7.074155807495117,111200.0
1999-04-21,7.094368217265711,7.276275094631499,6.851825714111328,6.851825714111328,130400.0
1999-04-22,6.8922469311722665,6.952882534672316,6.710340120672119,6.811399459838867,120800.0
1999-04-23,6.7507649876521185,6.83161247253418,6.488010661785419,6.5688581466674805,148000.0
1999-04-26,6.508220586171683,6.7709748334394835,6.46779685582279,6.690127372741699,128800.0
1999-04-27,6.649704456329346,6.85182313281352,6.60928072103251,6.649704456329346,120800.0
1999-04-28,6.669918668681177,7.0337324142456055,6.649706793927598,7.0337324142456055,134800.0
1999-04-29,6.952884915231288,7.074156163752764,6.851825541463391,7.0337324142456055,151600.0
1999-04-30,7.033731709827076,7.256062309850345,7.033731709827076,7.114579200744629,91600.0
1999-05-03,7.114581912589473,7.377336358224879,7.114581912589473,7.23585319519043,69600.0
1999-05-04,7.235846447300267,7.478388786315918,7.175210862546354,7.478388786315918,90800.0
1999-05-05,7.51881185317422,7.801777890659271,7.51881185317422,7.559235572814941,462800.0
1999-05-06,7.539025092124938,7.5592369556427,7.195423412322998,7.276270866394043,110800.0
1999-05-07,7.276271993928556,7.539026260375976,7.276271993928556,7.539026260375977,66400.0
1999-05-10,7.579448699951172,7.640084289550781,7.539024973551432,7.579448699951172,53600.0
1999-05-11,7.640086307023701,7.700721912635,7.619874438486601,7.6805100440979,96800.0
1999-05-12,7.640088732649641,7.640088732649641,7.357122483292247,7.458181858062744,37000.0
1999-05-13,7.498605037171287,7.8624187586512955,7.47839316375573,7.741147518157959,132200.0
1999-05-14,7.70071977750482,7.70071977750482,7.336906244709317,7.41775369644165,45200.0
1999-05-17,7.437969438322297,7.458181311795999,7.296486324006384,7.35712194442749,197600.0
1999-05-18,7.336905644084868,7.357117505363338,7.296481921527926,7.3166937828063965,69400.0
1999-05-19,7.316698197480086,7.35712194442749,7.053943842321962,7.35712194442749,61000.0
1999-05-20,7.316695129804019,7.336906994803478,7.1550002098083505,7.15500020980835,46000.0
1999-05-21,7.2156370740541265,7.316696416827994,7.17521333694458,7.17521333694458,36000.0
1999-05-24,7.074155807495117,7.19542704990932,7.033732060023717,7.074155807495117,72800.0
1999-05-25,7.053942637010055,7.336908817291261,7.033730766989969,7.33690881729126,76800.0
1999-05-26,7.296483856721841,7.478390656473909,7.195424523526247,7.2560601234436035,107400.0
1999-05-27,7.256060944885767,7.256060944885767,7.033730386685924,7.21563720703125,79400.0
1999-05-28,7.175212656887129,7.276271990082722,7.074153323691536,7.2560601234436035,65400.0
1999-06-01,7.256063747665157,7.4581825150095895,7.256063747665157,7.4379706382751465,46200.0
1999-06-02,7.3975412279202795,7.437964950477221,7.154998892578631,7.3166937828063965,101600.0
1999-06-03,7.336906456947326,7.357118320465088,7.175211548805237,7.276270866394043,35600.0
1999-06-04,7.256060944885767,7.256060944885767,7.074154124540441,7.21563720703125,68400.0
1999-06-07,7.175210862546354,7.478388786315918,7.154999000961716,7.478388786315918,34600.0
1999-06-08,7.518817482925043,7.5390293578791425,7.417758108154545,7.458181858062744,51800.0
1999-06-09,7.458182926126567,7.49860668182373,7.35712353688366,7.4986066818237305,35200.0
1999-06-10,7.417755551636219,7.761357307434082,7.397543683648109,7.761357307434082,86000.0
1999-06-11,7.753235755920411,7.753235755920411,7.570567897796631,7.611160755157471,34600.0
1999-06-14,7.712644382297057,7.8344229778070105,7.692347949712065,7.753237247467041,69800.0
1999-06-15,7.81412958464724,7.81412958464724,7.590868739371604,7.6314616203308105,202400.0
1999-06-16,7.672057942646306,7.7227990666056066,7.38790764847422,7.489389896392822,137800.0
1999-06-17,7.428499640033231,7.428499640033231,7.266128063201904,7.266128063201904,118600.0
1999-06-18,7.14434596470424,7.14434596470424,7.103753089904784,7.103753089904785,168200.0
1999-06-21,7.103755481123573,7.124051925355354,6.8601981503421925,6.880494594573975,190200.0
1999-06-22,6.860194027062619,6.860194027062619,6.697822570800782,6.697822570800781,144000.0
1999-06-23,6.616638800501823,6.616638800501823,6.332488667964935,6.4948601722717285,432400.0
1999-06-24,6.5354546116244405,6.5354546116244405,6.2716008540122745,6.291897296905518,207600.0
1999-06-25,6.291894325622925,6.880490891568295,6.291894325622925,6.758712291717529,117200.0
1999-06-28,6.799308865903372,6.900791087782527,6.677530199648386,6.738419532775879,165800.0
1999-06-29,6.738417087106788,7.08345651626587,6.677527776078714,7.083456516265869,233400.0
1999-06-30,7.103747999345933,7.509676456451415,6.8195980793720965,7.509676456451416,310600.0
1999-07-01,7.469086903688252,7.509679767295254,7.144343994832242,7.164640426635742,200400.0
1999-07-02,7.144348369587136,7.164644813818917,6.81960526187863,6.880494594573975,176000.0
1999-07-06,6.900788928390642,6.921085366415321,6.636935234069823,6.636935234069824,75600.0
1999-07-07,6.67752415772193,6.67752415772193,6.535449175642739,6.555745601654053,114000.0
1999-07-08,6.5963439403041715,6.636936826090659,6.2716008540122745,6.291897296905518,128400.0
1999-07-09,6.413675208764574,6.63693605463929,6.413675208764574,6.616639614105225,84800.0
1999-07-12,6.697820583733242,6.819599139801119,6.535449175642739,6.555745601654053,51400.0
1999-07-13,6.515152749631427,6.67752415772193,6.433967045586176,6.555745601654053,77800.0
1999-07-14,6.535451380411783,6.535451380411783,6.332487051827567,6.393376350402832,58200.0
1999-07-15,6.433972618796608,6.474565505981445,6.3527868444269355,6.474565505981445,49400.0
1999-07-16,6.271599353849887,6.4948601722717285,6.170117163658142,6.4948601722717285,183400.0
1999-07-19,6.4542656489780965,6.49485851469494,6.190412021818615,6.393376350402832,180000.0
1999-07-20,6.3527869333986375,6.3527869333986375,6.149822494631908,6.190415382385254,78400.0
1999-07-21,6.210711164474487,6.210711164474487,6.0077467473347985,6.088932514190674,376200.0
1999-07-22,6.0483400200066395,6.149822235107422,5.764189817724449,6.149822235107422,299600.0
1999-07-23,6.08893075546661,6.251302242279053,6.007745012060388,6.251302242279053,120200.0
1999-07-26,6.210711564167892,6.251304450208205,6.0483400200066395,6.149822235107422,66800.0
1999-07-27,6.170119986628855,6.2716022232510396,6.088934197331106,6.1295270919799805,57600.0
1999-07-28,6.129524584530162,6.129524584530162,5.967153072357178,5.967153072357178,39200.0
1999-07-29,5.906264866391818,5.987450637751156,5.82507909503248,5.8453755378723145,124800.0
1999-07-30,5.865670888681445,5.865670888681445,5.825078010559082,5.825078010559082,91600.0
1999-08-02,5.825079180064954,5.845375623201068,5.784486293792724,5.784486293792725,52000.0
1999-08-03,5.825078592403702,5.845375033492216,5.459742652810438,5.622114181518555,187400.0
1999-08-04,5.601814987914588,5.723593574608383,5.4597399701051605,5.500332832336426,75000.0
1999-08-05,5.561222321038796,5.561222321038796,5.439443730067143,5.459740161895752,143200.0
1999-08-06,5.480036593724361,5.50033302555297,5.439443730067143,5.459740161895752,247800.0
1999-08-09,5.4800382321768435,5.561223983764648,5.459741794279892,5.561223983764648,143600.0
1999-08-10,5.540927545867697,5.561223983764648,5.459741794279892,5.561223983764648,184000.0
1999-08-11,5.60181558893082,5.7235941886901855,5.540926289051137,5.7235941886901855,69400.0
1999-08-12,5.703300952911377,5.804783176272789,5.662708063566812,5.703300952911377,92600.0
1999-08-13,5.743890621983413,5.784483488569868,5.7032977553969575,5.7235941886901855,34800.0
1999-08-16,5.703300561836297,5.804782778239078,5.6221147887140726,5.642411231994629,56800.0
1999-08-17,5.662704944610596,5.723594245090279,5.662704944610596,5.662704944610596,78400.0
1999-08-18,5.6424120249765695,5.6424120249765695,5.520633348178514,5.540929794311523,38800.0
1999-08-19,5.561222693703391,5.6221119932694865,5.520629827325994,5.58151912689209,38800.0
1999-08-20,5.581519155637592,5.7235941886901855,5.581519155637592,5.7235941886901855,53600.0
1999-08-23,5.764187055276641,5.764187055276641,5.622112022224047,5.7235941886901855,81600.0
1999-08-24,5.703300561836297,5.703300561836297,5.601818345433516,5.642411231994629,74200.0
1999-08-25,5.642408048353231,5.642408048353231,5.459740161895752,5.459740161895752,44600.0
1999-08-26,5.500335534987467,5.64241062260707,5.500335534987467,5.622114181518555,80800.0
1999-08-27,5.601815616383273,5.6424084831686585,5.398851282456342,5.5206298828125,75800.0
1999-08-30,5.520633348178514,5.723597809508606,5.520633348178514,5.540929794311523,82000.0
1999-08-31,5.520631976075982,5.622114181518555,5.520631976075982,5.622114181518555,115800.0
1999-09-01,5.60181526076246,5.82507601390879,5.60181526076246,5.743890285491943,103200.0
1999-09-02,5.703300952911377,5.723597397583659,5.480040061516269,5.703300952911377,97000.0
1999-09-03,5.743891376844594,5.764187812805176,5.662705633002268,5.764187812805176,56800.0
1999-09-07,5.784486209352811,5.865671980712149,5.764189766512977,5.8453755378723145,71000.0
1999-09-08,5.825076355156323,5.845372788449551,5.7032977553969575,5.7235941886901855,46200.0
1999-09-09,5.764187112076735,5.784483545569963,5.642408511117368,5.662704944610596,71400.0
1999-09-10,5.64241062260707,5.662707063695584,5.60181774043004,5.622114181518555,36400.0
1999-09-13,5.654775152779299,5.838504309367797,5.634360802047245,5.777261257171631,52000.0
1999-09-14,5.736434464795249,5.736434464795249,5.593533962113517,5.716020107269287,45800.0
1999-09-15,5.695605749743326,5.777263179847172,5.695605749743326,5.716020107269287,43200.0
1999-09-16,5.675191428635147,5.675191428635147,5.491462209722498,5.573119640350342,45800.0
1999-09-17,5.532292293987686,5.675192832946777,5.450634843153919,5.675192832946777,221400.0
1999-09-20,5.613946449672077,5.7772612554807194,5.593532098945997,5.756846904754639,68200.0
1999-09-21,5.716017691411655,5.818089435901149,5.491459853534769,5.532288551330566,211800.0
1999-09-22,5.532289980088963,5.716019167619593,5.532289980088963,5.552704334259033,217800.0
1999-09-23,5.573118684935744,5.675190455722113,5.532289976621196,5.593533039093018,128400.0
1999-09-24,5.613946437835693,5.695603840567848,5.573117736469615,5.613946437835693,57400.0
1999-09-27,5.634362713321225,5.6956057862921075,5.573119640350342,5.573119640350342,101200.0
1999-09-28,5.532289035103537,5.634360788518732,5.450631632371382,5.613946437835693,203200.0
1999-09-29,5.634362697601318,5.716020128001337,5.573119624801304,5.634362697601318,58200.0
1999-09-30,5.593530533476646,6.573419094085693,5.593530533476646,6.573419094085693,331600.0
1999-10-01,6.4509363583605674,6.4509363583605674,6.083477958200788,6.185549736022949,258800.0
1999-10-04,6.20596641861505,6.369281324368078,6.165137692176794,6.308038234710693,109400.0
1999-10-05,6.287620061322262,6.287620061322262,6.124305254534671,6.205962657928467,97800.0
1999-10-06,6.185549262354145,6.185549262354145,6.144720554351807,6.144720554351807,103200.0
1999-10-07,6.165133956231569,6.287620061322262,6.124305254534671,6.205962657928467,50000.0
1999-10-08,6.165135380458517,6.226378447151814,6.0630636026363565,6.185549736022949,200800.0
1999-10-11,6.20596598640817,6.308037795395147,6.16513726281338,6.226380348205566,164400.0
1999-10-12,6.205965100304555,6.205965100304555,6.022235870361328,6.022235870361328,45600.0
1999-10-13,5.981404790910191,6.103890895843506,5.838504335154657,6.103890895843506,85600.0
1999-10-14,6.063062194199067,6.144719597487944,6.022233492554629,6.103890895843506,31000.0
1999-10-15,6.144722392482143,6.512180874424596,6.144722392482143,6.328451633453369,237400.0
1999-10-18,6.2467928027162465,6.2467928027162465,6.124306669329653,6.185549736022949,89600.0
1999-10-19,6.205961650548941,6.205961650548941,5.981403827667236,5.981403827667236,68400.0
1999-10-20,5.920164121521844,6.001821557680766,5.7772636082437305,5.879335403442383,84000.0
1999-10-21,5.85892060995102,5.85892060995102,5.613948319639479,5.716020107269287,155800.0
1999-10-22,5.736434890164269,5.879335403442383,5.736434890164269,5.879335403442383,115800.0
1999-10-25,5.8589201074250985,5.899748818975099,5.797677040100098,5.797677040100098,68600.0
1999-10-26,5.756846906439576,5.797675607903686,5.736432555707521,5.777261257171631,282000.0
1999-10-27,5.777263627972519,5.879335423519737,5.777263627972519,5.818092346191406,33000.0
1999-10-28,5.838505751650098,5.879334463200099,5.756848328550097,5.797677040100098,45600.0
1999-10-29,5.8589201074250985,5.9405775305251,5.777262684325097,5.797677040100098,39000.0
1999-11-01,5.838504791259766,6.246791839599609,5.838504791259766,6.246791839599609,79200.0
1999-11-02,6.205967934715827,6.348868512159941,6.124310461890619,6.165139198303223,83400.0
1999-11-03,6.165133956231569,6.2263770087769155,6.165133956231569,6.205962657928467,40400.0
1999-11-04,6.205964091587382,6.205964091587382,6.124306669329653,6.185549736022949,42000.0
1999-11-05,6.165139198303223,6.205967934715827,6.103896093684316,6.165139198303223,259600.0
1999-11-08,6.124306200350638,6.144720554351807,6.10389184634947,6.144720554351807,99000.0
1999-11-09,6.14472483009692,6.165139198303223,6.124310461890619,6.165139198303223,55000.0
1999-11-10,6.144721024894086,6.205964091587382,6.144721024894086,6.185549736022949,165200.0
1999-11-11,6.165134908352975,6.165134908352975,6.124306200350638,6.144720554351807,74600.0
1999-11-12,6.144721024894086,6.205964091587382,6.144721024894086,6.185549736022949,34200.0
1999-11-15,6.185547856184152,6.369277000427245,6.124304808103121,6.369277000427246,149600.0
1999-11-16,6.308038234710693,6.410110050806336,6.124308965738537,6.308038234710693,80800.0
1999-11-17,6.328452597929822,6.369281324368078,6.1447233289576655,6.308038234710693,56800.0
1999-11-18,6.38969424483064,6.38969424483064,6.144721941514449,6.287622451782227,46600.0
1999-11-19,6.165134908352975,6.165134908352975,6.124306200350638,6.144720554351807,112200.0
1999-11-22,6.165133948310163,6.165133948310163,6.103890895843506,6.103890895843506,279200.0
1999-11-23,6.144721552117231,6.144721552117231,5.94057797895719,5.960992336273193,54600.0
1999-11-24,5.92016314162689,6.0018205642700195,5.899748785966107,6.0018205642700195,57000.0
1999-11-26,6.001822368434218,6.2263803482055655,6.001822368434218,6.226380348205566,45400.0
1999-11-29,6.185550775199101,6.185550775199101,5.920164108276367,5.920164108276367,57600.0
1999-11-30,5.960993151510915,6.328451633453369,5.960993151510915,6.328451633453369,120600.0
1999-12-01,6.287621530110404,6.287621530110404,5.981406195851781,6.083477973937988,93600.0
1999-12-02,6.042647851140875,6.308034412170711,6.042647851140875,6.205962657928467,18600.0
1999-12-03,6.246796671128431,6.369282880366243,6.14472483009692,6.165139198303223,34200.0
1999-12-06,6.124305246665725,6.328448754887916,6.103890895843506,6.103890895843506,37000.0
1999-12-07,6.144722023656812,6.1651363825393934,5.879335358183263,6.022235870361328,69400.0
1999-12-08,6.001820551469022,6.165135396406955,5.960991840234539,6.083477973937988,82200.0
1999-12-09,6.063064634799957,6.063064634799957,5.879335403442383,5.879335403442383,94000.0
1999-12-10,5.879334931589585,5.879334931589585,5.736434429780116,5.858920574188232,55000.0
1999-12-13,5.973882688325027,6.117584333748653,5.912296268857759,5.9533538818359375,209600.0
1999-12-14,5.973882714907329,6.055997941229079,5.912296295166016,5.912296295166016,137800.0
1999-12-15,5.912296295166016,6.0970555543899545,5.891767488585579,5.912296295166016,118000.0
1999-12-16,5.891763218461651,5.994407176971435,5.891763218461651,5.9944071769714355,114400.0
1999-12-17,6.035469107792295,6.0559979142813845,5.912296268857759,5.9533538818359375,159000.0
1999-12-20,5.994411134719849,6.035468745231628,5.74806547164917,5.74806547164917,51400.0
1999-12-21,5.7070077579326695,5.932824611663818,5.686478953048019,5.932824611663818,62800.0
1999-12-22,5.932822234123841,5.9738798274395775,5.8917646408081055,5.8917646408081055,51400.0
1999-12-23,5.912295806779168,5.953353416548468,5.912295806779168,5.932824611663818,67600.0
1999-12-27,5.973878860473633,5.973878860473633,5.830177307128906,5.871234893798828,118800.0
1999-12-28,5.83017684335578,6.035464760375349,5.83017684335578,5.9944071769714355,113800.0
1999-12-29,6.014940583392193,6.240757465362549,5.9944117759403435,6.240757465362549,77800.0
1999-12-30,6.199699004221771,6.240756613521253,5.994410957724361,6.055997371673584,88800.0
1999-12-31,6.09705761744844,6.3844610068231145,6.035471176868153,6.3023457527160645,109800.0
2000-01-03,6.343401233355205,6.343401233355205,5.912296295166016,5.912296295166016,134000.0
2000-01-04,5.830181068844266,6.0970555543899545,5.830181068844266,5.912296295166016,68200.0
2000-01-05,5.91229248046875,6.0765228271484375,5.91229248046875,6.014936447143555,70000.0
2000-01-06,5.973882066141261,6.240756522704272,5.932824457439259,6.2202277183532715,78600.0
2000-01-07,6.199698486584145,6.220227289519854,6.07652566896989,6.117583274841309,71800.0
2000-01-10,6.138114007635148,6.138114007635148,6.035469960684728,6.0970563888549805,67000.0
2000-01-11,6.117582814113514,6.138111615503156,6.0765252113342285,6.0765252113342285,68200.0
2000-01-12,6.07652566896989,6.117583274841309,6.055996866034182,6.117583274841309,93000.0
2000-01-13,6.117585119032702,6.240757973778327,6.07652750078416,6.199700355529785,94400.0
2000-01-14,6.2407556224513705,6.2407556224513705,6.0765252113342285,6.0765252113342285,118000.0
2000-01-18,6.035469107792295,6.035469107792295,5.87123865587958,5.9533538818359375,74000.0
2000-01-19,5.953349591940129,6.055993550421856,5.912292008547439,5.973878383636475,106000.0
2000-01-20,5.994408624097446,6.117581404044653,5.830178250834502,5.8917646408081055,77400.0
2000-01-21,5.9328208002437846,6.035464758725511,5.830176841762058,5.973878383636475,111200.0
2000-01-24,6.097051620483398,6.097051620483398,5.871234893798828,5.871234893798828,120400.0
2000-01-25,5.89176818228116,5.89176818228116,5.624893665313721,5.624893665313721,67200.0
2000-01-26,5.645420475744865,5.830179691314697,5.624891674014884,5.830179691314697,91200.0
2000-01-27,5.871238197009868,5.973882221433118,5.871238197009868,5.932824611663818,83000.0
2000-01-28,5.932823717171418,6.014938924329501,5.748064501065734,5.789122104644775,90800.0
2000-01-31,5.809651782355918,6.035468636087067,5.809651782355918,5.932824611663818,114600.0
2000-02-01,5.912293946615742,5.912293946615742,5.686477163932501,5.768592357635498,59000.0
2000-02-02,5.727535699276213,5.871237311802857,5.686478095697173,5.789122104644775,122200.0
2000-02-03,5.789122104644775,5.830179708223816,5.707006897486694,5.789122104644775,61600.0
2000-02-04,5.768594782987087,5.768594782987087,5.624893133588833,5.707008361816406,101400.0
2000-02-07,5.624893133588833,5.707008361816406,5.583835519475045,5.707008361816406,62200.0
2000-02-08,5.768595328296188,5.809652946291179,5.58383604731873,5.624893665313721,70800.0
2000-02-09,5.665949397616917,5.789122210608588,5.460661375964129,5.542776584625244,98800.0
2000-02-10,5.522247782459965,5.583834188955802,5.399074969468293,5.542776584625244,522200.0
2000-02-11,5.542775206267834,5.604361597448587,5.234843250364065,5.255372047424316,135000.0
2000-02-14,5.234844612078069,5.419603833680824,5.193787007277456,5.399075031280518,56200.0
2000-02-15,5.460661375964129,5.542776584625244,5.358017365137736,5.542776584625244,76200.0
2000-02-16,5.542777666678796,5.604364085197449,5.337489604949951,5.337489604949951,86000.0
2000-02-17,5.399074547218554,5.563304951696685,5.378545746658788,5.41960334777832,82400.0
2000-02-18,5.440133702521231,5.440133702521231,5.214316831850538,5.2348456382751465,60400.0
2000-02-22,5.2348456382751465,5.255374444699755,5.132201606152105,5.2348456382751465,123800.0
2000-02-23,5.275901832277813,5.3169594340854225,5.050085022335961,5.173257827758789,95600.0
2000-02-24,5.173256897344822,5.214314491768194,5.029555316863021,5.050084114074707,41400.0
2000-02-25,5.070612915194765,5.0911417124222735,5.0090265235122375,5.029555320739746,63600.0
2000-02-28,5.0090265235122375,5.111670509649783,4.926911334602201,5.029555320739746,110800.0
2000-02-29,5.029555821319834,5.316959011109538,4.9474406242370605,4.9474406242370605,194800.0
2000-03-01,4.926913838529792,4.947442646190333,4.783212184906006,4.783212184906006,123200.0
2000-03-02,4.783210241644951,4.926911836887503,4.783210241644951,4.906383037567139,156600.0
2000-03-03,4.885854705174764,4.9679699103037525,4.885854705174764,4.926912307739258,65000.0
2000-03-06,4.926911779196866,5.255372564476657,4.926911779196866,5.111670970916748,179000.0
2000-03-07,5.152729121843974,5.224579926331838,4.926912307739258,4.926912307739258,222600.0
2000-03-08,5.173257827758789,5.234844230470203,5.173257827758789,5.173257827758789,152400.0
2000-03-09,5.1116724245944,5.1937876442666,5.050086009840251,5.070614814758301,161200.0
2000-03-10,5.050084076821804,5.3066940400749445,4.98849768564105,5.255372047424316,167600.0
2000-03-13,5.167727926337861,5.29175339656997,5.064373367811104,5.188398838043213,85600.0
2000-03-14,5.229740619659424,5.25041153119958,5.188398796579112,5.229740619659424,139200.0
2000-03-15,5.229740619659424,5.725842496623164,5.188398796579112,5.705171585083008,141200.0
2000-03-16,5.725843869475805,6.139262199401856,5.725843869475805,6.1392621994018555,368600.0
2000-03-17,6.035907008860371,6.2839579818272355,6.035907008860371,6.26328706741333,267800.0
2000-03-20,6.263285436448019,6.490665435791016,6.263285436448019,6.490665435791016,275800.0
2000-03-21,6.449324052545089,6.532007694244385,6.345969500420969,6.532007694244385,353400.0
2000-03-22,6.532009504958245,6.61469316957797,6.221945762634278,6.221945762634277,338000.0
2000-03-23,6.1599330646935915,6.221945813667017,5.95322390144884,6.180603981018066,399200.0
2000-03-24,6.118592559107092,6.283959925569446,5.953225192644738,6.242618083953857,61600.0
2000-03-27,6.201276242338269,6.283959925569446,6.0152379550681205,6.242618083953857,67800.0
2000-03-28,6.201273101181707,6.221944011518979,5.829196715110805,6.056576728820801,63800.0
2000-03-29,6.015236477403276,6.015236477403276,5.891210983023827,5.932552814483643,134400.0
2000-03-30,5.973891947004531,6.3252973556518555,5.973891947004531,6.3252973556518555,83800.0
2000-03-31,6.387312360556729,6.986768860414804,6.2839577916156815,6.862743377685547,418200.0
2000-04-03,6.738716232776642,6.738716232776642,6.614690780639648,6.614690780639648,172000.0
2000-04-04,6.614692593798225,6.7387180799319415,6.449325278953269,6.697376251220703,154400.0
2000-04-05,6.718047434529557,6.718047434529557,6.387312791598871,6.469996452331543,86200.0
2000-04-06,6.511339578988417,6.614694175480297,6.490668659690042,6.573352336883545,99400.0
2000-04-07,6.573351208613468,6.7593894503666805,6.573351208613468,6.718047618865967,40200.0
2000-04-10,6.676706962404943,6.738719720569695,6.5526814460754395,6.5526814460754395,71400.0
2000-04-11,6.552678054571151,6.738716232776642,6.511336237192154,6.614690780639648,375200.0
2000-04-12,6.656034541354284,6.697376370803689,6.594021797180176,6.594021797180176,295600.0
2000-04-13,6.594021797180176,6.614692711904878,6.387312649933148,6.594021797180176,219400.0
2000-04-14,6.614694175480297,6.6973778526738,6.552681417585169,6.573352336883545,218800.0
2000-04-17,6.552679168872345,6.552679168872345,6.3873118712351875,6.449324607849121,81200.0
2000-04-18,6.449325297138479,6.449325297138479,6.201274324171615,6.26328706741333,173800.0
2000-04-19,6.304628222416609,6.469995520053766,6.304628222416609,6.449324607849121,159000.0
2000-04-20,6.428654479382553,6.614692711904878,6.407983564657851,6.594021797180176,502200.0
2000-04-24,6.532007449303717,6.821400184399451,6.532007449303717,6.800729274749756,157200.0
2000-04-25,6.924755982393344,7.27616150985808,6.842072328872229,6.98676872253418,344200.0
2000-04-26,6.986769523620605,7.028111355121319,6.614693040114182,6.718047618865967,147200.0
2000-04-27,6.7180464310305466,7.152135585035597,6.676704606839589,6.9454264640808105,178400.0
2000-04-28,6.904083710286155,6.924754619598389,6.697374617163815,6.924754619598389,65600.0
2000-05-01,6.8834150702552455,7.110795147651064,6.8834150702552455,7.007440567016602,260200.0
2000-05-02,7.028112383532036,7.110796058632412,6.986770545981847,7.048783302307129,71400.0
2000-05-03,7.090122918679681,7.3588447785713305,7.090122918679681,7.338173866271973,355200.0
2000-05-04,7.317505160043406,7.441530671230582,7.069454137669053,7.110795974731445,165200.0
2000-05-05,7.131469655105636,7.441533553153707,7.028115022422945,7.172811508178711,237600.0
2000-05-08,7.19347990101034,7.276163578033447,7.13146714324301,7.276163578033447,86800.0
2000-05-09,7.234821739521894,7.276163578033447,7.069454385475679,7.276163578033447,196200.0
2000-05-10,7.234819039054539,7.234819039054539,7.110793569813604,7.13146448135376,70400.0
2000-05-11,7.1728075956686945,7.276162171975161,7.152136680407402,7.255491256713867,182400.0
2000-05-12,7.2141475486755375,7.2761602783203125,7.13146390914917,7.234818458557129,75800.0
2000-05-15,7.214149426191281,7.255491256713867,7.131465765146109,7.255491256713867,72600.0
2000-05-16,7.276159082700128,7.648235399429113,7.214146363245297,7.5448808670043945,170600.0
2000-05-17,7.565554835215336,7.565554835215336,7.3588456867121845,7.3795166015625,82800.0
2000-05-18,7.441527726220303,7.586224098674587,7.40018590551908,7.565553188323975,152000.0
2000-05-19,7.4828724310948305,7.565556104366596,7.276163247915415,7.524214267730713,100000.0
2000-05-22,7.565554549054402,7.64823820532822,7.544883634985947,7.627567291259766,78000.0
2000-05-23,7.668906196471183,7.77226072742093,7.606893477901336,7.689577102661133,231400.0
2000-05-24,7.6689094530741375,7.792934942881267,7.544883963267009,7.751593112945557,114600.0
2000-05-25,7.772262134653999,7.83427486445177,7.648236675058456,7.730920314788818,159800.0
2000-05-26,7.77226393335709,7.77226393335709,7.400187468462335,7.420858383178711,99800.0
2000-05-30,7.358845916041236,7.689580563953202,7.296833169557742,7.586225986480713,116400.0
2000-05-31,7.586227366870101,7.606898286125877,7.276163578033447,7.276163578033447,153600.0
2000-06-01,7.296831773675007,7.296831773675007,6.945426277492357,7.13146448135376,229600.0
2000-06-02,7.0694513951451325,7.5862241579481395,7.0694513951451325,7.503540515899658,133400.0
2000-06-05,7.462198467254638,7.462198467254638,7.172805728912354,7.234818458557129,44600.0
2000-06-06,7.255491256713867,7.276162171975161,7.193478510929988,7.255491256713867,36400.0
2000-06-07,7.255488176215184,7.586222679974282,7.234817269730241,7.5448808670043945,257800.0
2000-06-08,7.524213596376414,7.524213596376414,7.276162598693675,7.296833515167236,35200.0
2000-06-09,7.338174366008091,7.379516193422221,7.296832538593961,7.317503452301025,21800.0
2000-06-12,7.317501407960502,7.6068941190097865,7.317501407960502,7.482868671417236,70000.0
2000-06-13,7.457116057752897,7.644063256972329,7.415572235704134,7.436344146728516,143400.0
2000-06-14,7.311710205078125,7.457113533020019,7.187078781127929,7.270166397094727,140400.0
2000-06-15,7.311711497690486,7.311711497690486,7.103992421051552,7.228623867034912,138000.0
2000-06-16,7.207855701446533,7.228627619894506,7.10399610920667,7.207855701446533,203800.0
2000-06-19,7.228624680138736,7.228624680138736,7.062449400135547,7.1870808601379395,45000.0
2000-06-20,7.187081818032055,7.187081818032055,6.979362690343267,7.041678428649902,155000.0
2000-06-21,7.103991534028735,7.103991534028735,6.958588198536918,6.979360103607178,272200.0
2000-06-22,6.937817965548462,6.937817965548462,6.771642684936523,6.771642684936523,202200.0
2000-06-23,6.771641657902644,6.792413564828727,6.667782123272236,6.7508697509765625,229400.0
2000-06-26,6.813185214996338,6.813185214996338,6.7508694965664935,6.813185214996338,33600.0
2000-06-27,6.7716406245290495,6.792412528285273,6.709324913260377,6.730096817016602,141200.0
2000-06-28,6.771641898429257,7.228623867034912,6.771641898429257,7.228623867034912,239200.0
2000-06-29,7.2286246950835755,7.519431435690386,7.124765144866857,7.332484245300293,200600.0
2000-06-30,7.353254312201392,7.477885741221754,6.563921928405762,6.563921928405762,633600.0
2000-07-03,6.647008481233017,7.187077920333199,6.647008481233017,7.166306018829346,95200.0
2000-07-05,7.16630687713623,7.353254013061523,7.145534973144531,7.270166397094727,219600.0
2000-07-06,7.290941239789475,7.353256976881693,7.103994028512822,7.145537853240967,113600.0
2000-07-07,7.145535947228012,7.436342642754734,7.145535947228012,7.4155707359313965,205000.0
2000-07-10,7.415570407856806,7.540201843282971,7.353254690143724,7.457114219665527,124400.0
2000-07-11,7.415571885473668,7.581747165820417,7.270168515170263,7.332484245300293,99000.0
2000-07-12,7.3740254880311396,7.602516418646189,7.332481682464767,7.540200710296631,45400.0
2000-07-13,7.51943179082604,7.540203701850422,7.311712680582227,7.436344146728516,165600.0
2000-07-14,7.436341130331661,7.436341130331661,7.3947973251342765,7.394797325134277,50000.0
2000-07-17,7.394798829108059,7.706377431458118,7.394798829108059,7.4155707359313965,109400.0
2000-07-18,7.498657244024142,7.498657244024142,7.374025821685791,7.374025821685791,101200.0
2000-07-19,7.415569629131908,7.436341532854967,7.374025821685791,7.374025821685791,111600.0
2000-07-20,7.4155707359313965,7.457114549578071,7.374026922284722,7.4155707359313965,205000.0
2000-07-21,7.436342297407686,7.87255232043998,7.4155703915490045,7.851780414581299,244400.0
2000-07-24,7.810237271633835,7.810237271633835,7.436342934162003,7.498658657073975,98000.0
2000-07-25,7.5194328513358215,7.9764149583230814,7.457117109473922,7.914099216461182,178200.0
2000-07-26,7.9348678867867655,7.9348678867867655,7.727148832158839,7.81023645401001,231800.0
2000-07-27,7.810236602863938,7.9556399438747025,7.727148979429215,7.851780414581299,135000.0
2000-07-28,7.768690439562002,7.976409435272217,7.72714664041996,7.976409435272217,212000.0
2000-07-31,8.059503057938588,8.225678378720827,8.059503057938588,8.204906463623047,270600.0
2000-08-01,8.184134548525266,8.225678378720827,8.121818803231928,8.204906463623047,74200.0
2000-08-02,8.22567618289567,8.22567618289567,7.976413268262468,8.121816635131836,256800.0
2000-08-03,8.080272816026303,8.204904273342903,8.038728996920769,8.121816635131836,107400.0
2000-08-04,8.080267654181762,8.121811446748248,7.893320587632569,8.017951965332031,128800.0
2000-08-07,8.038730008261545,8.142589569091797,8.038730008261545,8.142589569091797,874200.0
2000-08-08,8.204900581418103,8.412619583479321,8.142584880799737,8.16335678100586,242400.0
2000-08-09,8.101043553696465,8.391850245367621,8.059499740600586,8.059499740600586,189800.0
2000-08-10,8.017951965332031,8.163355239314736,7.893320587632569,8.017951965332031,135800.0
2000-08-11,8.038728570318842,8.101044295670151,7.976412844967533,7.997184753417969,411000.0
2000-08-14,8.0179539443855,8.391848169771352,8.0179539443855,8.287988662719727,125200.0
2000-08-15,8.308761131944996,8.308761131944996,8.01795449232692,8.18412971496582,100600.0
2000-08-16,8.287992359077844,8.682658661891073,8.287992359077844,8.53725528717041,404800.0
2000-08-17,8.55802192217038,8.661881411517108,8.391846739215616,8.412618637084961,472600.0
2000-08-18,8.391847121655642,8.391847121655642,7.976409145336056,8.267215728759766,165800.0
2000-08-21,8.246447777748108,8.391851139068603,8.225675868988036,8.30876350402832,128200.0
2000-08-22,8.267220380829603,8.516483306884766,8.246448470325005,8.516483306884766,138600.0
2000-08-23,8.516478928975372,8.516478928975372,8.28798803088091,8.371075630187988,119200.0
2000-08-24,8.391849874246,8.474937496763287,8.225674629211426,8.225674629211426,213800.0
2000-08-25,8.26721917232269,8.495710154472313,8.246447264854543,8.433394432067871,236200.0
2000-08-28,8.433393685504644,8.454165591133965,8.14258700669414,8.225674629211426,137200.0
2000-08-29,8.246446534840748,8.454165591133965,8.225674629211426,8.225674629211426,137000.0
2000-08-30,8.184128133495848,8.412619020471622,8.184128133495848,8.267215728759766,98800.0
2000-08-31,8.329534232766562,8.371078044401308,8.225674703679697,8.24644660949707,143400.0
2000-09-01,8.267217326285271,8.308761131944996,8.101042103646371,8.18412971496582,105200.0
2000-09-05,8.101044725579069,8.142588544684603,8.080272816026303,8.121816635131836,78600.0
2000-09-06,8.204903086436163,8.308762619175862,8.059499740600586,8.059499740600586,272400.0
2000-09-07,7.99717983891887,7.99717983891887,7.64405761226531,7.727145195007324,246000.0
2000-09-08,7.768691304559013,7.810235108326709,7.581744187604385,7.706375598907471,175000.0
2000-09-11,7.706376212882492,7.872551441192626,7.706376212882492,7.872551441192627,43600.0
2000-09-12,7.831008359472802,7.9348678867867655,7.706376926696047,7.81023645401001,161800.0
2000-09-13,7.846967477064866,7.846967477064866,7.533923561756428,7.596532344818115,60200.0
2000-09-14,7.638269952506073,7.659139542540243,7.554791592369394,7.5756611824035645,29400.0
2000-09-15,7.45044866556393,7.492187873774372,7.200013416301277,7.241752624511719,743800.0
2000-09-18,7.283489521603909,7.325228716570121,6.970445559357323,7.033054351806641,128000.0
2000-09-19,7.033050617782731,7.095659376991479,6.866093926559402,6.907833099365234,216200.0
2000-09-20,6.907834057495973,7.053921182578969,6.61565980732998,6.699138164520264,187000.0
2000-09-21,6.636530538337731,6.845226467216277,6.5739217596741675,6.657400131225586,238400.0
2000-09-22,6.615660243732915,6.615660243732915,6.46957310901326,6.553051471710205,139000.0
2000-09-25,6.594790077209472,6.594790077209472,6.4695725440979,6.4695725440979,96000.0
2000-09-26,6.469574373302652,6.469574373302652,6.177400046766403,6.24000883102417,166600.0
2000-09-27,6.260876428513299,6.594789838034009,6.219137252323211,6.573920249938965,526200.0
2000-09-28,6.511314368686793,6.866097523390882,6.511314368686793,6.803488731384277,149600.0
2000-09-29,6.8660946837150645,6.928703449827968,6.740877151489258,6.740877151489258,153400.0
2000-10-02,6.803490158758666,6.803490158758666,6.219141310767124,6.344358921051025,341800.0
2000-10-03,6.365225428267371,6.740878076492986,6.365225428267371,6.594790935516357,212800.0
2000-10-04,6.594791699923002,7.325227489471436,6.594791699923002,6.782618045806885,318600.0
2000-10-05,6.824357170884202,6.9913139212422255,6.7826179832946965,6.845226764678955,248800.0
2000-10-06,6.907834811891829,7.450444192886353,6.866095628738403,7.304357051849365,253600.0
2000-10-09,7.3043593781531895,7.325228976376484,7.074793797696946,7.22088098526001,159600.0
2000-10-10,7.179142774733823,7.220881976912508,7.053925168197767,7.074794769287109,81600.0
2000-10-11,6.8660971790278715,6.970445160472065,6.824357986450194,6.824357986450195,91400.0
2000-10-12,6.845224654674531,6.886963829398155,6.6573983684182165,6.678267955780029,117000.0
2000-10-13,6.657400131225586,6.657400131225586,6.615660945449877,6.657400131225586,46200.0
2000-10-16,6.678269015755624,6.678269015755624,6.386094746316315,6.553051471710205,247200.0
2000-10-17,6.63653039932251,6.803487138928108,6.5113128446183115,6.63653039932251,196800.0
2000-10-18,6.573922045347167,6.8869659522684605,6.490443670168156,6.845226764678955,292200.0
2000-10-19,6.8660971790278715,6.8660971790278715,6.709575206861583,6.824357986450195,106600.0
2000-10-20,6.8452260358197545,6.94957399368286,6.76174766952927,6.949573993682861,121400.0
2000-10-23,6.949573087692261,6.970442676544189,6.845225143432617,6.886964321136475,47200.0
2000-10-24,6.886965709574083,7.095661640167236,6.886965709574083,7.095661640167236,124600.0
2000-10-25,7.095661640167236,7.2208791985231295,6.949574488752029,7.095661640167236,164800.0
2000-10-26,7.0747932608967865,7.325228420574549,7.0747932608967865,7.283489227294922,94800.0
2000-10-27,7.304356942016087,7.471313672119312,7.200008985701571,7.429574489593506,95200.0
2000-10-30,7.575664215087891,7.909577789306641,7.554794616699219,7.826099395751953,255000.0
2000-10-31,7.784356785591721,7.867835142541766,7.700878428641676,7.742617607116699,151200.0
2000-11-01,7.805225972161776,7.805225972161776,7.158268739175105,7.200007915496826,415800.0
2000-11-02,7.241748506500876,7.241748506500876,7.012182991885575,7.053922176361084,208200.0
2000-11-03,7.07479343206986,7.07479343206986,6.699140683464382,6.720010280609131,212800.0
2000-11-06,6.782618129537219,7.012183666229248,6.782618129537219,7.012183666229248,120400.0
2000-11-07,7.012185207633085,7.179141998291016,7.012185207633085,7.179141998291016,100800.0
2000-11-08,7.220880967699434,7.513055342115018,7.116532976836726,7.366968154907227,185200.0
2000-11-09,7.429576403773616,7.471315597053244,7.0956628575366,7.283489227294922,81200.0
2000-11-10,7.241748506500876,7.492183613353933,7.012182991885575,7.053922176361084,86600.0
2000-11-13,7.012185207633085,7.241750794787739,7.012185207633085,7.179141998291016,71200.0
2000-11-14,7.220879828792879,7.346097398078305,7.17914063903107,7.2626190185546875,57600.0
2000-11-15,7.2208792341631005,7.533923131597917,7.2208792341631005,7.38783597946167,85400.0
2000-11-16,7.408707169843209,7.408707169843209,6.970445618951076,7.116532802581787,59400.0
2000-11-17,7.20000970057952,7.638271160614796,7.20000970057952,7.3252272605896,110200.0
2000-11-20,7.304358208316496,7.3878365878401135,7.17914063903107,7.2626190185546875,78400.0
2000-11-21,7.283488073919573,7.429575227264665,7.283488073919573,7.3252272605896,92600.0
2000-11-22,7.346096853924612,7.387836040594639,7.179140107244508,7.3252272605896,56200.0
2000-11-24,7.325227199974706,7.450444758948633,7.325227199974706,7.38783597946167,72600.0
2000-11-27,7.387835307067699,7.554792037170924,7.387835307067699,7.429574489593506,86800.0
2000-11-28,7.387834208944569,7.805225972161776,7.200007915496826,7.200007915496826,152600.0
2000-11-29,7.2000095824233625,7.450444698333741,7.0956616174607055,7.45044469833374,141800.0
2000-11-30,7.450446547597393,7.471316145769935,7.262620164044518,7.366968154907227,99800.0
2000-12-01,7.387834178364795,7.846965116003285,7.387834178364795,7.680008411407471,144200.0
2000-12-04,7.680009505936124,7.742618279082342,7.554791959643687,7.700879096984863,113200.0
2000-12-05,7.742622036846749,8.034796453331532,7.742622036846749,7.9930572509765625,216200.0
2000-12-06,7.993052983086956,7.993052983086956,7.554791592369394,7.5756611824035645,108200.0
2000-12-07,7.596532752778795,7.638271943728129,7.513054370880127,7.513054370880127,107400.0
2000-12-08,7.533922560533321,7.659140110015869,7.471313785792047,7.659140110015869,296000.0
2000-12-11,7.680008411407471,7.888704292152239,7.659138823332993,7.680008411407471,180000.0
2000-12-12,7.721748767274149,7.721748767274149,7.429574489593506,7.429574489593506,155200.0
2000-12-13,7.47323999431472,7.725146960415216,7.47323999431472,7.536216735839844,91200.0
2000-12-14,7.599192106822851,7.683161080378905,7.452246403099758,7.578199863433838,69200.0
2000-12-15,7.452245443716817,7.473237684403343,7.305299758911133,7.305299758911133,292200.0
2000-12-18,7.242323334297438,7.473237991333008,7.242323334297438,7.473237991333008,207400.0
2000-12-19,7.431247167329531,7.851091640060012,7.305293825510386,7.767122745513916,196400.0
2000-12-20,7.767129373014643,7.767129373014643,7.4522457497843195,7.473237991333008,48200.0
2000-12-21,7.47324350087539,7.851104127324145,7.47324350087539,7.7251505851745605,147800.0
2000-12-22,7.767132586175269,7.830109336873988,7.557210083846208,7.641179084777832,210400.0
2000-12-26,7.662166204374557,8.019034219372823,7.662166204374557,7.704150676727295,212400.0
2000-12-27,7.7461370427878995,8.040028421105056,7.7461370427878995,7.956059455871582,142800.0
2000-12-28,7.93506999576793,8.585829704415564,7.914077747101877,8.564837455749512,161600.0
2000-12-29,8.62781283349702,8.62781283349702,8.144991190746577,8.312929153442383,226200.0
2001-01-02,8.27093986266437,8.522846660512016,7.725141800661138,7.851095199584961,213200.0
2001-01-03,7.89308506989282,8.333922267945345,7.389271129261363,7.620185852050781,562800.0
2001-01-04,7.6621666194905655,8.061019128450349,7.6621666194905655,7.914073467254639,516600.0
2001-01-05,7.9140775737094105,7.9140775737094105,7.515224857793021,7.788124084472656,180400.0
2001-01-08,7.830106735229491,7.935067951519431,7.536215329617661,7.830106735229492,192600.0
2001-01-09,7.8091116373051594,7.8091116373051594,7.452243632374548,7.599189281463623,119000.0
2001-01-10,7.599194514057624,7.935070514678955,7.536217763941124,7.935070514678955,126000.0
2001-01-11,7.89308506989282,7.914077317419131,7.452247871840296,7.620185852050781,117000.0
2001-01-12,7.6411815570748365,7.788127356249353,7.515228014925252,7.7251505851745605,76000.0
2001-01-16,7.725145518939552,7.956060194777419,7.5991920593916245,7.830106735229492,89200.0
2001-01-17,7.851100829091033,8.082015559358416,7.746139588060404,7.788124084472656,125200.0
2001-01-18,7.767127806058929,7.914073467254639,7.452244246353838,7.914073467254639,121800.0
2001-01-19,7.72514619174069,7.872091907344452,7.473239250705667,7.662169456481934,311200.0
2001-01-22,7.662169294258983,8.291936633513146,7.557208071049955,8.144990921020508,289200.0
2001-01-23,8.061021942453285,8.228959899587728,8.061021942453285,8.144990921020508,178600.0
2001-01-24,8.144992648619008,8.207969395902143,7.998046904958355,8.019039154052734,170600.0
2001-01-25,8.019037520579802,8.312928948035607,8.019037520579802,8.186975479125977,65400.0
2001-01-26,8.207969765183787,8.270946515300286,7.851101514523623,7.935070514678955,101600.0
2001-01-29,7.960262771909817,8.128200799666288,7.792324744153347,7.95690393447876,133000.0
2001-01-30,8.000561905029066,8.228957564420263,7.943462990181266,8.101325035095215,134800.0
2001-01-31,8.128196580529345,8.480865999503251,8.061021148042695,8.413690567016602,310200.0
2001-02-01,8.400257239705212,8.46407384694867,8.020717073114257,8.279341697692871,143800.0
2001-02-02,8.262552825675442,8.396903147915518,8.178583794196287,8.18865966796875,423600.0
2001-02-05,8.21216839686382,8.25919083152132,8.128199397471073,8.225603103637695,152600.0
2001-02-06,8.27934378781916,8.27934378781916,8.161787052366824,8.178581237792969,144000.0
2001-02-07,8.195372326803836,8.245753586719946,8.178578787042627,8.235677719116211,151400.0
2001-02-08,8.245750294811124,8.255826799024545,8.128194282148982,8.181934356689453,73800.0
2001-02-09,8.212168400946231,8.245755488213927,8.09461167361142,8.228961944580078,112600.0
2001-02-12,8.235677998911292,8.235677998911292,8.061022360678132,8.212166786193848,80400.0
2001-02-13,8.228956038997095,8.239032542325488,8.128193568241834,8.14162826538086,66400.0
2001-02-14,8.141633699930383,8.178580262830861,8.04422999860084,8.161786079406738,221400.0
2001-02-15,8.171862995276946,8.329724483507569,8.168504158425321,8.225603103637695,155400.0
2001-02-16,8.225606246822096,8.228965084957206,8.13491953907272,8.18865966796875,200800.0
2001-02-20,8.161785558387962,8.34651772046513,8.014000597485293,8.027435302734375,98200.0
2001-02-21,8.111409092197787,8.12820328448712,7.657976150512695,7.657976150512695,540400.0
2001-02-22,7.725146499903765,7.835985532755346,7.708352959417846,7.755375385284424,197400.0
2001-02-23,7.758732887659443,7.893083110347387,7.540413695712483,7.627740859985352,166800.0
2001-02-26,7.637821420973072,8.108047770286657,7.637821420973072,8.081177711486816,97400.0
2001-02-27,8.111400018681602,8.111400018681602,7.893080888198305,7.980408668518066,53200.0
2001-02-28,8.010643005371094,8.05094776801175,7.889727436183821,8.010643005371094,147000.0
2001-03-01,7.94346256803778,8.057660391664506,7.94346256803778,8.044225692749023,147800.0
2001-03-02,8.044223230152838,8.228954607956174,8.027429060859408,8.077810287475586,215400.0
2001-03-05,8.168499017738224,8.269262137975774,8.094606575403132,8.181934356689453,169800.0
2001-03-06,8.195368168498453,8.22895587161105,8.061017996680212,8.064376831054688,201800.0
2001-03-07,8.077814306345545,8.077814306345545,7.926670551300049,7.926670551300049,361400.0
2001-03-08,7.943465641290902,8.0274346240543,7.913236756245479,8.000564575195312,355600.0
2001-03-09,8.010641083754619,8.0274346240543,7.9602598222230805,8.000564575195312,598400.0
2001-03-12,8.010640264358255,8.027433802940148,7.893083572387695,7.893083572387695,187600.0
2001-03-13,7.8863245673239115,7.8863245673239115,7.6161289109654575,7.852550029754639,136200.0
2001-03-14,7.855932649609392,7.913349207505011,7.785006010234268,7.83904504776001,133200.0
2001-03-15,7.76812166512525,7.882954819536724,7.643155946196403,7.822160720825195,194600.0
2001-03-16,7.835668646825947,7.936991687283002,7.75123256504634,7.832291126251221,274400.0
2001-03-19,7.818778995101037,8.018048147419645,7.818778995101037,7.97076416015625,235000.0
2001-03-20,7.936988047037174,8.105860133144347,7.76811596093,7.9032135009765625,194400.0
2001-03-21,7.899840647455476,7.903218168475829,7.599248362802964,7.653287410736084,308000.0
2001-03-22,7.660038945817906,7.660038945817906,7.187197170783857,7.481034278869629,157800.0
2001-03-23,7.548581430397574,7.676923916284404,7.548581430397574,7.609375476837158,158000.0
2001-03-26,7.609377559866614,7.683681056857541,7.1601777700027815,7.3965983390808105,211200.0
2001-03-27,7.396598699373589,7.636397443854651,7.295275685432641,7.633019924163818,218600.0
2001-03-28,7.599244883677134,7.683680937940213,7.4573922867473215,7.481034278869629,412400.0
2001-03-29,7.481036618746408,7.592492219466293,7.430375099182128,7.430375099182129,136800.0
2001-03-30,7.4337497810060436,7.656660897323331,7.430372261765367,7.582357406616211,183000.0
2001-04-02,7.649912260348453,7.768122955908086,7.52832468691827,7.531701564788818,268800.0
2001-04-03,7.548582198183248,7.548582198183248,7.264877048739344,7.383087635040283,128000.0
2001-04-04,7.396599284089983,7.599245972187529,7.396599284089983,7.548584461212158,114600.0
2001-04-05,7.541827175095685,7.6803022311441635,7.541827175095685,7.649905204772949,264400.0
2001-04-06,7.666795617395918,7.666795617395918,7.535074906642573,7.599246501922607,143600.0
2001-04-09,7.592491461536055,7.8694416754236345,7.558716903799399,7.599246501922607,140200.0
2001-04-10,7.616129525126945,7.9538736396637635,7.616129525126945,7.899834632873535,121000.0
2001-04-11,7.93698999157148,7.93698999157148,7.666794845281506,7.690436840057373,38800.0
2001-04-12,7.673550143972821,7.768118778403114,7.4472614407471465,7.639776229858398,61600.0
2001-04-16,7.599243932372927,7.909968598931123,7.528317964884807,7.6870574951171875,70200.0
2001-04-17,7.531698947347706,7.629645120663139,7.433753418228513,7.619512557983398,92600.0
2001-04-18,7.633020527569798,7.845799131344781,7.4810353504476215,7.548584461212158,174600.0
2001-04-19,7.599247827910716,7.629644870758056,7.430375653957144,7.629644870758057,82200.0
2001-04-20,7.734344446685121,7.835668124585219,7.599246853681128,7.788383483886719,158600.0
2001-04-23,7.734342482167626,7.818778536872941,7.582357970215644,7.764739513397217,236800.0
2001-04-24,7.717455528904953,7.768117032888947,7.585734845511399,7.764739513397217,247800.0
2001-04-25,7.818779708622456,7.849176744407453,7.56884902654276,7.676927089691162,103200.0
2001-04-26,7.7512330187076195,8.0720897617314,7.707325892862583,7.761364936828613,443800.0
2001-04-27,7.801891721781463,7.903214731543878,7.757984611807361,7.805269241333008,71000.0
2001-04-30,7.835668051771028,8.055201718886982,7.835668051771028,7.889707088470459,118400.0
2001-05-01,7.8897054567434,7.8897054567434,7.639774802649466,7.646529197692871,133200.0
2001-05-02,7.6499091430517145,7.6499091430517145,7.160180238432929,7.487792015075684,230200.0
2001-05-03,7.497920127140865,7.501297001631183,7.3459350072437015,7.474277496337891,87000.0
2001-05-04,7.447258122634097,7.595865726470946,7.396596629838485,7.595865726470947,107600.0
2001-05-07,7.582360513986098,7.666796597018476,7.39660074479715,7.467527389526367,81400.0
2001-05-08,7.430370165297548,7.5654676758274455,7.369576124510158,7.518183708190918,53600.0
2001-05-09,7.497916635271691,7.565465044948915,7.464142108335319,7.535068035125732,41400.0
2001-05-10,7.46414929337844,7.528320891910031,7.426997213566023,7.504678249359131,45600.0
2001-05-11,7.4810369743953276,7.717458269196346,7.450639932372448,7.592492580413818,193200.0
2001-05-14,7.565471240515766,7.643152265147627,7.548584285316161,7.589113235473633,63800.0
2001-05-15,7.497926041648394,7.541832530810841,7.447263865588831,7.538455009460449,171200.0
2001-05-16,7.582357265568756,7.8086458969172865,7.531695122096944,7.774871349334717,98600.0
2001-05-17,7.8018934474534865,7.845799922943115,7.700569771083677,7.845799922943115,124800.0
2001-05-18,7.801892790298442,7.835667346243541,7.619510574712553,7.754608154296875,190800.0
2001-05-21,7.77825055723264,7.89646053314209,7.727588402761672,7.89646053314209,116200.0
2001-05-22,7.869439097394531,7.950498267085955,7.768116101574098,7.9437432289123535,83800.0
2001-05-23,7.92010374904269,7.936990705631551,7.734344005584717,7.734344005584717,110600.0
2001-05-24,7.812024139965184,7.818779179503845,7.430373424775253,7.751230716705322,158400.0
2001-05-25,7.734344673367312,7.805271314395749,7.700570113077397,7.798516273498535,33800.0
2001-05-29,7.7140809344073915,7.8525560650948725,7.666796931986169,7.761364936828613,77600.0
2001-05-30,7.768116832327008,7.768116832327008,7.649906229952406,7.673548221588135,49600.0
2001-05-31,7.700569448210895,7.936990705631551,7.666795535033173,7.734344005584717,141600.0
2001-06-01,7.734346615492176,7.751234221975755,7.5654744158342835,7.744479179382324,84800.0
2001-06-04,7.768114246093823,7.879569772552557,7.768114246093823,7.869437217712402,50400.0
2001-06-05,7.933616103804974,7.936993625204367,7.606004258419986,7.909974098205566,113200.0
2001-06-06,7.970762645730988,7.970762645730988,7.7005669196578,7.714076995849609,208400.0
2001-06-07,7.734349423159051,7.808653630267536,7.6769328286645635,7.720839977264404,86000.0
2001-06-08,7.7343422824777,7.7343422824777,7.44725957505251,7.673548221588135,65000.0
2001-06-11,7.700568293492464,7.700568293492464,7.63301983306997,7.67017126083374,31800.0
2001-06-12,7.649908383919419,7.683682943278552,7.4472616719607565,7.5249433517456055,138600.0
2001-06-13,7.521546707601694,7.779739001048433,7.521546707601694,7.68121862411499,102200.0
2001-06-14,7.6268597633141635,7.779736291091781,7.589489643023776,7.603078365325928,183400.0
2001-06-15,7.575899643462445,7.660831256720889,7.406036416945558,7.463789939880371,184400.0
2001-06-18,7.490972643944729,7.524945439767539,7.419630355896296,7.507959365844727,99000.0
2001-06-19,7.504562021464727,7.541932161667535,7.473986570021917,7.507959365844727,73200.0
2001-06-20,7.507960076287631,7.68461811290081,7.507960076287631,7.674426078796387,95600.0
2001-06-21,7.698198255090999,7.698198255090999,7.477376279677304,7.640444755554199,106000.0
2001-06-22,7.694801319687016,7.694801319687016,7.219184582660021,7.280335426330566,113400.0
2001-06-25,7.321110134826551,7.440014609568458,7.283740638405057,7.344891548156738,139400.0
2001-06-26,7.344887205142423,7.779736709847109,7.273544303291264,7.6846137046813965,223000.0
2001-06-27,7.6846113838747785,7.830693190258231,7.677816700421592,7.694802761077881,149400.0
2001-06-28,7.694806373332817,7.803518767711115,7.572505253645724,7.623464107513428,99200.0
2001-06-29,7.643846973180966,7.946203379434171,7.643846973180966,7.871463775634766,186400.0
2001-07-02,7.871465555376438,7.932616448664438,7.677821491949159,7.823904037475586,131400.0
2001-07-03,7.827301604802618,7.827301604802618,7.725383230420347,7.7593560218811035,19400.0
2001-07-05,7.623460515111503,7.823899140785201,7.592885087603538,7.742364883422852,116800.0
2001-07-06,7.74576449144809,7.74576449144809,7.44001074930773,7.480778217315674,71800.0
2001-07-09,7.480777636505986,7.507955730408861,7.372065260894489,7.399243354797363,75200.0
2001-07-10,7.426419190726285,7.603076423394587,7.399241105086802,7.55891227722168,153000.0
2001-07-11,7.562311505359199,7.562311505359199,7.3754615529980265,7.423023700714111,122400.0
2001-07-12,7.423027682110367,7.507959347470949,7.304123221010114,7.321109294891357,295200.0
2001-07-13,7.276939326097446,7.287131351105991,7.168226984579638,7.205596446990967,275400.0
2001-07-16,6.964392926125343,7.175023631439921,6.913434083090527,7.1070780754089355,258800.0
2001-07-17,7.0832982657375165,7.113873705213694,6.947407783608353,7.093489646911621,180000.0
2001-07-18,7.049324778038003,7.168229180997873,7.0153519989099165,7.100283622741699,123800.0
2001-07-19,7.117272916985827,7.253163434794606,7.10028619727404,7.141053676605225,115400.0
2001-07-20,7.100287080988807,7.1614379836079864,7.032342137616415,7.103684425354004,146000.0
2001-07-23,7.083301906388398,7.083301906388398,6.896451830444432,6.964397430419922,276000.0
2001-07-24,7.049323282439532,7.049323282439532,6.896446132786297,6.998364448547363,152400.0
2001-07-25,6.998366779982814,7.059517660215908,6.950804624258771,7.018750190734863,380000.0
2001-07-26,7.0323390239394294,7.130859375,6.882859177941192,7.130859375,184200.0
2001-07-27,7.185212869461823,7.338090000972849,6.967788191736499,7.001760959625244,261800.0
2001-07-30,7.066311341041513,7.066311341041513,6.947407577688365,7.022147178649902,117000.0
2001-07-31,7.015349484602991,7.151239904435235,7.015349484602991,7.052719593048096,141800.0
2001-08-01,6.9847779141465365,7.270148277282716,6.906640960615128,7.270148277282715,128000.0
2001-08-02,7.3211029361442606,7.3211029361442606,7.079897527048315,7.083294868469238,379200.0
2001-08-03,7.0663100958685705,7.093488186699727,6.947406353467761,6.957597732543945,197400.0
2001-08-06,6.981381106865888,6.981381106865888,6.8964494600768775,6.920230865478516,120600.0
2001-08-07,6.93041920408588,6.964391977473786,6.753761300850172,6.845487594604492,255200.0
2001-08-08,6.838693383701362,6.9406117109198,6.7537617683410645,6.7537617683410645,131800.0
2001-08-09,6.787739388865459,6.964397430419922,6.760561278470716,6.964397430419922,101000.0
2001-08-10,6.930421187203816,7.219188871665838,6.8624762689625385,7.096887111663818,121400.0
2001-08-13,7.066308498382569,7.0832952062973416,6.944007441279463,7.066308498382568,121200.0
2001-08-14,7.134256437791368,7.134256437791368,6.944009780883789,6.944009780883789,124000.0
2001-08-15,6.964392037670042,7.1172691952486264,6.94740597481765,7.08669376373291,82200.0
2001-08-16,7.066309710737924,7.09688514225364,6.981378100522435,7.08669376373291,135800.0
2001-08-17,7.049323036720907,7.1512407009526955,7.049323036720907,7.069706439971924,82000.0
2001-08-20,7.0697070529037545,7.100282484419472,6.981378100522435,7.08669376373291,88800.0
2001-08-21,7.08669553497179,7.293928275068848,7.08669553497179,7.175024509429932,124200.0
2001-08-22,7.158036918443752,7.158036918443752,6.933817490709084,7.1070780754089355,69600.0
2001-08-23,7.110475540161133,7.181817792040116,7.005160509683027,7.110475540161133,89400.0
2001-08-24,7.100284811922719,7.242969989776611,7.083298743502221,7.242969989776611,85800.0
2001-08-27,7.2429686764709595,7.473982793772967,7.222585268466917,7.33809232711792,143400.0
2001-08-28,7.321106371211589,7.321106371211589,7.113873631114531,7.175024509429932,72600.0
2001-08-29,7.175025042883028,7.202203141046423,7.03233986553096,7.035736560821533,89200.0
2001-08-30,7.035733072112629,7.0832952062973416,7.005158293819342,7.066308498382568,67400.0
2001-08-31,7.069711105613538,7.202204934125946,6.998368823164432,7.181820869445801,75400.0
2001-09-04,7.16483160364222,7.215790446677037,7.107078075408936,7.1070780754089355,186600.0
2001-09-05,7.083296054359888,7.093487432352284,6.9779810445858415,6.998364448547363,96600.0
2001-09-06,6.9643943197917,6.9643943197917,6.736777503908698,6.777544975280762,247400.0
2001-09-07,6.79453312132805,6.859081367414275,6.638259170566548,6.675628662109375,133200.0
2001-09-10,6.628064684801261,6.7537631381620775,6.5838998729892415,6.6076812744140625,157600.0
2001-09-17,6.620944516163565,6.620944516163565,6.33322811126709,6.33322811126709,148400.0
2001-09-18,6.336697676153418,6.586282895211892,6.135642751062398,6.18070650100708,135800.0
2001-09-19,6.19803495573575,6.256964847503286,5.854855231151373,6.208434581756592,232600.0
2001-09-20,6.1633722077162085,6.1633722077162085,5.8929878225411665,6.0143141746521,256200.0
2001-09-21,6.014314684914613,6.104442820952885,5.719665136554006,6.090576648712158,447800.0
2001-09-24,6.014311202680865,6.464950960780254,6.014311202680865,6.388689041137695,158000.0
2001-09-25,6.378293026106234,6.48575321484046,6.315896574203949,6.319363117218018,238600.0
2001-09-26,6.32283135389286,6.3262978978354925,6.146041579872543,6.1564412117004395,164600.0
2001-09-27,6.1876360738243275,6.385224342641653,6.170303363557278,6.343626499176025,561000.0
2001-09-28,6.343627316417328,6.5862800020143215,6.343627316417328,6.551615238189697,135400.0
2001-10-01,6.55161206671728,6.55161206671728,6.239630665668849,6.350557327270508,437800.0
2001-10-02,6.350560376438234,6.551615212419781,6.291630476520779,6.53428316116333,158000.0
2001-10-03,6.454557228882597,6.510020608323371,6.322831206829029,6.503087520599365,114800.0
2001-10-04,6.516950581863956,6.516950581863956,6.017780354786772,6.0524444580078125,681200.0
2001-10-05,6.055911267568836,6.516950869194935,6.028179587064086,6.4892191886901855,409600.0
2001-10-08,6.568947801472302,6.568947801472302,6.458020427518208,6.485752105712891,127200.0
2001-10-09,6.447623008371648,6.655610975320834,6.4406899218657205,6.652144432067871,194200.0
2001-10-10,6.603611045136216,6.950257308107678,6.568946947779291,6.877461910247803,233600.0
2001-10-11,6.8774624713164565,7.244907354913563,6.8774624713164565,7.185977458953857,241800.0
2001-10-12,7.175578444157905,7.179044325212357,6.932925777476111,7.068117618560791,189600.0
2001-10-15,7.123580957378182,7.182510852813721,6.9502578132942805,7.182510852813721,141200.0
2001-10-16,7.175579898303522,7.345436534932435,7.088918308522927,7.168646812438965,161800.0
2001-10-17,7.15824355069871,7.210240345942624,6.856661741578942,6.925990581512451,143200.0
2001-10-18,6.9259910194692385,6.9259910194692385,6.666006365634731,6.867061138153076,126000.0
2001-10-19,6.932927384080987,6.964125610203389,6.683342236277244,6.946793556213379,133400.0
2001-10-22,6.877462607017597,7.123581161297975,6.877462607017597,7.120115280151367,116400.0
2001-10-23,7.140917154095555,7.237977739007264,7.054255539752589,7.175581932067871,152000.0
2001-10-24,7.175579057407225,7.203310736440159,6.9675911340725225,7.075051307678223,112200.0
2001-10-25,7.088918508598799,7.099317476513675,6.8982626089951875,7.03692102432251,82200.0
2001-10-26,7.019588102376983,7.123581735719817,6.898261756026746,6.967591285705566,148200.0
2001-10-29,6.967592147246588,7.07158579344821,6.89479606596507,7.03692102432251,169000.0
2001-10-30,7.002253808856694,7.0715826551653125,6.912125713597824,6.95025634765625,127400.0
2001-10-31,6.950261015502215,7.019590569548252,6.822002200045365,6.912130355834961,225400.0
2001-11-01,6.988386187721799,7.106245929197617,6.936389398523655,7.102779388427734,130600.0
2001-11-02,7.123580971886574,7.189443951901688,6.898261016353666,7.068117618560791,127600.0
2001-11-05,7.064654510321331,7.272642516979579,7.064654510321331,7.175581932067871,75400.0
2001-11-06,7.106252125331333,7.279575347900391,7.075053892374854,7.279575347900391,82400.0
2001-11-07,7.296902237998743,7.345433155547759,7.158243890376884,7.227573394775391,116800.0
2001-11-08,7.210243205865304,7.210243205865304,7.102783031580758,7.151313304901123,102800.0
2001-11-09,7.1859740374792995,7.279568650235762,7.081980464088795,7.206773281097412,44600.0
2001-11-12,7.175576597064088,7.279570192486693,7.127045679515072,7.227573394775391,177800.0
2001-11-13,7.24490937927872,7.348903692417242,7.206778726185892,7.3246378898620605,153200.0
2001-11-14,7.32809931446165,7.539553675086057,7.32809931446165,7.428627014160156,113200.0
2001-11-15,7.428629018941805,7.504890953615588,7.331567833849984,7.491025447845459,104200.0
2001-11-16,7.491028216981793,7.605421491866744,7.470228958875093,7.560357093811035,138800.0
2001-11-19,7.480627109367938,7.608886530973298,7.4702274823700945,7.556889057159424,90000.0
2001-11-20,7.504893158720865,7.626219510440226,7.442496711483741,7.581155776977539,83800.0
2001-11-21,7.567286466731599,7.6227498054504395,7.4702252933860525,7.6227498054504395,132600.0
2001-11-23,7.5915534562111056,7.705946703014652,7.536090103892739,7.678215026855469,45800.0
2001-11-26,7.6816826219377825,7.799542427062988,7.6816826219377825,7.799542427062988,121600.0
2001-11-27,7.782210375028566,7.841140277591169,7.7128808445400665,7.799542427062988,224200.0
2001-11-28,7.764877938456877,7.910469428729368,7.660884300194566,7.830740928649902,201400.0
2001-11-29,7.799543801933375,7.86887334464299,7.633153692840921,7.855007171630859,143800.0
2001-11-30,7.858471250791803,7.90006909560931,7.695547736038469,7.719812870025635,189200.0
2001-12-03,7.712878926233812,7.712878926233812,7.539555804295974,7.626217365264893,99800.0
2001-12-04,7.612354211066532,7.7475467492855445,7.487561963478483,7.709415435791016,92000.0
2001-12-05,7.712876649820805,7.955529213386308,7.712876649820805,7.858468055725098,101200.0
2001-12-06,7.816875193877171,7.868872677085928,7.726747721646377,7.844606876373291,231000.0
2001-12-07,7.764879030578567,7.900071572744766,7.761412487325534,7.855007171630859,105600.0
2001-12-10,7.81687428792468,7.886203816717627,7.723280283582205,7.789142608642578,135600.0
2001-12-11,7.972861870212493,8.218980332320225,7.972861870212493,8.163516998291016,417400.0
2001-12-12,8.128664016723633,8.208835072783051,8.05197874547273,8.128664016723633,258200.0
2001-12-13,8.104265714240883,8.142608689510464,7.881180763244629,7.881180763244629,232600.0
2001-12-14,7.929977011800495,8.020605400288224,7.912548756833563,8.010148048400879,150800.0
2001-12-17,8.05197491331292,8.236716766322076,8.048489130163386,8.229745864868164,165400.0
2001-12-18,8.191406363189126,8.358720035725403,8.191406363189126,8.3517484664917,148200.0
2001-12-19,8.264609020003025,8.330837623470426,8.104266855113803,8.1565523147583,159800.0
2001-12-20,8.139119330555753,8.25066175708105,8.065919197620211,8.177461624145508,129600.0
2001-12-21,8.177463815259262,8.278549581911593,8.08683606805815,8.243692398071289,290800.0
2001-12-24,8.31340350347493,8.316889286975647,8.219289343491255,8.278546333312988,45400.0
2001-12-26,8.278550591056034,8.414492893274373,8.264607449882067,8.383121490478516,123600.0
2001-12-27,8.386607579279847,8.620149883631049,8.386607579279847,8.470264434814453,297800.0
2001-12-28,8.390088972101967,8.536488558852005,8.383117404912623,8.414488792419434,134200.0
2001-12-31,8.376150448056023,8.463293084434628,8.348264831008692,8.365693092346191,159600.0
2002-01-02,8.365692527574556,8.365692527574556,8.125178681250045,8.330835342407227,178800.0
2002-01-03,8.29597429812159,8.487688394937653,8.282031829447718,8.431917190551758,97400.0
2002-01-04,8.417977442094095,8.627119875064759,8.417977442094095,8.512091636657715,136600.0
2002-01-07,8.546949358568261,8.707291479554263,8.330835342407227,8.330835342407227,228200.0
2002-01-08,8.330835342407227,8.362206742573273,8.156550081416091,8.330835342407227,118600.0
2002-01-09,8.330831923896532,8.470259942506827,8.25066089630127,8.25066089630127,184400.0
2002-01-10,8.226261132223806,8.456317530710262,8.20186131190634,8.414488792419434,251600.0
2002-01-11,8.414490820644122,8.435405527253426,8.201863288879395,8.201863288879395,79000.0
2002-01-14,8.208832866681325,8.208832866681325,8.01363362378209,8.017119407653809,97600.0
2002-01-15,8.01711691339346,8.104259488539041,7.811460382862282,7.982259750366211,92200.0
2002-01-16,7.982264845273924,7.982264845273924,7.703408692758224,7.807979583740234,123600.0
2002-01-17,7.731289168148969,7.867231369018555,7.6336892472314055,7.867231369018555,118000.0
2002-01-18,7.877691842926384,8.013634097737087,7.8323773147592615,7.912549018859863,96400.0
2002-01-22,7.919519320251995,8.045004878136933,7.919519320251995,7.923005104064941,166400.0
2002-01-23,7.929980339855589,8.208836525428758,7.898608935872908,8.187922477722168,412200.0
2002-01-24,8.187917169674572,8.187917169674572,7.842832614421447,7.940432548522949,466400.0
2002-01-25,7.895121720327581,8.282035189464857,7.895121720327581,8.271577835083008,140000.0
2002-01-28,8.295980560104075,8.37615230866369,8.156552443896034,8.205352783203125,148600.0
2002-01-29,8.208830312775705,8.208830312775705,7.912546089156797,7.982259750366211,206200.0
2002-01-30,8.017118433278537,8.139118194580078,7.9857470470911345,8.139118194580078,303800.0
2002-01-31,8.13911972201638,8.201862506165874,8.076376937866886,8.17397689819336,187800.0
2002-02-01,8.201866328205252,8.323865504407838,8.055466651916504,8.055466651916504,181000.0
2002-02-04,8.05197759340385,8.21580546689087,8.045006024784305,8.135634422302246,203400.0
2002-02-05,8.086832894690145,8.400546096457171,8.027575904868412,8.278546333312988,291000.0
2002-02-06,8.348260820027697,8.435403414538028,8.261118225517368,8.295974731445312,237200.0
2002-02-07,8.278547214425128,8.30991860442531,7.950890843781726,8.017119407653809,243200.0
2002-02-08,8.01712152873393,8.271577835083008,8.01712152873393,8.271577835083008,101000.0
2002-02-11,8.295974274086525,8.567859393313954,8.285517588822714,8.289003372192383,198400.0
2002-02-12,8.261121636918078,8.452835158070124,8.22626445175075,8.330835342407227,124000.0
2002-02-13,8.330835652998731,8.417978286743164,8.295978466531851,8.417978286743164,113800.0
2002-02-14,8.417975048925149,8.505117649151797,8.40403257860843,8.452832221984863,94600.0
2002-02-15,8.456319476960456,8.689861712792109,8.456319476960456,8.60969066619873,192600.0
2002-02-19,8.609693126941009,8.609693126941009,8.12169380942066,8.212322235107422,295200.0
2002-02-20,8.243693187543082,8.508606879315636,8.243693187543082,8.487692832946777,186600.0
2002-02-21,8.452829959548316,8.48071555756333,8.19488801169815,8.198373794555664,326800.0
2002-02-22,8.243692154981938,8.41797740419866,8.236720585450357,8.393577575683594,162400.0
2002-02-25,8.40054702758789,8.417975282178027,8.351746718013976,8.40054702758789,358600.0
2002-02-26,8.417978328840803,8.43540725458417,8.351749740707081,8.372664451599121,228400.0
2002-02-27,8.400546988208283,8.417975242716722,8.278547212113345,8.379632949829102,209600.0
2002-02-28,8.40054845751086,8.43540563746974,8.18094868916169,8.264605522155762,508400.0
2002-03-01,8.295975275638785,8.456318005775362,8.261118767424348,8.452832221984863,637000.0
2002-03-04,8.365689474688876,8.818830721963083,8.365689474688876,8.766545295715332,396000.0
2002-03-05,8.836264524876645,8.85369278831099,8.724722043267315,8.74215030670166,262200.0
2002-03-06,8.766550909101436,8.888550758361816,8.759579337178971,8.888550758361816,242600.0
2002-03-07,8.888543232350608,8.965228464030565,8.878085883321244,8.88505744934082,316600.0
2002-03-08,8.940828368562643,9.027970946550282,8.836257540915522,8.961742401123047,308400.0
2002-03-11,8.95826327959771,9.062834177243063,8.895520475072278,9.027976989746094,224200.0
2002-03-12,8.993122000953488,9.059350606905229,8.811865778376397,8.878093719482422,261600.0
2002-03-13,8.90611539617723,9.074287359215722,8.878086735670813,9.007719039916992,161800.0
2002-03-14,9.007720524813138,9.16538218381177,9.007720524813138,9.11983585357666,254800.0
2002-03-15,9.126841646549805,9.32304295194586,9.109323983115456,9.259978294372559,347200.0
2002-03-18,9.259978284797175,9.45267525539987,9.249467285793818,9.36508560180664,264200.0
2002-03-19,9.36508555982112,9.368589226139864,9.116331265494455,9.19340991973877,588400.0
2002-03-20,9.179399939643922,9.242463956210202,9.109327919117417,9.231953620910645,621600.0
2002-03-21,9.161883615818574,9.207430639657147,9.109329922991073,9.168890953063965,1064400.0
2002-03-22,9.144362875358837,9.179398881583676,9.112830536582106,9.130348205566406,164400.0
2002-03-25,9.126842518666308,9.14436085203065,9.0918071884498,9.11983585357666,349200.0
2002-03-26,9.102322410056308,9.137358427350545,9.042761381133039,9.123344421386719,170200.0
2002-03-27,9.196916723914265,9.459685773168959,9.196916723914265,9.438664436340332,676200.0
2002-03-28,9.442163611092212,9.715442864601592,9.442163611092212,9.655881881713867,930600.0
2002-04-01,9.655886334822382,9.785519357923183,9.652382667359525,9.680411338806152,619200.0
2002-04-02,9.683917618709124,9.711946297717077,9.452680849829415,9.459688186645508,402400.0
2002-04-03,9.494723617450093,9.547277303819845,9.424651590119506,9.477205276489258,396600.0
2002-04-04,9.477202463984074,9.477202463984074,9.344066453473767,9.445670127868652,343600.0
2002-04-05,9.431656457199864,9.634864481348975,9.431656457199864,9.585814476013184,450200.0
2002-04-08,9.585817141673449,9.585817141673449,9.389615729257445,9.473702430725098,272400.0
2002-04-09,9.512236246632634,9.680408221151234,9.512236246632634,9.568293571472168,157800.0
2002-04-10,9.57180262852377,10.160405539088545,9.57180262852377,10.104348182678223,558600.0
2002-04-11,10.104347249163554,10.272519302857535,9.792528149407257,9.866103172302246,250200.0
2002-04-12,9.869605914175922,10.170914649963379,9.827562570569377,10.170914649963379,356000.0
2002-04-15,10.167409464295906,10.170913131428037,9.890625775163112,10.090330123901367,239000.0
2002-04-16,10.090331582096676,10.349597641292592,10.090331582096676,10.276021957397461,175800.0
2002-04-17,10.34609418768975,10.636891925135169,10.33558318455692,10.388136863708496,443000.0
2002-04-18,10.300546210062015,10.3040498774445,9.81004413686977,9.904641151428223,368200.0
2002-04-19,9.985223273967632,10.090330620075335,9.599828557812376,10.037776947021484,304600.0
2002-04-22,10.030769031784093,10.030769031784093,9.810043350432085,9.883618354797363,211600.0
2002-04-23,9.880115355951926,9.957194027418813,9.824058018838521,9.883618354797363,204000.0
2002-04-24,9.883619469123852,10.160403187051353,9.87661280238684,9.953691482543945,429800.0
2002-04-25,9.915152963897473,10.160404371194348,9.810045599773854,10.065807342529297,544600.0
2002-04-26,10.069308991092656,10.153394999179854,10.020258986772506,10.05529499053955,288000.0
2002-04-29,10.058800439122516,10.100843787533098,9.817053357594814,9.978218078613281,236000.0
2002-04-30,9.978217097116156,10.388136863708496,9.978217097116156,10.388136863708496,277200.0
2002-05-01,10.353101016418455,10.356604684184074,10.160403967103495,10.293540000915527,190400.0
2002-05-02,10.353099874895932,10.70696226113136,10.321567536738382,10.657912254333496,360400.0
2002-05-03,10.657913822249633,10.66842482593386,10.461713097938297,10.615870475769043,292600.0
2002-05-06,10.668422942206009,10.791047955588443,10.580833265072155,10.6824369430542,238600.0
2002-05-07,10.668418525704341,10.840094141625846,10.56331055570249,10.73148250579834,214400.0
2002-05-08,10.896154467704383,11.036297798156738,10.861118468027266,11.036297798156738,229200.0
2002-05-09,11.036297419748536,11.211476743871529,10.976736422816476,11.018779754638672,280200.0
2002-05-10,10.9837464088121,10.9837464088121,10.528279655140357,10.643898010253906,197400.0
2002-05-13,10.756012015465968,10.89615535736084,10.703457677531247,10.89615535736084,168800.0
2002-05-14,10.927694662768694,11.421700007440677,10.927694662768694,11.393671989440918,260000.0
2002-05-15,11.38666006717565,11.411185074245479,10.80856822818569,10.987251281738281,261200.0
2002-05-16,10.98725211314076,11.19396385730874,10.861122732087383,11.123891830444336,389000.0
2002-05-17,11.123890081217427,11.123890081217427,10.906667366701052,11.029293060302734,202400.0
2002-05-20,11.116881057920093,11.211478064470544,10.990752384108994,11.141406059265137,479000.0
2002-05-21,11.123888986064475,11.200967661301192,10.913673627479733,11.025788307189941,211000.0
2002-05-22,11.001263172621913,11.088852848627273,10.878637492563172,11.022284507751465,186600.0
2002-05-23,11.001265003762956,11.386659775986054,10.94170398743524,11.383156776428223,247800.0
2002-05-24,11.264032402502684,11.306075071020995,11.12038472500598,11.141406059265137,122800.0
2002-05-28,11.141406422843867,11.141406422843867,10.836594727242575,10.913673400878906,223400.0
2002-05-29,10.896159231129097,10.94520925116637,10.791051186148138,10.86462688446045,729800.0
2002-05-30,10.86812753128425,11.176442907348045,10.86812753128425,11.13089656829834,220600.0
2002-05-31,11.130896496997662,11.313083188541897,11.092356824640477,11.169435501098633,204000.0
2002-06-03,11.169433929225157,11.292059595440378,10.966225930563633,11.039801597595215,315000.0
2002-06-04,11.001265285096903,11.036301295877937,10.871632913940289,10.987251281738281,213400.0
2002-06-05,10.913676497891787,11.31658898466666,10.910172829697316,11.299071311950684,401200.0
2002-06-06,11.299069245088651,11.456730943717972,11.211479561018196,11.228997230529785,321800.0
2002-06-07,11.141404492031254,11.397166139018148,11.123886827322153,11.386655807495117,344600.0
2002-06-10,11.33410516910398,11.56183889404629,11.33410516910398,11.523299217224121,515400.0
2002-06-11,11.544321273890114,11.55833594488875,11.28155220697234,11.344616889953613,360400.0
2002-06-12,11.414968785450256,11.422004366211405,11.133551593553461,11.203906059265137,250600.0
2002-06-13,11.249635974543965,11.249635974543965,10.954148292541504,10.954148292541504,279800.0
2002-06-14,10.947113424597049,11.312954902648926,10.729015117161381,11.312954902648926,433600.0
2002-06-17,11.312953667989447,11.446627004362927,11.15113935347926,11.348130226135254,216200.0
2002-06-18,11.260190953953948,11.43255936247031,11.260190953953948,11.379793167114258,317200.0
2002-06-19,11.327027319448407,11.344615602389947,10.99284457595925,11.087822914123535,321000.0
2002-06-20,11.087820692295073,11.168727851133589,11.049125672437587,11.08430290222168,406200.0
2002-06-21,11.010435403862797,11.094861060156376,10.91545771469527,11.07375431060791,244000.0
2002-06-24,11.073753046743999,11.115965870072976,10.69384032058347,10.985810279846191,276400.0
2002-06-25,11.01043545585179,11.01747103906783,10.560168865227396,10.711430549621582,489600.0
2002-06-26,10.517951650919919,10.584788321701295,10.408902840344943,10.514433860778809,489800.0
2002-06-27,10.676245335976672,10.76418804768826,10.468700482661353,10.623479843139648,528600.0
2002-06-28,10.623486515869148,10.904903101727244,10.60941535110121,10.816960334777832,1125400.0
2002-07-01,10.940079692612825,11.168730738904324,10.873243005836839,11.108929634094238,415600.0
2002-07-02,11.07375337097406,11.108930612953156,10.883797337807078,10.929527282714844,380600.0
2002-07-03,10.85213757574761,10.922491386737102,10.69384032685864,10.816960334777832,318600.0
2002-07-05,10.852138489669661,11.239086831024276,10.82047903722564,11.130037307739258,161000.0
2002-07-08,11.06319808959961,11.221494635187009,11.031538646292145,11.06319808959961,244200.0
2002-07-09,11.063200030818182,11.108929973091957,10.72901725769043,10.72901725769043,291400.0
2002-07-10,10.732534412789391,10.732534412789391,10.50036558218805,10.553131103515625,182600.0
2002-07-11,10.55313143492158,10.658662480890785,10.310409224052377,10.570719718933105,309800.0
2002-07-12,10.563687011981227,10.799373690041152,10.482779144176948,10.535545349121094,261800.0
2002-07-15,10.517951629187497,10.517951629187497,10.28226505781897,10.46518611907959,514000.0
2002-07-16,10.458149525109919,10.507397911260233,10.211910278157548,10.296335220336914,249400.0
2002-07-17,10.296339372354069,10.447601039694813,10.16618378133178,10.25412654876709,276400.0
2002-07-18,10.254125592339605,10.289302830222676,10.0958290282908,10.109899520874023,234000.0
2002-07-19,10.109898849180013,10.109898849180013,9.77923390856829,9.80034065246582,231200.0
2002-07-22,9.77923685560606,9.93049854437226,9.36414749811414,9.515408515930176,212600.0
2002-07-23,9.480226459435787,9.568169188480832,9.26564598586195,9.300823211669922,214200.0
2002-07-24,9.29731162763539,9.832003938146254,9.040518848451304,9.814414978027344,653200.0
2002-07-25,9.832002290499613,10.190808294443789,9.744059517493177,10.166184425354004,332800.0
2002-07-26,10.183775089121788,10.183775089121788,9.761649439571059,9.814414978027344,180600.0
2002-07-29,9.779231900669084,10.55312823998095,9.779231900669084,10.517951011657715,213000.0
2002-07-30,10.521471316499209,10.521471316499209,10.131005263584099,10.271714210510254,173000.0
2002-07-31,10.236540130794753,10.479262401054525,10.176739011193074,10.398354530334473,202600.0
2002-08-01,10.48277791227575,10.816960706549175,10.363175691437899,10.377246856689453,216200.0
2002-08-02,10.380762723537353,10.430010450887695,9.941048955195125,9.958637237548828,164400.0
2002-08-05,9.958637232743392,10.152111693290593,9.955119442084357,9.993814468383789,232400.0
2002-08-06,10.218949608440836,10.426494599374134,10.218949608440836,10.292821884155273,168200.0
2002-08-07,10.377242471638693,10.655141829375772,10.327994755968753,10.539056777954102,155200.0
2002-08-08,10.451118404876807,10.820478439331055,10.451118404876807,10.820478439331055,98400.0
2002-08-09,10.781786572422826,10.852141077061425,10.641078234095913,10.799375534057617,126400.0
2002-08-12,10.764195109469888,10.85917346145626,10.61996902132025,10.855655670166016,102200.0
2002-08-13,10.84509779765377,10.985806036146155,10.676247911462909,10.679765701293945,156600.0
2002-08-14,10.683287917194052,10.950633345615463,10.377246784599686,10.940080642700195,211600.0
2002-08-15,10.90490500816574,10.978776623261743,10.739572818938841,10.852139472961426,151200.0
2002-08-16,10.83454641718859,10.978772471989322,10.816958135754328,10.922489166259766,105000.0
2002-08-19,10.904897374610599,11.080782816136576,10.795848588730413,10.901379585266113,172400.0
2002-08-20,10.901385958065193,10.901385958065193,10.743089370723652,10.838067054748535,182800.0
2002-08-21,10.841580717961468,10.904899597167969,10.743085280040113,10.904899597167969,451400.0
2002-08-22,10.940074597105736,11.115960038631714,10.764189155579759,10.901379585266113,163600.0
2002-08-23,10.901384345131193,10.911937717772561,10.65866214197977,10.732534408569336,145200.0
2002-08-26,10.739570941404372,10.816960334777832,10.619968724677165,10.816960334777832,146600.0
2002-08-27,10.852133709434083,10.922487495358478,10.669212658320973,10.707907676696777,163600.0
2002-08-28,10.693839384039165,10.693839384039165,10.437046688214954,10.553131103515625,101000.0
2002-08-29,10.553130173233477,10.693838441353268,10.514435147894305,10.627001762390137,151800.0
2002-08-30,10.641072304536824,10.901382753125553,10.641072304536824,10.845099449157715,104600.0
2002-09-03,10.764189013085035,10.764189013085035,10.51794912982847,10.577750205993652,128600.0
2002-09-04,10.570716887235655,10.79936854383414,10.535540328635747,10.79585075378418,234400.0
2002-09-05,10.535542491751302,10.539059611573537,10.095828709473702,10.201359748840332,687800.0
2002-09-06,10.20135721776535,10.398348755483836,10.043060027040788,10.264676094055176,432000.0
2002-09-09,10.289304086717507,10.45815404403562,10.218949602359917,10.377246856689453,334800.0
2002-09-10,10.380763066615312,10.447599749478233,10.359656992903332,10.430010795593262,165600.0
2002-09-11,10.472424790537808,10.479493750903616,10.394668248913415,10.437081336975098,121400.0
2002-09-12,10.426473535536882,10.426473535536882,10.214409532190912,10.235615730285645,120200.0
2002-09-13,10.21441394369958,10.270964279131007,10.02002224992069,10.228551864624023,202400.0
2002-09-16,10.214413013874307,10.278032303976648,10.17906888891377,10.242688179016113,185600.0
2002-09-17,10.285102051381365,10.334583425635303,10.055366232745435,10.090709686279297,179400.0
2002-09-18,10.020023507652962,10.037695236893532,9.892784899894428,9.931663513183594,211800.0
2002-09-19,9.896316076207594,9.896316076207594,9.49339485168457,9.49339485168457,392000.0
2002-09-20,9.49339425810359,9.631235579109573,9.401499819388604,9.571150779724121,598600.0
2002-09-23,9.578218775094829,9.578218775094829,9.472186429947898,9.535805702209473,314200.0
2002-09-24,9.401501954650817,9.401501954650817,9.125818575892852,9.154093742370605,194400.0
2002-09-25,9.1576260208285,9.29193353490833,9.051594340561671,9.210641860961914,293800.0
2002-09-26,9.260127419024794,9.394434310068808,9.260127419024794,9.352021217346191,168800.0
2002-09-27,9.330813182774875,9.334347662654789,9.0127174090469,9.044527053833008,163400.0
2002-09-30,8.871342810924915,8.977374525448107,8.765310422268522,8.938496589660645,359400.0
2002-10-01,9.083406839573513,9.719598469759006,9.083406839573513,9.705460548400879,562600.0
2002-10-02,9.708990057512352,9.708990057512352,9.277793788869847,9.401497840881348,652200.0
2002-10-03,9.38382332212588,9.684247187762667,9.235378628171977,9.29899787902832,335000.0
2002-10-04,9.36615779124249,9.383829517421766,8.952633061795892,9.019786834716797,224400.0
2002-10-07,8.995044639956356,9.012716363172109,8.747636470137635,8.754705429077148,123200.0
2002-10-08,8.76530460095237,8.924352741241456,8.673410868932843,8.835992813110352,282200.0
2002-10-09,8.836000008702731,8.85013793230064,8.341184143042039,8.365924835205078,284600.0
2002-10-10,8.401266948972987,8.85720408918789,8.401266948972987,8.850135803222656,441400.0
2002-10-11,9.048058617136613,9.295466061782543,9.01271450386351,9.253053665161133,184000.0
2002-10-14,9.224778940391785,9.313138890636662,9.026852840600478,9.122281074523926,170200.0
2002-10-15,9.203575838135809,9.719597797625852,9.203575838135809,9.670116424560547,145000.0
2002-10-16,9.64890918757147,9.754941564108758,9.355554091844615,9.366157531738281,151600.0
2002-10-17,9.53934244049035,9.807956834696938,9.53580796073503,9.7549409866333,90200.0
2002-10-18,9.754939852513758,9.790283971824733,9.479256530847762,9.617097854614258,87600.0
2002-10-21,9.610028854964192,9.878643197953464,9.454515146047676,9.87510871887207,221400.0
2002-10-22,9.8397645054724,9.843298984519052,9.595890844317049,9.634769439697266,251800.0
2002-10-23,9.931658649287574,9.931658649287574,9.489858893306213,9.726663589477539,326600.0
2002-10-24,9.737266551106552,9.737266551106552,9.450980492139081,9.465118408203125,328000.0
2002-10-25,9.465116572396427,9.860968707550972,9.401497310713387,9.807952880859375,222800.0
2002-10-28,9.860974941493232,9.913990801700562,9.723133570127525,9.74787425994873,161400.0
2002-10-29,9.744337086095804,9.825628094220814,9.627701956223772,9.815025329589844,259800.0
2002-10-30,9.818560158876721,9.882178771327544,9.74787191286504,9.857438087463379,179000.0
2002-10-31,9.857438550893027,9.938730239868164,9.758475810783809,9.938730239868164,166400.0
2002-11-01,10.037695413258065,10.147261619567871,9.871578863424922,10.147261619567871,185200.0
2002-11-04,10.179070444961752,10.179070444961752,10.073038728004466,10.080107688903809,89200.0
2002-11-05,10.090708913578988,10.249757138834843,10.080106147984006,10.242688179016113,172400.0
2002-11-06,10.242690380884138,10.53251105442359,10.140193138011208,10.461823463439941,176600.0
2002-11-07,10.426476617144724,10.444148341757836,10.270962878843607,10.338116645812988,191400.0
2002-11-08,10.302771977025628,10.387597464117468,10.090707922229504,10.14372444152832,143200.0
2002-11-11,10.179069975040862,10.232086505205192,9.913990020751953,9.913990020751953,146600.0
2002-11-12,9.91752182002689,10.232083739157854,9.860971498996538,10.05182933807373,137400.0
2002-11-13,10.051829080803287,10.285099317616334,10.00234704556844,10.193204879760742,117400.0
2002-11-14,10.23208918180216,10.422946448266986,10.225020219379997,10.348724365234375,123800.0
2002-11-15,10.267430318160777,10.592595100402832,10.249758590244673,10.592595100402832,191200.0
2002-11-18,10.592592207906776,10.606730125685615,10.507766723632812,10.507766723632812,394000.0
2002-11-19,10.567854697620094,10.60319882854188,10.504235396787527,10.557251930236816,493200.0
2002-11-20,10.532509778100708,10.574922866857912,10.486562883235816,10.553716659545898,458800.0
2002-11-21,10.603199639184972,10.921295493533865,10.56078654400959,10.914226531982422,294600.0
2002-11-22,10.868276218455074,10.960170667377003,10.624402514551994,10.705694198608398,349800.0
2002-11-25,10.709225867985667,10.921289886725894,10.581987996047877,10.825860977172852,208200.0
2002-11-26,10.797589890937198,10.797589890937198,10.465356832910308,10.585526466369629,175800.0
2002-11-27,10.638540349995523,10.938964377941524,10.638540349995523,10.928360939025879,139200.0
2002-11-29,10.956632494204017,11.073267587338295,10.956632494204017,11.009648323059082,41200.0
2002-12-02,11.08034309827105,11.083877578836399,10.914225882365846,11.013189315795898,196600.0
2002-12-03,11.027325434103497,11.027325434103497,10.76224550226575,10.790520668029785,240200.0
2002-12-04,10.779915548140004,10.981376157080025,10.603195621121314,10.956635475158691,239400.0
2002-12-05,10.960169882420985,10.960169882420985,10.62086727423028,10.716296195983887,138600.0
2002-12-06,10.64561087044733,10.981378395752868,10.642076390290452,10.949568748474121,137800.0
2002-12-09,10.949570833503845,10.956639795163682,10.733972895945131,10.74104118347168,266400.0
2002-12-10,10.76224190561013,10.921289407080492,10.76224190561013,10.871808052062988,138800.0
2002-12-11,10.846959630204504,10.864712835062607,10.669431644916605,10.72269058227539,363400.0
2002-12-12,10.740444111700432,10.768848564907215,10.587769921758131,10.669432640075684,142600.0
2002-12-13,10.61617334751892,10.644577797976686,10.431544080935682,10.438645362854004,237800.0
2002-12-16,10.45639380923415,10.488348886109206,10.367629857295713,10.459943771362305,647200.0
2002-12-17,10.371179819423865,10.57356219870428,10.360528578608987,10.459943771362305,382800.0
2002-12-18,10.37118024782918,10.39248408476936,10.161697935639312,10.218506813049316,256400.0
2002-12-19,10.218506127138063,10.218506127138063,9.984169354247703,9.994820594787598,437800.0
2002-12-20,10.012573306043167,10.108437852334555,9.891854286193848,9.891854286193848,1210400.0
2002-12-23,9.870556568067611,9.966421850977678,9.870556568067611,9.95221996307373,469200.0
2002-12-24,9.959316333000407,10.005473972793743,9.898956811342787,9.913159370422363,111000.0
2002-12-26,9.913158989861543,10.115540708469155,9.884754550008111,10.087136268615723,206200.0
2002-12-27,10.094238471111462,10.143946076097457,9.934463059063155,9.948665618896484,189400.0
2002-12-30,9.927363272660825,10.026779174804688,9.781790398545251,10.026779174804688,185000.0
2002-12-31,10.012577267095743,10.207857753227843,9.913161365179796,10.101341247558594,147000.0
2003-01-02,10.08358394865317,10.367628977069478,9.980618125298433,10.154595375061035,399800.0
2003-01-03,10.151041548455446,10.36407508356849,10.136838996747604,10.254007339477539,210800.0
2003-01-06,10.289520038126533,10.609070219474082,10.282418757443935,10.509654998779297,235400.0
2003-01-07,10.50965521899343,10.5380596651036,10.385385513305664,10.385385513305664,128000.0
2003-01-08,10.378284647277727,10.378284647277727,10.175902876001976,10.190105438232422,100600.0
2003-01-09,10.190095824192525,10.495443174691465,10.175893275361744,10.456387519836426,194000.0
2003-01-10,10.40313761277673,10.456396539618984,10.32502555847168,10.32502555847168,119400.0
2003-01-13,10.360522346873068,10.49899381189916,10.360522346873068,10.456387519836426,166600.0
2003-01-14,10.4031349334291,10.4031349334291,10.229157668274638,10.296618461608887,167400.0
2003-01-15,10.34987782144039,10.34987782144039,9.952215651394177,9.95931625366211,461000.0
2003-01-16,9.913159774495833,10.37118148803711,9.90960913458121,10.37118148803711,303800.0
2003-01-17,10.367632122060854,10.43864289279448,10.16169973566723,10.243362426757812,245800.0
2003-01-21,10.268213967671608,10.314370924616549,10.083584785461426,10.083584785461426,147000.0
2003-01-22,10.083588494829941,10.175903119894071,9.941566255198765,9.969970703125,230000.0
2003-01-23,9.941565944738914,10.026779285856536,9.657521474346833,10.023228645324707,367400.0
2003-01-24,10.026777566308235,10.026777566308235,9.764036306950674,9.877654075622559,326600.0
2003-01-27,9.788886268967518,9.788886268967518,9.373471041970804,9.380572319030762,335200.0
2003-01-28,9.398329507545734,9.416082709022954,9.259857922100375,9.288262367248535,356000.0
2003-01-29,9.302462504090855,9.43383277470857,9.0255187281598,9.423181533813477,326200.0
2003-01-30,9.40898044424904,9.412531084173086,9.16044106728841,9.171092987060547,276000.0
2003-01-31,9.124932928763641,9.366370266804006,9.124932928763641,9.320213317871094,323800.0
2003-02-03,9.330870319075967,9.522600173950195,9.274061423023198,9.522600173950195,217200.0
2003-02-04,9.487094349278287,9.490644989897838,9.298915136950287,9.430285453796387,249200.0
2003-02-05,9.451588978165345,9.54390292229276,9.100083018076448,9.110734939575195,219400.0
2003-02-06,9.107185450905021,9.337971694843059,9.107185450905021,9.19950008392334,201400.0
2003-02-07,9.213698293325397,9.263405888683643,9.153338780155298,9.163990020751953,179400.0
2003-02-10,9.167544374768399,9.231454553105916,9.160443093349683,9.188847541809082,116800.0
2003-02-11,9.160443442327797,9.188847891869298,8.922555923461914,8.922555923461914,264000.0
2003-02-12,8.88704414515162,9.011313094609116,8.840886526311706,8.85863971710205,372200.0
2003-02-13,8.84088606356422,8.954503769815544,8.826684188890278,8.940301895141602,165000.0
2003-02-14,8.940306466625039,8.954508348560886,8.801834900977875,8.894148826599121,307600.0
2003-02-18,8.911901162677816,8.972260678795505,8.798283409330455,8.869294166564941,456000.0
2003-02-19,8.851542274758005,8.865744156326725,8.769879593395856,8.805384635925293,423200.0
2003-02-20,8.805383906159996,8.840889622962097,8.585249680974368,8.592350959777832,364400.0
2003-02-21,8.62075649096034,8.805385022756305,8.599452651848441,8.801835060119629,343600.0
2003-02-24,8.801831860561531,8.801831860561531,8.521337509155273,8.521337509155273,324400.0
2003-02-25,8.485837797192938,8.603006243651173,8.386422556086275,8.585253715515137,248200.0
2003-02-26,8.592351129698045,8.592351129698045,8.446778297424316,8.446778297424316,220000.0
2003-02-27,8.37931699142577,8.496485378001326,8.37931699142577,8.432575225830078,351600.0
2003-02-28,8.485834272737192,8.702418547562809,8.47518303116561,8.695317268371582,350600.0
2003-03-03,8.730821856002192,8.812484524475828,8.55329396251246,8.560395240783691,187800.0
2003-03-04,8.560399628445959,8.560399628445959,8.251500637471912,8.265703201293945,279600.0
2003-03-05,8.265698942475671,8.40061984319076,8.201788792636618,8.205339431762695,410200.0
2003-03-06,8.184036254882812,8.29055340558204,8.176935653275041,8.184036254882812,373400.0
2003-03-07,8.113031274869488,8.17339083341118,8.105929990990301,8.116581916809082,202600.0
2003-03-10,8.095272341495921,8.134328698001372,7.935497630475411,8.020710945129395,303200.0
2003-03-11,8.059763287056882,8.09526830923286,7.970999377187157,7.9887518882751465,218000.0
2003-03-12,7.967320098285808,7.985184454178991,7.895864719079573,7.960175037384033,226400.0
2003-03-13,8.013764196331683,8.313878465441553,7.978036177350931,8.31030559539795,186800.0
2003-03-14,8.274578994049746,8.274578994049746,8.178113530711466,8.181686401367188,335200.0
2003-03-17,8.188834006616382,8.438929557800293,8.099514264258636,8.438929557800293,323000.0
2003-03-18,8.57469884876323,8.717610359951449,8.531825054678844,8.703319549560547,375800.0
2003-03-19,8.717609950475588,8.771201679471927,8.578271318793945,8.706892013549805,546200.0
2003-03-20,8.646151823681622,8.674734115600586,8.54968633290927,8.674734115600586,213400.0
2003-03-21,8.71760968419644,9.13205337524414,8.703318874913304,9.13205337524414,337800.0
2003-03-24,9.13204799067904,9.13204799067904,8.671158589397432,8.789060592651367,266200.0
2003-03-25,8.806923851177014,8.814069591998077,8.553256185127415,8.574692726135254,403200.0
2003-03-26,8.610426896924244,8.739046916265723,8.610426896924244,8.703319549560547,201600.0
2003-03-27,8.703317346612057,8.717608153385727,8.431785203355638,8.581842422485352,206000.0
2003-03-28,8.574693443800738,8.63900375366211,8.481800849718248,8.63900375366211,206000.0
2003-03-31,8.52110097918249,8.753332102760579,8.435354134236213,8.699740409851074,412400.0
2003-04-01,8.771197966665193,9.074885211036147,8.474656464857208,8.689023971557617,263000.0
2003-04-02,8.824787735341909,8.967699136909305,8.789059714586232,8.89624309539795,164600.0
2003-04-03,8.98556497137827,8.999856455705798,8.760479544863545,8.817644119262695,214000.0
2003-04-04,8.906965599551055,8.956984441600483,8.649724282826881,8.664015769958496,164800.0
2003-04-07,8.842654372429624,8.967702146310648,8.82121782536462,8.864090919494629,223600.0
2003-04-08,8.942692692922407,8.96770211130989,8.717606564523964,8.771198272705078,184000.0
2003-04-09,8.753332193399626,8.889097862273223,8.628284454345703,8.628284454345703,164200.0
2003-04-10,8.62829166428284,8.796213307299508,8.62829166428284,8.685456275939941,105400.0
2003-04-11,8.789066324142466,8.806930007226498,8.556835036770893,8.588990211486816,103800.0
2003-04-14,8.61042194977924,8.796207148308376,8.574693922145876,8.781915664672852,156800.0
2003-04-15,8.781919753184747,8.824793542596202,8.596134468161388,8.810502052307129,121200.0
2003-04-16,8.810499741858061,8.878382940018065,8.789063193501697,8.828363418579102,300400.0
2003-04-17,8.8355031341196,8.84622174171316,8.76047492533005,8.799775123596191,115800.0
2003-04-21,8.81764287582034,8.860515959846108,8.785487722073324,8.789060592651367,196200.0
2003-04-22,8.789061636513377,8.97841902945171,8.649722393242088,8.974846839904785,355600.0
2003-04-23,9.010572538536913,9.057019171615103,8.828360239483564,8.964126586914062,228000.0
2003-04-24,8.967697255530856,9.324976025221686,8.967697255530856,9.239229202270508,1236600.0
2003-04-25,9.271389240138705,9.271389240138705,9.082031146922422,9.167778015136719,223600.0
2003-04-28,9.167776799112698,9.550065124740122,9.167776799112698,9.450027465820312,241400.0
2003-04-29,9.5214817457339,9.5214817457339,9.37857033407713,9.457171440124512,212600.0
2003-04-30,9.432164543342138,9.707269510047437,9.360709159187941,9.64653205871582,294200.0
2003-05-01,9.610806573694372,9.610806573694372,9.232090961060168,9.339274406433105,294400.0
2003-05-02,9.339272819221904,9.557213226757689,9.33569994745592,9.514339447021484,255600.0
2003-05-05,9.51433486068086,9.646528326476604,9.489325451830247,9.575072288513184,164600.0
2003-05-06,9.575077867988604,9.575077867988604,9.457175813665174,9.539350509643555,183600.0
2003-05-07,9.503622456477066,9.539350496227547,9.371428913836988,9.460748672485352,171800.0
2003-05-08,9.38929103358742,9.467892157114955,9.257097522496709,9.27138900756836,173000.0
2003-05-09,9.271388010371577,9.489327682629334,9.271388010371577,9.450027465820312,149200.0
2003-05-12,9.421447003920877,9.657251076241483,9.421447003920877,9.628668785095215,209600.0
2003-05-13,9.592939603320717,9.592939603320717,9.450028164684,9.489328384399414,115600.0
2003-05-14,9.514337604140751,9.517910475214688,9.335698139176777,9.360708236694336,153000.0
2003-05-15,9.342840291347947,9.457169395961174,9.199928910581416,9.296394348144531,304800.0
2003-05-16,9.307121006885074,9.335703309851693,9.253529274004649,9.278538703918457,88400.0
2003-05-19,9.217793047212536,9.246375324821907,9.1999293792524,9.207075119018555,200400.0
2003-05-20,9.224946837081779,9.32855810974113,9.224946837081779,9.257102012634277,173400.0
2003-05-21,9.253523360664605,9.253523360664605,9.139194221858638,9.14991283416748,130600.0
2003-05-22,9.146342976228379,9.253526408801635,9.12133355405833,9.224944114685059,305000.0
2003-05-23,9.224942078841176,9.271388722440127,9.203505533348466,9.242806434631348,217800.0
2003-05-27,9.239233627235796,9.389290809631348,9.135622407304236,9.389290809631348,360400.0
2003-05-28,9.389290010995543,9.464318255083805,9.292824541634543,9.425017356872559,205200.0
2003-05-29,9.403581045954224,9.453599876585217,9.342843602421393,9.346416473388672,135000.0
2003-05-30,9.360708862918358,9.63938601077393,9.335698763727644,9.56435775756836,171400.0
2003-06-02,9.646534374358902,9.796591602996045,9.585796908447302,9.642961502075195,173000.0
2003-06-03,9.639389991058337,9.76801068561266,9.589371134934236,9.692981719970703,187200.0
2003-06-04,9.73942313439073,9.889480303325351,9.728704521804172,9.8608980178833,196000.0
2003-06-05,9.86804497655385,9.921636683184797,9.807307527317308,9.83588981628418,222200.0
2003-06-06,9.835891838337872,9.889483555986155,9.685834620049286,9.72513484954834,211800.0
2003-06-09,9.646529948089807,9.650102818734117,9.485754176372817,9.532200813293457,217600.0
2003-06-10,9.503619933311576,9.639385630571448,9.503619933311576,9.635812759399414,179400.0
2003-06-11,9.62503830774586,9.67172731133832,9.571166960148782,9.650178909301758,152800.0
2003-06-12,9.660954296593767,9.826160565047093,9.614265970624553,9.761514663696289,208400.0
2003-06-13,9.786655451798474,9.822569920733983,9.714826513927456,9.747149467468262,211000.0
2003-06-16,9.793840344426592,10.10988622411501,9.793840344426592,10.07397174835205,499200.0
2003-06-17,10.073967574445886,10.25713070843726,9.987773279334306,10.228399276733398,582600.0
2003-06-18,10.22839388990171,10.278674382661531,10.091919832435918,10.160157203674316,574400.0
2003-06-19,10.170938772560843,10.206853241774175,10.0129155190291,10.041646957397461,277200.0
2003-06-20,10.073969771267473,10.127841816844985,10.012915379956272,10.106292724609375,988200.0
2003-06-23,10.106293212671172,10.13861616757404,9.926721545438143,9.966227531433105,383600.0
2003-06-24,9.966224205956772,10.138612784576011,9.966224205956772,10.10269832611084,284600.0
2003-06-25,10.13861310082317,10.163753017029567,9.969816031286403,9.98418140411377,318000.0
2003-06-26,10.00213676270408,10.217622787513179,9.955447770072993,10.181708335876465,254400.0
2003-06-27,10.217627735384522,10.264316065613174,10.10988432829979,10.120658874511719,325600.0
2003-06-30,10.199667328314096,10.199667328314096,10.04164411944264,10.045235633850098,996200.0
2003-07-01,10.045237364521455,10.188895225524902,9.869257238304826,10.188895225524902,430800.0
2003-07-02,10.2319878996336,10.364871161841567,10.181708079614399,10.264310836791992,378800.0
2003-07-03,10.264313910334309,10.293045342521635,10.149388181585005,10.170936584472656,164800.0
2003-07-07,10.199664634419626,10.407967619956668,10.199664634419626,10.37564468383789,255800.0
2003-07-08,10.278681239791721,10.494166665333635,10.26790669451004,10.45466136932373,209000.0
2003-07-09,10.433109529562408,10.433109529562408,10.249947103118664,10.346915245056152,283800.0
2003-07-10,10.260722309112387,10.282270711818228,10.109882120148756,10.199667930603027,258400.0
2003-07-11,10.217625554860623,10.343325142116889,10.217625554860623,10.249948501586914,213600.0
2003-07-14,10.325369101085796,10.325369101085796,10.199668818505074,10.2319917678833,389600.0
2003-07-15,10.206846237182617,10.375643236130982,10.145791886922815,10.206846237182617,204600.0
2003-07-16,10.221215568476179,10.235581625879338,10.06319304710935,10.145795822143555,156400.0
2003-07-17,10.102698587014572,10.231990366823641,10.05601026931204,10.059601783752441,177800.0
2003-07-18,10.059602246085042,10.23558235168457,10.052419216874114,10.23558235168457,197600.0
2003-07-21,10.235579908610115,10.235579908610115,10.016502365046804,10.095514297485352,162800.0
2003-07-22,10.07396855983971,10.278680801391602,10.05601167014759,10.278680801391602,319000.0
2003-07-23,10.091927835498534,10.199670561833733,9.732784501032476,9.966227531433105,541600.0
2003-07-24,9.966219124488658,9.966219124488658,9.725593265974439,9.83692741394043,475800.0
2003-07-25,9.89080424435923,9.90876113069522,9.62503766850971,9.883621215820312,374400.0
2003-07-28,9.887214749526844,9.941086104549198,9.786654384476725,9.85848331451416,315200.0
2003-07-29,9.912352014204908,9.915943528245824,9.642994626237444,9.768694877624512,291000.0
2003-07-30,9.804612112721339,9.840526580810547,9.58912667420909,9.840526580810547,273800.0
2003-07-31,9.876437500611555,10.016503122325716,9.790243219171204,9.801017761230469,294200.0
2003-08-01,9.768697964845474,9.793837886065655,9.528071928148567,9.675320625305176,223200.0
2003-08-04,9.675320401407815,9.75074016332306,9.409554449640837,9.682502746582031,314400.0
2003-08-05,9.660953874583171,9.722008258190673,9.528071247621295,9.546028137207031,197800.0
2003-08-06,9.57116959667864,9.739967399995221,9.413146339854036,9.660955429077148,326600.0
2003-08-07,9.625035622543777,9.625035622543777,9.334129878667646,9.47419548034668,282200.0
2003-08-08,9.517298669715748,9.58194458160246,9.431104348870655,9.556804656982422,294800.0
2003-08-11,9.535252363611098,9.628629684448242,9.470607158426619,9.628629684448242,272000.0
2003-08-12,9.599900960925863,9.77228959338646,9.56398649124369,9.73637580871582,177200.0
2003-08-13,9.750738575479946,9.768696148019872,9.642995880285788,9.650178909301758,327800.0
2003-08-14,9.660953239957529,9.833341834697574,9.607081889727686,9.743556022644043,181200.0
2003-08-15,9.804611229748236,9.851300239562988,9.668137085313486,9.851300239562988,107800.0
2003-08-18,9.869257973786672,9.93031236375963,9.786655177061936,9.833343505859375,225200.0
2003-08-19,9.833339335541403,10.023685455322266,9.833339335541403,10.023685455322266,218800.0
2003-08-20,9.991364379407505,10.06678481263324,9.901578573431506,10.059601783752441,193400.0
2003-08-21,10.063190412074619,10.095513347756684,9.984178487069066,10.056007385253906,251200.0
2003-08-22,10.073965373248624,10.109879826283857,9.998545638384734,10.03805160522461,307600.0
2003-08-25,9.984181551067906,10.01291298215687,9.869255826712054,9.923127174377441,182200.0
2003-08-26,9.89439559765587,9.98418140411377,9.79742744728996,9.98418140411377,203200.0
2003-08-27,9.984180508509484,10.03805253556085,9.90516925251811,10.03446102142334,149000.0
2003-08-28,10.020094755630254,10.12065509434675,9.930308959101287,10.08474063873291,311000.0
2003-08-29,10.091922942271848,10.102696798674566,10.03805160522461,10.03805160522461,348800.0
2003-09-02,10.04523622701986,10.214033989081168,9.994956392369106,10.199667930603027,245400.0
2003-09-03,10.199670398572703,10.393608124885652,10.138616005290277,10.311004638671875,283400.0
2003-09-04,10.311007583539922,10.418751023934064,10.282276136437165,10.325373649597168,295200.0
2003-09-05,10.27149803807515,10.35410082882089,10.131431691798188,10.149389266967773,228600.0
2003-09-08,10.138614391996269,10.361283521774212,10.102699927837062,10.267906188964844,199800.0
2003-09-09,10.26790388453648,10.400786481587815,10.239172456659603,10.372055053710938,344200.0
2003-09-10,10.343325265360077,10.343325265360077,10.135022208981662,10.142205238342285,288000.0
2003-09-11,10.109722086383512,10.210783460994419,9.972567314524115,10.203564643859863,404200.0
2003-09-12,10.142203058047462,10.232436180114746,9.96895562890006,10.232436180114746,453200.0
2003-09-15,10.228831878214017,10.250487645560623,10.070021311348555,10.16025447845459,377000.0
2003-09-16,10.142205043433771,10.282968521118164,10.134986227033489,10.282968521118164,300400.0
2003-09-17,10.23244128750919,10.23244128750919,10.102505306580682,10.16025447845459,347400.0
2003-09-18,10.15664522484888,10.239660263061523,10.051975107382114,10.239660263061523,419600.0
2003-09-19,10.232439223973795,10.275750749932547,10.145815483632,10.203564643859863,280400.0
2003-09-22,10.113328209354142,10.210780143737793,10.005048052786506,10.210780143737793,297000.0
2003-09-23,10.196348039279952,10.254097212039087,10.134989457170315,10.239660263061523,167200.0
2003-09-24,10.239660106099535,10.239660106099535,10.030319185950514,10.16025447845459,438800.0
2003-09-25,10.214389546433534,10.293795137583155,9.983392965105432,9.9870023727417,312000.0
2003-09-26,9.961738723473264,10.156641946518965,9.918426513671875,9.918426513671875,577800.0
2003-09-29,9.95813168737142,10.03753662109375,9.817368176728621,10.03753662109375,491800.0
2003-09-30,9.968958973963488,9.983395920358014,9.871507004209235,9.907600402832031,435000.0
2003-10-01,9.922037322861598,10.355156728335619,9.914818505471358,10.275751113891602,461600.0
2003-10-02,10.275749704717882,10.34432708367212,10.17829843701096,10.282968521118164,290000.0
2003-10-03,10.380423297730664,10.49231222863967,10.344329894346478,10.376813888549805,362200.0
2003-10-06,10.376812911566946,10.376812911566946,10.308235520436034,10.358766555786133,254000.0
2003-10-07,10.35876136659841,10.384026527404785,10.28657460278819,10.384026527404785,302400.0
2003-10-08,10.38402874669909,10.38402874669909,10.13859452339848,10.199953079223633,393200.0
2003-10-09,10.268529269765526,10.405683308436105,10.073625401291261,10.214388847351074,379400.0
2003-10-10,10.207171395158952,10.279357482439181,10.084454289516037,10.192733764648438,255400.0
2003-10-13,10.181907540783843,10.409295446998811,10.167470595863032,10.243266105651855,197600.0
2003-10-14,10.268529285204238,10.319059611881361,10.08806304601558,10.210780143737793,265800.0
2003-10-15,10.268529771856537,10.311841285796982,10.142203260752721,10.22160816192627,196200.0
2003-10-16,10.196341424129034,10.337104855352305,10.145811102853807,10.257699966430664,151200.0
2003-10-17,10.304625029943168,10.380421230799996,10.189126712851117,10.293797492980957,273000.0
2003-10-20,10.286575793420214,10.384027729316502,10.127765307710424,10.185514450073242,228600.0
2003-10-21,10.185514618075509,10.185514618075509,9.911205843115567,10.044751167297363,583600.0
2003-10-22,9.95451709490074,9.95451709490074,9.517789154200342,9.63328742980957,767600.0
2003-10-23,9.571931242789825,9.571931242789825,9.333715818557769,9.514182090759277,647600.0
2003-10-24,9.441993704907835,9.441993704907835,9.25069924098991,9.33010482788086,413600.0
2003-10-27,9.402292749865262,9.564712674423266,9.308450891703096,9.40951156616211,421200.0
2003-10-28,9.420343026887394,9.622465133666992,9.351765625356576,9.622465133666992,448200.0
2003-10-29,9.582760289130572,9.582760289130572,9.481699601358281,9.5574951171875,264000.0
2003-10-30,9.564714138767002,9.885943940490186,9.52862074018113,9.78127384185791,522400.0
2003-10-31,9.799317818047044,9.849848839170033,9.633289188651348,9.68021011352539,179600.0
2003-11-03,9.680212550824036,9.853460039489839,9.680212550824036,9.831804275512695,220600.0
2003-11-04,9.802928357652343,9.813756582376886,9.691039455862338,9.763225555419922,226000.0
2003-11-05,9.745177914249815,9.84623926637843,9.709084525030729,9.817364692687988,249200.0
2003-11-06,9.835410838657149,9.940081596374512,9.745177711696991,9.940081596374512,209200.0
2003-11-07,9.95813557119422,9.99061957684633,9.889558149437025,9.943697929382324,383600.0
2003-11-10,9.940083117132946,9.976175822699624,9.716304625128704,9.763225555419922,378200.0
2003-11-11,9.727134352021247,9.727134352021247,9.61885415332674,9.676603317260742,195000.0
2003-11-12,9.672990891178646,9.925643920898438,9.672990891178646,9.925643920898438,201200.0
2003-11-13,9.907595464915907,9.936470031738281,9.835408703647984,9.936470031738281,192200.0
2003-11-14,9.979787872445414,10.015881275989718,9.857070713449424,9.867898941040039,309200.0
2003-11-17,9.853458808002632,9.853458808002632,9.64050853830636,9.810147285461426,410800.0
2003-11-18,9.853457783936623,9.943690916347853,9.662163983816283,9.665773391723633,199800.0
2003-11-19,9.672993646100297,9.857069359306353,9.61163507503161,9.78127384185791,201600.0
2003-11-20,9.745180870694632,9.770446044285574,9.586370323005976,9.629682540893555,165200.0
2003-11-21,9.672993724390807,9.745180522146809,9.651337960433736,9.705477714538574,151200.0
2003-11-24,9.745180205343237,10.033926010131836,9.723524442090168,10.033926010131836,392400.0
2003-11-25,10.033930124178692,10.070023536682129,9.918431754907362,10.070023536682129,336800.0
2003-11-26,10.106109873519618,10.282966713695318,10.106109873519618,10.22160816192627,352400.0
2003-11-28,10.261310454987058,10.264919862376292,10.178296150306863,10.214388847351074,182800.0
2003-12-01,10.286578520085179,10.40929565224084,10.27214088645545,10.340718269348145,244800.0
2003-12-02,10.358767848408508,10.358767848408508,10.25048763493881,10.286581039428711,350000.0
2003-12-03,10.196342786658029,10.293794723646098,10.109719072143328,10.1205472946167,524000.0
2003-12-04,10.12054730151006,10.257701344145731,10.059188750967342,10.232436180114746,406000.0
2003-12-05,10.199955957776995,10.264923939741234,10.080848220317337,10.091675758361816,211000.0
2003-12-08,10.102502860782167,10.60059020813907,10.102502860782167,10.593371391296387,483800.0
2003-12-09,10.59337233631589,10.60780928286489,10.456217557766587,10.467045783996582,506800.0
2003-12-10,10.467048434236322,10.485094794097964,10.394861617940753,10.477876663208008,345200.0
2003-12-11,10.468804721970647,10.72998046875,10.43978519455072,10.72998046875,365200.0
2003-12-12,10.68282571883599,10.911354447634936,10.548609950450423,10.871452331542969,559200.0
2003-12-15,11.031055254808514,11.031055254808514,10.758997001516203,10.77713394165039,481800.0
2003-12-16,10.791641122578111,10.842425094694613,10.697327537304803,10.838797569274902,179400.0
2003-12-17,10.809789784216663,10.809789784216663,10.613908042218567,10.748123168945312,288000.0
2003-12-18,10.71910126367226,10.8641996383667,10.63929771109458,10.8641996383667,196600.0
2003-12-19,10.827918229282004,10.89321231842041,10.719094516758028,10.89321231842041,284200.0
2003-12-22,10.864191929021695,10.929485321044922,10.78438774119358,10.929485321044922,185000.0
2003-12-23,10.929486249770905,11.085466420820351,10.925859415361291,11.00566291809082,205000.0
2003-12-24,10.900471411206183,11.002040115279003,10.889589519545654,10.991157531738281,60800.0
2003-12-26,11.027426770039401,11.081838277593112,11.009289831481452,11.041936874389648,77400.0
2003-12-29,11.00566370702264,11.121741789088333,10.987526766154854,11.034683227539062,274200.0
2003-12-30,11.045565267032028,11.045565267032028,10.958506017860229,11.00929069519043,228400.0
2003-12-31,11.045570216020502,11.136256340316631,10.871452331542969,10.871452331542969,504000.0
2004-01-02,10.91860522401689,11.05282024791585,10.91860522401689,10.973016738891602,478000.0
2004-01-05,11.027427020639271,11.107231212619473,10.987525616529043,11.045564651489258,242400.0
2004-01-06,11.056446286860037,11.110857794413748,11.02017171786428,11.041936874389648,301000.0
2004-01-07,11.056450139884621,11.063705194588033,10.95488214155724,11.060077667236328,196800.0
2004-01-08,11.056450594212194,11.099980232341274,11.009294120462473,11.052823066711426,245400.0
2004-01-09,11.009292819559093,11.027429763039667,10.791646038391985,10.809782981872559,393600.0
2004-01-12,10.82429201948466,10.951252686930594,10.809781912631422,10.947625160217285,284200.0
2004-01-13,10.947623881218455,11.023799857658474,10.88958484434609,11.00566291809082,234800.0
2004-01-14,11.027429575577685,11.132625783240844,11.027429575577685,11.121743202209473,203200.0
2004-01-15,11.085470122338204,11.147136706090995,10.93674495420738,11.052823066711426,189400.0
2004-01-16,11.027428205040218,11.085467246234117,10.95850658416748,10.95850658416748,223600.0
2004-01-20,10.95850906926435,11.136254451593508,10.947627178997738,10.998411178588867,320000.0
2004-01-21,11.009291652151525,11.154389260250332,11.002036598776593,11.103605270385742,214400.0
2004-01-22,11.081843652270381,11.110863183165444,10.983903167924659,10.991157531738281,271600.0
2004-01-23,10.99115785405878,11.081843977250289,10.987531017985706,11.027432441711426,359600.0
2004-01-26,11.06370119781622,11.08183813614267,10.9403680799328,10.994779586791992,174000.0
2004-01-27,10.994785059585189,11.060079177069131,10.969393056537031,10.991157531738281,230400.0
2004-01-28,10.991157294870664,11.099981052292064,10.95851023683226,10.983902931213379,393200.0
2004-01-29,11.020177058645086,11.150765293565708,10.846059873337715,10.878706932067871,547800.0
2004-01-30,10.900469390925833,10.95488160666455,10.700960239484088,10.733607292175293,479800.0
2004-02-02,10.733605919396533,10.76988049462297,10.610272778754627,10.664684295654297,374200.0
2004-02-03,10.664687859593302,10.679197971284875,10.519590202078604,10.548609733581543,389600.0
2004-02-04,10.519591190722952,10.519591190722952,10.374493519571795,10.454297065734863,548800.0
2004-02-05,10.457924315776731,10.537727859816712,10.428904782318535,10.43253231048584,369600.0
2004-02-06,10.50870311775745,10.628408720425895,10.465174185085239,10.55223274230957,602200.0
2004-02-09,10.577625476904979,10.632036992501494,10.530469014555987,10.566742897033691,545800.0
2004-02-10,10.555859840144524,10.566741726930852,10.447036129122074,10.48331069946289,632800.0
2004-02-11,10.49419395342554,10.55586051940918,10.403507867677833,10.55586051940918,669000.0
2004-02-12,10.519590804166658,10.592139983016457,10.447041625316858,10.4941987991333,242000.0
2004-02-13,10.519587521586255,10.588509150798918,10.410764479149444,10.425273895263672,415400.0
2004-02-17,10.44703650441559,10.57036963287699,10.421644511828816,10.53772258758545,360200.0
2004-02-18,10.51958990057215,10.574001434095624,10.265668488289023,10.305570602416992,507400.0
2004-02-19,10.36723292339227,10.374487976043214,10.138704299926758,10.138704299926758,533200.0
2004-02-20,10.102433005466267,10.113314896092527,9.93194267226685,10.022628784179688,411200.0
2004-02-23,10.051648408311129,10.066158518458217,9.888413820437183,9.960962295532227,283000.0
2004-02-24,9.950078298248085,10.156842480908642,9.866647258206104,10.066156387329102,253200.0
2004-02-25,10.055273472011447,10.077038631898978,9.993606902756703,10.029881477355957,303800.0
2004-02-26,10.033511206751099,10.066158261869735,9.877530986046533,10.04802131652832,408800.0
2004-02-27,10.048020826965061,10.309196563308932,10.004491191634376,10.247529983520508,546200.0
2004-03-01,10.265664583620044,10.447036754297995,10.258410222621668,10.44340991973877,490200.0
2004-03-02,10.46880166252989,10.55223269299498,10.45791908347274,10.53772258758545,495800.0
2004-03-03,10.501456470157846,10.526848481513573,10.403515261888254,10.49057388305664,343000.0
2004-03-04,10.447043473407534,10.58851432800293,10.410769569445996,10.58851432800293,197400.0
2004-03-05,10.544979543921366,10.675567748661951,10.534097654779671,10.632038116455078,207400.0
2004-03-08,10.66468324239923,10.700957814043154,10.51958564770344,10.53772258758545,191800.0
2004-03-09,10.537724259348593,10.555861893987965,10.421646165176687,10.436156272888184,216000.0
2004-03-10,10.47243309262001,10.501452622376581,10.233021107278093,10.269295692443848,270000.0
2004-03-11,10.269292794796646,10.519586600747726,10.22213633170324,10.251155853271484,321400.0
2004-03-12,10.338211135354426,10.450661659240723,10.21487803488052,10.450661659240723,171800.0
2004-03-15,10.416029600190086,10.416029600190086,10.179053214504295,10.208219528198242,240800.0
2004-03-16,10.26290616627759,10.394154924142889,10.120720475510023,10.233739852905273,257000.0
2004-03-17,10.29936657739234,10.437906423616646,10.29936657739234,10.419677734375,210200.0
2004-03-18,10.35404966133437,10.397799473500344,10.179051803429825,10.350403785705566,224600.0
2004-03-19,10.354051988782256,10.481654882955066,10.211866284195889,10.241032600402832,193400.0
2004-03-22,10.241036263267867,10.241036263267867,9.931143608118807,10.00041389465332,238000.0
2004-03-23,10.062388368104868,10.138949683891264,9.989472233220855,10.098846435546875,215200.0
2004-03-24,10.076973139378705,10.135305780488688,9.99676593169746,10.014994621276855,197800.0
2004-03-25,10.09885030254047,10.445200337412395,10.062392221138145,10.36863899230957,289400.0
2004-03-26,10.33946825750329,10.408737817713021,10.222803003066092,10.248323440551758,263400.0
2004-03-29,10.339466677168872,10.565505399247142,10.317591423770592,10.452486038208008,227400.0
2004-03-30,10.452491947212645,10.649364471435547,10.452491947212645,10.649364471435547,186600.0
2004-03-31,10.60925488074463,10.60925488074463,10.423319404919312,10.572796821594238,162000.0
2004-04-01,10.60925894095633,10.828006684194792,10.601967187259737,10.817069053649902,257600.0
2004-04-02,10.944672825474889,11.006651346026903,10.846236228942871,10.846236228942871,318600.0
2004-04-05,10.893628522970955,10.900920275423642,10.798838522605172,10.828004837036133,171800.0
2004-04-06,10.773319660144907,10.791549045119563,10.660300254821777,10.660300254821777,196200.0
2004-04-07,10.689463777198275,10.755088155168538,10.547278088515872,10.627485275268555,203800.0
2004-04-08,10.755088519421816,10.755088519421816,10.539986693402998,10.554570198059082,173600.0
2004-04-12,10.591029497722987,10.83894355898704,10.591029497722987,10.806131362915039,157600.0
2004-04-13,10.893632982644855,10.904570615801573,10.601969718933105,10.601969718933105,266400.0
2004-04-14,10.609257955967971,10.663944712855363,10.379572603509144,10.470717430114746,343000.0
2004-04-15,10.507171358269686,10.660294634426394,10.507171358269686,10.591024398803711,220200.0
2004-04-16,10.591026122790804,10.795190987819696,10.561859812840918,10.736858367919922,331800.0
2004-04-19,10.77331749207865,10.78425512086231,10.663943985761222,10.755088806152344,451000.0
2004-04-20,10.718637083019615,10.871760499721905,10.576451301574707,10.576451301574707,243400.0
2004-04-21,10.499883746813344,10.572799886249763,10.40509373907778,10.470717430114746,178200.0
2004-04-22,10.4707171851456,10.937378936785171,10.44884262197838,10.900920867919922,277400.0
2004-04-23,10.882691589671712,10.90821202787633,10.682172569501539,10.828004837036133,248200.0
2004-04-26,10.88269475364069,11.061338568390626,10.84623667615744,10.99206829071045,256600.0
2004-04-27,10.984775155499879,11.181648331937133,10.93738014749456,11.148836135864258,325400.0
2004-04-28,11.119668765857309,11.123314642340876,10.84623428800836,10.886338233947754,330200.0
2004-04-29,10.900920222823284,10.973836356238738,10.653006203666482,10.773317337036133,257200.0
2004-04-30,10.773317753354736,10.875400205005237,10.60925748989978,10.663944244384766,282000.0
2004-05-03,10.64571724564666,10.744153141172426,10.536343023958144,10.718632698059082,411400.0
2004-05-04,10.700401581571391,10.733213771096988,10.518111948820192,10.612902641296387,419400.0
2004-05-05,10.627493244251673,10.68218003510698,10.50718202621789,10.539994239807129,252600.0
2004-05-06,10.463425688183518,10.510820688951743,10.284781227785343,10.42696762084961,319400.0
2004-05-07,10.430612335548043,10.536339954124575,10.153532028198242,10.153532028198242,298000.0
2004-05-10,10.117074966430664,10.255614786129994,10.051450585117374,10.117074966430664,255800.0
2004-05-11,10.164470431210264,10.375926394340656,10.153533497411336,10.259261131286621,220400.0
2004-05-12,10.2920722468488,10.361342500308604,10.09155393387222,10.328530311584473,315800.0
2004-05-13,10.299367010944794,10.346762022196122,10.197284538906612,10.262908935546875,156000.0
2004-05-14,10.226447513752019,10.31394714422653,10.047803767677696,10.073324203491211,266800.0
2004-05-17,10.06968236106661,10.131660880893643,9.83270521765857,9.971245765686035,334200.0
2004-05-18,10.007699012756348,10.117072491266844,9.953011578121481,10.007699012756348,229800.0
2004-05-19,10.102495690198838,10.35770156982279,9.934789485871157,10.00041389465332,277400.0
2004-05-20,10.01864026344078,10.186347124236033,9.971245254417289,10.113430976867676,189600.0
2004-05-21,10.153532919694113,10.339468432874524,10.062388101196643,10.142595291137695,139800.0
2004-05-24,10.164473656391555,10.3504092391486,10.066037744068446,10.13895320892334,245200.0
2004-05-25,10.17176449915933,10.492594740960902,10.102494222687175,10.448844909667969,440000.0
2004-05-26,10.416027935352593,10.496235806725814,10.306654450326857,10.445194244384766,99600.0
2004-05-27,10.445190254390285,10.65664608794371,10.324879188668154,10.499876976013184,183600.0
2004-05-28,10.488945028346249,10.572798087667653,10.48165327656707,10.49259090423584,167800.0
2004-06-01,10.445199433212348,10.663947207310095,10.426970741779204,10.634780883789062,153400.0
2004-06-02,10.663939653344316,10.663939653344316,10.50352463992108,10.565503120422363,160600.0
2004-06-03,10.518113190780708,10.521759067311802,10.437905297856323,10.48165512084961,200400.0
2004-06-04,10.572797690632784,10.634776187668923,10.518110945102002,10.55821418762207,160600.0
2004-06-07,10.561860593580686,10.802482842299135,10.561860593580686,10.798837661743164,143400.0
2004-06-08,10.627487666894265,10.83529778031283,10.609258977969093,10.776965141296387,279200.0
2004-06-09,10.736861630875612,10.84623515258162,10.521759768857887,10.529050827026367,229400.0
2004-06-10,10.529049807552893,10.620194631942782,10.518112873669194,10.609257698059082,217000.0
2004-06-14,10.552466283804288,10.567122822818371,10.42422506174227,10.534146308898926,286400.0
2004-06-15,10.570788106055977,10.717350017809107,10.570788106055977,10.695365905761719,231800.0
2004-06-16,10.728338601887316,10.790627479553223,10.497503061593985,10.790627479553223,247200.0
2004-06-17,10.753990607084479,10.900552517973848,10.625748672982912,10.856583595275879,297400.0
2004-06-18,10.900545417040602,11.065427896170835,10.900545417040602,11.061763763427734,434000.0
2004-06-21,11.043446067829493,11.043446067829493,10.838259471101425,10.940853118896484,279200.0
2004-06-22,10.940852297255061,11.065430039199873,10.841922790617359,11.032453536987305,226200.0
2004-06-23,10.992150899115337,11.131384503004792,10.992150899115337,11.120392799377441,543600.0
2004-06-24,11.138713366129162,11.193673983787162,11.072760345394691,11.153369903564453,239600.0
2004-06-25,11.164360878601068,11.358555793762207,11.124056801010738,11.358555793762207,495200.0
2004-06-28,11.358560153181692,11.670004684251088,11.299935382493617,11.486802101135254,433000.0
2004-06-29,11.490464425987074,11.633362194663547,11.413518989795087,11.527104377746582,267400.0
2004-06-30,11.541761022170142,11.607714054114794,11.45015974421641,11.596721649169922,244800.0
2004-07-01,11.596721208497687,11.615041882709626,11.428175198921421,11.442831039428711,286400.0
2004-07-02,11.468474155180484,11.505114788354552,11.321912321346161,11.453818321228027,135400.0
2004-07-06,11.39519667584842,11.501453772101264,11.190010052873786,11.255962371826172,256600.0
2004-07-07,11.266954537360899,11.486797692496463,11.266954537360899,11.358555793762207,202400.0
2004-07-08,11.285278971359029,11.398865077389965,11.17535769975882,11.179021835327148,167400.0
2004-07-09,11.201001056572503,11.329242949990217,11.179016951628983,11.277946472167969,80200.0
2004-07-12,11.277945148889563,11.34023402130606,11.087414398102393,11.259624481201172,135800.0
2004-07-13,11.296269170641908,11.380542175658306,11.248636815286373,11.325581550598145,102400.0
2004-07-14,11.270621160801065,11.483136094635384,11.113066853174155,11.318253517150879,237800.0
2004-07-15,11.354896560411614,11.428177876705698,11.296271786921317,11.33291244506836,105000.0
2004-07-16,11.332908397005461,11.351228370103959,11.131385198611106,11.266955375671387,228000.0
2004-07-19,11.314585684031819,11.314585684031819,11.11306322085183,11.175352096557617,172600.0
2004-07-20,11.15703413935605,11.274283644455657,11.138713467395375,11.266955375671387,177800.0
2004-07-21,11.285275993546747,11.318252506097876,10.992152214050293,10.992152214050293,345200.0
2004-07-22,11.010470626130829,11.36588394456749,10.808948143674955,11.36221981048584,437400.0
2004-07-23,11.321916127001968,11.395197417982274,11.146041867283852,11.21932315826416,288600.0
2004-07-26,11.255962508068773,11.307259688579938,11.124057169705278,11.186346054077148,284000.0
2004-07-27,11.211992142935387,11.34023402130606,11.164359105807588,11.259624481201172,313600.0
2004-07-28,11.263289085702592,11.281609754157044,11.069094193257671,11.222984313964844,302000.0
2004-07-29,11.303597293085122,11.47947157053128,11.24863666874098,11.446495056152344,349800.0
2004-07-30,11.413515439798395,11.413515439798395,11.263289447950571,11.285273551940918,200200.0
2004-08-02,11.230317608228596,11.552754528734775,11.211997630435853,11.497793197631836,482800.0
2004-08-03,11.60771190979681,11.615040178406291,11.464814166222736,11.530766487121582,582000.0
2004-08-04,11.486797092568212,11.677327863658872,11.37321173624428,11.6333589553833,398200.0
2004-08-05,11.604046454101956,11.633358826339824,11.197336677797201,11.233977317810059,281000.0
2004-08-06,11.179020305402393,11.21566095720874,11.02879426197244,11.124059677124023,306400.0
2004-08-09,11.182681780504106,11.398860805991665,11.171689377918215,11.351227760314941,401800.0
2004-08-10,11.424513570438629,11.699317454145026,11.39886531977735,11.684660911560059,565000.0
2004-08-11,11.6333589553833,11.688319566581198,11.347562798747312,11.6333589553833,651200.0
2004-08-12,11.615038248067513,11.615038248067513,11.409850954275715,11.43549919128418,296400.0
2004-08-13,11.505118741800066,11.530766984176704,11.34390031975267,11.376876831054688,170000.0
2004-08-16,11.358556703891058,11.699313516825738,11.358556703891058,11.688321113586426,167600.0
2004-08-17,11.72496236698302,11.72496236698302,11.578400477168175,11.626032829284668,193600.0
2004-08-18,11.560077680300244,11.82388973236084,11.468476428637446,11.82388973236084,138000.0
2004-08-19,11.77992090683803,11.77992090683803,11.541757105881002,11.622365951538086,259200.0
2004-08-20,11.673660908999835,11.81655860335812,11.626027878305795,11.779918670654297,262400.0
2004-08-23,11.805571930527847,11.871524955660082,11.626032829284668,11.626032829284668,202800.0
2004-08-24,11.710300472880169,11.882511226156694,11.691980507105256,11.783581733703613,219400.0
2004-08-25,11.831217398459557,11.952130317687988,11.666334874307967,11.952130317687988,348800.0
2004-08-26,11.992436408996582,12.14266241469643,11.977779872410192,11.992436408996582,390000.0
2004-08-27,12.021755354132235,12.128011801973315,11.908169236693563,11.99610710144043,513400.0
2004-08-30,11.992435343948852,12.153653038908626,11.952130570777875,12.091364860534668,434200.0
2004-08-31,12.12800360404595,12.274566146980087,12.054723730302879,12.186628341674805,241200.0
2004-09-01,12.186633327705614,12.391820692218825,12.091368614228683,12.355180740356445,526200.0
2004-09-02,12.311212212953668,12.575024362483648,12.26724398727357,12.55303955078125,345800.0
2004-09-03,12.487084597252208,12.604334099766135,12.476091495456055,12.567692756652832,275400.0
2004-09-07,12.714254262996233,12.860815429934638,12.659292951816704,12.813183784484863,522600.0
2004-09-08,12.81318768824637,12.842499371474684,12.476094245910645,12.476094245910645,486400.0
2004-09-09,12.512733907376841,12.640975124916654,12.494412535393062,12.615326881408691,439400.0
2004-09-10,12.586014284869664,12.586014284869664,12.446781357004092,12.527389526367188,214800.0
2004-09-13,12.584426201334175,12.617543167798646,12.499794265631113,12.510832786560059,235400.0
2004-09-14,12.510834330597199,12.510834330597199,12.308453467749569,12.371006965637207,234000.0
2004-09-15,12.345248249839006,12.466677597675513,12.308452243409702,12.444599151611328,234200.0
2004-09-16,12.510826482418144,12.746324168087119,12.510826482418144,12.70584774017334,179000.0
2004-09-17,12.79048677001849,12.838322702760353,12.58074643895963,12.67641830444336,320600.0
2004-09-20,12.602823540552958,12.783127327072426,12.56970657583214,12.621221542358398,121400.0
2004-09-21,12.639617423776993,12.801523181330165,12.639617423776993,12.709531784057617,215600.0
2004-09-22,12.67641993301263,12.702177422334056,12.440922085686513,12.658021926879883,237200.0
2004-09-23,12.639619213224332,12.705853140931785,12.569706246723143,12.588104248046875,129800.0
2004-09-24,12.547630096101717,12.775769845978315,12.547630096101717,12.551310539245605,169000.0
2004-09-27,12.551309525557741,12.551309525557741,12.117109912379805,12.260616302490234,351400.0
2004-09-28,12.234856595787198,12.621220207550259,12.234856595787198,12.573384284973145,257400.0
2004-09-29,12.547623416747177,12.720567656825953,12.51082742696222,12.628576278686523,218800.0
2004-09-30,12.643300067075876,13.02230424065115,12.621221622562507,12.911914825439453,349600.0
2004-10-01,12.933988538428066,13.066454946016567,12.790480807105672,13.003901481628418,323000.0
2004-10-04,13.08117872366088,13.158451174146004,12.94503182466172,13.011265754699707,185600.0
2004-10-05,13.011260570047307,13.025979527230083,12.812558859110867,12.878792762756348,172600.0
2004-10-06,12.878789006973614,13.243075370788574,12.75000167837452,13.243075370788574,303000.0
2004-10-07,13.19156711705486,13.19156711705486,12.731610085028155,12.73529052734375,222000.0
2004-10-08,12.694814334462071,12.80520374359146,12.521870037830283,12.569705963134766,204400.0
2004-10-11,12.58442441922951,12.73896930505988,12.58442441922951,12.724251747131348,100400.0
2004-10-12,12.665380006390668,12.713215945278126,12.422522675875872,12.658021926879883,157000.0
2004-10-13,12.746325272328297,12.750005713553993,12.183338481023359,12.20909595489502,258200.0
2004-10-14,12.212781964183447,12.440921725391748,12.194383958583513,12.326851844787598,214800.0
2004-10-15,12.326844635606305,12.731606136797192,12.326844635606305,12.382040023803711,218800.0
2004-10-18,12.308452652817977,12.488755055467585,12.124469807196416,12.415163040161133,225200.0
2004-10-19,12.451958335476293,12.569707237643824,12.451958335476293,12.510832786560059,665800.0
2004-10-20,12.474030204892898,12.602817560094639,12.370998917054608,12.532904624938965,228200.0
2004-10-21,12.547623150267231,12.797839805786667,12.437233779579717,12.694809913635254,219200.0
2004-10-22,12.713210720671059,13.00022483236692,12.59546184539795,12.59546184539795,252600.0
2004-10-25,12.6212184623487,12.952388028740165,12.584422467717303,12.786803245544434,216200.0
2004-10-26,12.779449087062316,12.970791426907681,12.459319308704591,12.915596008300781,243000.0
2004-10-27,12.915595359080532,13.213648077955707,12.882478390316624,13.125335693359375,337000.0
2004-10-28,13.228365238001196,13.364512133822341,13.081178418313035,13.162131309509277,789400.0
2004-10-29,13.154767614963914,13.338750378809564,13.04069779605586,13.191563606262207,305200.0
2004-11-01,13.195244452659415,13.338750788275973,13.070136113256776,13.324031829833984,193400.0
2004-11-02,13.393951887120942,13.482262868043717,13.13269517633654,13.217327117919922,372600.0
2004-11-03,13.37554938217228,13.68464055118486,13.37554938217228,13.65152359008789,333800.0
2004-11-04,13.651523491580244,14.030529022216799,13.570572012343105,14.030529022216797,381400.0
2004-11-05,14.01949129404927,14.207154569513339,13.739838005888014,13.872305870056152,384200.0
2004-11-08,13.835506838326376,13.835506838326376,13.544815063476562,13.544815063476562,409400.0
2004-11-09,13.485938371858918,13.861262008835673,13.397626019602656,13.835504531860352,411200.0
2004-11-10,13.791346076175104,14.026843759712584,13.780307560908321,14.0158052444458,212200.0
2004-11-11,14.015809377588521,14.295462608337404,13.982692418345348,14.295462608337402,288000.0
2004-11-12,14.295471262805481,14.424260139465332,14.137245851040468,14.424260139465332,150800.0
2004-11-15,14.424255021709396,14.424255021709396,14.192436248913992,14.38377857208252,260200.0
2004-11-16,14.35065256327924,14.372730995623316,14.05995952062782,14.089397430419922,244200.0
2004-11-17,14.166673797324153,14.571435344348252,14.159314317819344,14.288103103637695,266000.0
2004-11-18,14.258659951691747,14.313855325878643,13.953247980897158,14.148270606994629,255200.0
2004-11-19,14.1114744590872,14.1114744590872,13.769266477976398,14.089397430419922,244800.0
2004-11-22,14.100444828372067,14.38377857208252,14.026851411202992,14.38377857208252,209800.0
2004-11-23,14.380097179593072,14.380097179593072,13.986372672722716,14.229229927062988,225200.0
2004-11-24,14.221868216172476,14.519919395446777,14.129876834188638,14.519919395446777,263600.0
2004-11-26,14.534646957105135,14.553044963657024,14.387460097334166,14.427936553955078,67400.0
2004-11-29,14.46104269631459,14.512557637547843,14.11147521893297,14.479440689086914,346800.0
2004-11-30,14.424246588383237,14.659744262695312,14.3101767882797,14.659744262695312,486200.0
2004-12-01,14.71862728420611,14.957805539045534,14.71494824500324,14.836376190185547,370800.0
2004-12-02,14.7922110100656,14.935717307478283,14.527275443348794,14.637664794921875,256800.0
2004-12-03,14.619276460116858,14.784861298689073,14.512566074850575,14.589839935302734,238800.0
2004-12-06,14.5162432907034,14.611913729678298,14.372736930402363,14.542000770568848,244600.0
2004-12-07,14.571442742677537,14.571442742677537,14.332265853881838,14.332265853881836,355200.0
2004-12-08,14.332255366649353,14.54199557268565,14.313857373846968,14.409527778625488,221600.0
2004-12-09,14.36905729446284,14.534642105514317,14.166676482589905,14.413212776184082,263400.0
2004-12-10,14.36905135225412,14.464723160709514,14.247623476816887,14.409527778625488,209400.0
2004-12-13,14.479714624077149,14.51665210723877,14.346737430175857,14.51665210723877,170000.0
2004-12-14,14.535119535149962,14.727197530194827,14.535119535149962,14.708728790283203,258000.0
2004-12-15,14.701342976012512,14.804770469665527,14.623773412578794,14.804770469665527,215200.0
2004-12-16,14.738285001227982,14.819547766773049,14.594225398290098,14.789998054504395,315600.0
2004-12-17,14.82693194020652,14.867564017632121,14.416919390293163,14.705037117004395,358600.0
2004-12-20,14.70503451658981,14.838010279547454,14.59052608310121,14.616382598876953,174800.0
2004-12-21,14.70134295927255,14.708730738030404,14.439083154204951,14.461246490478516,377200.0
2004-12-22,14.546201370009387,14.819542092401692,14.535118999211415,14.786297798156738,204800.0
2004-12-23,14.70134162902832,14.771524816340085,14.590527775836883,14.70134162902832,234400.0
2004-12-27,14.775218716594098,14.778911901280397,14.479714624077149,14.51665210723877,186200.0
2004-12-28,14.498181549176582,14.830624492277941,14.498181549176582,14.6607084274292,236200.0
2004-12-29,14.682872084582973,14.682872084582973,14.520345202737435,14.594220161437988,154000.0
2004-12-30,14.479715460197719,14.58314154628225,14.339350479743898,14.424307823181152,334000.0
2004-12-31,14.453858027197473,14.47971454708806,14.265473200480736,14.298717498779297,242200.0
2005-01-03,14.409530814366459,14.416918592496355,14.006906065272084,14.054925918579102,365200.0
2005-01-04,14.054929988393068,14.054929988393068,13.445452911476883,13.482390403747559,463800.0
2005-01-05,13.40850737419282,13.471302770865217,13.157328605651855,13.157328605651855,594000.0
2005-01-06,13.157327586099766,13.43066966329831,12.677133416066411,13.412200927734375,1526600.0
2005-01-07,13.412205703860423,13.611670091684676,13.205352128290242,13.460224151611328,909400.0
2005-01-10,13.408508739939325,13.667075311429917,13.360488891601562,13.360488891601562,634000.0
2005-01-11,13.356797882421777,13.356797882421777,13.113006825964025,13.223820686340332,671200.0
2005-01-12,13.186885387202933,13.282923706352852,12.78795373286885,13.209047317504883,778800.0
2005-01-13,13.205354600433147,13.205354600433147,12.954175714887722,13.039133071899414,764800.0
2005-01-14,12.872906493515451,12.872906493515451,12.521996237581641,12.584790229797363,5539000.0
2005-01-18,12.558938734167565,12.747322195187088,12.485062342151585,12.717772483825684,1380200.0
2005-01-19,12.743627718139557,12.773178835581017,12.525693158770698,12.588488578796387,770000.0
2005-01-20,12.448123595920027,12.629119258586233,12.411184699097959,12.562630653381348,1042200.0
2005-01-21,12.562630202951503,12.669750886282463,12.521999531516284,12.610650062561035,765400.0
2005-01-24,12.603262735348205,12.640201632170271,12.529386350778903,12.562630653381348,1005000.0
2005-01-25,12.60695743560791,12.684527005974454,12.558937573872733,12.60695743560791,661800.0
2005-01-26,12.60695597953086,12.66974998379172,12.555242938592578,12.6328125,535800.0
2005-01-27,12.63650697440247,12.70299557927299,12.584793928186473,12.640201568603516,486200.0
2005-01-28,12.669752577812622,12.680834952478905,12.558938694674605,12.621732711791992,478200.0
2005-01-31,12.762094796389079,12.968948364257812,12.699300793633633,12.968948364257812,1008000.0
2005-02-01,12.968948206345695,13.076068878173826,12.943091686811268,13.076068878173828,818600.0
2005-02-02,13.07606631609216,13.135167121887207,12.92831359706736,13.135167121887207,485000.0
2005-02-03,13.149944120004681,13.149944120004681,12.85444002690648,12.987417221069336,752600.0
2005-02-04,12.994808670898854,13.179498957399321,12.980033109800802,13.16472339630127,788800.0
2005-02-07,13.186881039186815,13.367876652657285,13.168412300333117,13.312470436096191,1131400.0
2005-02-08,13.33463511920665,13.489775657653809,13.257065554520443,13.489775657653809,1179600.0
2005-02-09,13.511938306638564,13.519324676073456,13.275533621556546,13.353104591369629,661400.0
2005-02-10,13.371573333106202,13.500855934336883,13.264452658329537,13.353104591369629,385800.0
2005-02-11,13.360482047645709,13.37156441255403,13.186874300251,13.293994903564453,608600.0
2005-02-14,13.268145952977648,13.31247262440229,13.13886335067582,13.297697067260742,361000.0
2005-02-15,13.279226671564318,13.345715261346047,13.08345408650722,13.161025047302246,474400.0
2005-02-16,13.149946923185933,13.327250825915486,13.07607194096941,13.260762214660645,328600.0
2005-02-17,13.257066055566753,13.257066055566753,12.932010817690717,12.97264289855957,654800.0
2005-02-18,13.009580945259916,13.127782586031781,12.90984804665715,12.943092346191406,437800.0
2005-02-22,12.909848542323111,12.965254770957689,12.636506356871674,12.647588729858398,437200.0
2005-02-23,12.739932416950637,12.902459308659179,12.691912563621564,12.86921501159668,537400.0
2005-02-24,13.630140201248006,13.807442661591473,13.249677350753453,13.733566284179688,1352000.0
2005-02-25,13.825908089076815,14.1620441870948,13.770500467032628,14.154656410217285,825800.0
2005-02-28,14.14727379826074,14.176824916559397,13.910870488170985,14.036459922790527,700000.0
2005-03-01,14.054931550964692,14.298722690649903,14.054931550964692,14.180521011352539,373200.0
2005-03-02,14.054927436314387,14.29133072570087,13.981051056112422,14.099252700805664,376200.0
2005-03-03,14.147272217212917,14.272861637797043,14.051233911624927,14.117722511291504,264400.0
2005-03-04,14.147269692478304,14.43908056015204,14.110332214399753,14.372591972351074,255400.0
2005-03-07,14.387364264514941,14.41691395846175,14.184205363005379,14.243306159973145,167000.0
2005-03-08,14.22114932974834,14.317187640293993,14.036459078712648,14.276556968688965,421000.0
2005-03-09,14.221154754424328,14.398457293961878,13.966282618040724,13.977363586425781,630600.0
2005-03-10,13.977363995460545,14.084484723235311,13.814837015063754,13.933038711547852,329800.0
2005-03-11,13.944159805423707,13.999788670657638,13.747606933745224,13.777276039123535,938600.0
2005-03-14,13.780983882188858,14.11475424206539,13.777275951390585,13.97011947631836,633400.0
2005-03-15,14.036869176830281,14.129582979622292,13.74018529083592,13.83289909362793,369400.0
2005-03-16,13.795821431011579,13.799529362615154,13.554764850447093,13.636353492736816,356400.0
2005-03-17,13.636346384401099,13.981241846492344,13.595552084521435,13.918195724487305,445200.0
2005-03-18,13.999785347798719,14.070247334296795,13.881111783854344,14.055414199829102,759600.0
2005-03-21,14.088795513209243,14.088795513209243,13.773567613661411,13.82548713684082,276400.0
2005-03-22,13.829182361508986,13.840307558058562,13.443492847863112,13.447200775146484,744600.0
2005-03-23,13.387874735950335,13.632639158564754,13.332247294042862,13.469463348388672,362400.0
2005-03-24,13.558475894380813,13.72906906352703,13.536224057869934,13.565893173217773,231000.0
2005-03-28,13.584429184648478,13.63634869704589,13.387874925957492,13.450921058654785,198800.0
2005-03-29,13.469464116054452,13.573303145293645,13.076356996547883,13.113443374633789,446200.0
2005-03-30,13.094899819514048,13.502840042114258,13.094899819514048,13.502840042114258,366800.0
2005-03-31,13.491717890090996,13.513968305453147,13.387877431164414,13.48430061340332,472200.0
2005-04-01,13.628928148246475,13.703099468728006,13.302575186947898,13.343369483947754,417400.0
2005-04-04,13.313704937073917,13.458338267957629,13.109733404083448,13.410126686096191,298200.0
2005-04-05,13.458337762506227,13.521382477825997,13.391583702343794,13.506547927856445,228400.0
2005-04-06,13.54362985308197,13.643760910428014,13.421246978092334,13.424956321716309,267000.0
2005-04-07,13.42495840328262,13.49912972556159,13.287742376621722,13.454626083374023,178400.0
2005-04-08,13.443498201290327,13.443498201290327,13.165356859194665,13.191316604614258,360600.0
2005-04-11,13.191319317015012,13.213571138250094,12.9910571700002,13.10973072052002,274600.0
2005-04-12,13.157940273903243,13.295156280384647,12.924301138229426,13.169065475463867,605000.0
2005-04-13,13.113444332683493,13.120861608842569,12.727754460616149,12.787091255187988,599600.0
2005-04-14,12.805630033285208,12.92430358809402,12.686956478476395,12.727750778198242,723600.0
2005-04-15,12.497823126090719,12.501531056394898,11.941540210223481,12.037961959838867,902000.0
2005-04-18,12.052796160770706,12.219681313629183,11.882203077715626,12.16776180267334,552600.0
2005-04-19,12.2196775722765,12.405105148745946,12.2196775722765,12.353185653686523,310600.0
2005-04-20,12.330936474073217,12.397690529063786,12.012000747940608,12.041669845581055,450400.0
2005-04-21,12.219680384228067,12.40510800336749,12.06392044850671,12.401398658752441,483400.0
2005-04-22,12.349477254788487,12.349477254788487,12.019416369771806,12.112130165100098,555000.0
2005-04-25,12.197432088767853,12.59795654101763,12.16405505108037,12.51636791229248,925600.0
2005-04-26,13.202437403399168,13.510247731738703,12.9984674368137,13.254358291625977,1427000.0
2005-04-27,13.22098713445951,13.350785875704343,12.798211060047391,13.239529609680176,813600.0
2005-04-28,13.2469487184853,13.410124503620482,13.128275162986919,13.198737144470215,620600.0
2005-04-29,13.295164057945264,13.591849476988026,13.280330918753865,13.577014923095703,723200.0
2005-05-02,13.554761519980811,13.69939486690199,13.399002966281312,13.684561729431152,621400.0
2005-05-03,13.647469677349811,13.921903119671542,13.647469677349811,13.729058265686035,628800.0
2005-05-04,13.851442685518014,14.085081883464959,13.832900206408043,14.055414199829102,359000.0
2005-05-05,14.036869176830281,14.155542731228026,13.758727768454248,13.83289909362793,655400.0
2005-05-06,13.925610320534307,14.036866580365054,13.806936788088164,13.899650573730469,344200.0
2005-05-09,13.851434715274587,13.970108210933137,13.691966940227225,13.951565742492676,403600.0
2005-05-10,13.869987728956463,13.869987728956463,13.543634693709091,13.61038875579834,413000.0
2005-05-11,13.610389744419772,13.84773690922153,13.380459855355657,13.840319633483887,631200.0
2005-05-12,13.832903007044852,14.088794080552256,13.610390383273923,13.684561729431152,925800.0
2005-05-13,13.740185359960064,13.740185359960064,13.265491139980993,13.443501472473145,668600.0
2005-05-16,13.443496195095918,13.795808792114256,13.380451512685172,13.795808792114258,539200.0
2005-05-17,13.76614950622752,13.92932675746124,13.714229986180726,13.907074928283691,726600.0
2005-05-18,14.018329599352446,14.42627126485331,14.018329599352446,14.348390579223633,423800.0
2005-05-19,14.337261234715122,14.385472804340488,14.029452170261433,14.092496871948242,412800.0
2005-05-20,14.0924985633285,14.096206493113826,13.944155907308033,14.06653881072998,272800.0
2005-05-23,14.099918030881549,14.32984791024914,14.081375549669758,14.27422046661377,335400.0
2005-05-24,14.22229818579065,14.318721342441037,14.066539660786871,14.266801834106445,466400.0
2005-05-25,14.266803594421965,14.289054006624738,13.818067614090147,14.14071273803711,561200.0
2005-05-26,14.259377706428893,14.329839660347956,14.15924666789139,14.285337448120117,355200.0
2005-05-27,14.259386631479192,14.318723423155566,14.137003702877525,14.29647159576416,281400.0
2005-05-31,14.296469693166895,14.337263997271812,14.092499587342825,14.10733413696289,289400.0
2005-06-01,14.174080894303792,14.441095576419707,14.14812115319113,14.318714141845703,441200.0
2005-06-02,14.259379933585654,14.259379933585654,13.89965000725027,14.007198333740234,538600.0
2005-06-03,13.99978165573448,14.103620643125963,13.654886259384087,13.799519538879395,578400.0
2005-06-06,13.799524285324821,13.832901316280939,13.658600301021737,13.755022048950195,530400.0
2005-06-07,13.758725942999098,13.951570796984605,13.684556042366355,13.729058265686035,606200.0
2005-06-08,13.74018288857355,13.74018288857355,13.432373852763996,13.495418548583984,407800.0
2005-06-09,13.495419346863793,13.499128690778567,13.280324084913358,13.413830757141113,353000.0
2005-06-10,13.443501486200072,13.480586441661167,13.239531401763317,13.298868179321289,699200.0
2005-06-13,13.302590754299201,13.418037857207318,13.250453169677133,13.358451843261719,628200.0
2005-06-14,13.358454843476263,13.485075329129057,13.35100641247987,13.406868934631348,414600.0
2005-06-15,13.444109668970366,13.444109668970366,13.261628081809047,13.406868934631348,561400.0
2005-06-16,13.410591610912837,13.514868217774167,13.336110146838426,13.425488471984863,494000.0
2005-06-17,13.499972439867793,13.552110037160269,13.42548954917441,13.444109916687012,889400.0
2005-06-20,13.29514885072048,13.432941309232756,13.228114374548383,13.339838027954102,458800.0
2005-06-21,13.321211517660458,13.35100381520736,13.142453470451027,13.224383354187012,686600.0
2005-06-22,13.276523931778728,13.313764663279015,13.183420682385169,13.257902145385742,435800.0
2005-06-23,13.261626194430264,13.29514341882243,12.885488296180105,12.922730445861816,523000.0
2005-06-24,12.911556435281195,13.053073755603172,12.825901626324985,13.034453392028809,2034200.0
2005-06-27,12.941350676438404,13.23928076759477,12.941350676438404,13.138729095458984,732000.0
2005-06-28,13.5930764576745,13.686179721083228,13.477627899616174,13.570731163024902,1127000.0
2005-06-29,13.604250790642707,13.667561759645286,13.578181985948499,13.630319595336914,501000.0
2005-06-30,13.667560202173831,13.715974299936088,13.581905364990234,13.581905364990234,396600.0
2005-07-01,13.574454571476101,13.667557824475741,13.537212417890506,13.656384468078613,354000.0
2005-07-05,13.59307541859111,13.615420711532582,13.31748915488472,13.332386016845703,614600.0
2005-07-06,13.332386549765735,13.377075716792044,13.127559661865233,13.127559661865234,465600.0
2005-07-07,13.034450254872667,13.313759903191366,12.978587756951992,13.287691116333008,234600.0
2005-07-08,13.28397135100799,13.682454577686038,13.280247846000332,13.667557716369629,221200.0
2005-07-11,13.648931081496713,14.095825350600599,13.648931081496713,13.853757858276367,362800.0
2005-07-12,13.842592500835979,14.013903584938545,13.704800068978813,13.894731521606445,310400.0
2005-07-13,13.872382291786302,13.958037099218199,13.76065869168568,13.891002655029297,252800.0
2005-07-14,13.887283749388995,14.002730892111286,13.656386622658168,13.678731918334961,401200.0
2005-07-15,13.678726813129222,13.775554970947109,13.611692371760713,13.712244033813477,153000.0
2005-07-18,13.686180741968887,13.950593688818554,13.686180741968887,13.83887004852295,756200.0
2005-07-19,13.94686689316197,14.349072187478594,13.928246527612252,14.282037734985352,703600.0
2005-07-20,14.188929474113014,14.192654398292762,13.53720696560521,13.779275894165039,1297400.0
2005-07-21,13.779279348922572,13.846313794541718,13.563279152895838,13.783002853393555,777400.0
2005-07-22,13.846311109265924,13.924517473773797,13.67127659957862,13.876103401184082,367000.0
2005-07-25,13.924523020234261,14.103281104873922,13.891005790574138,14.002729415893555,504800.0
2005-07-26,14.00273228899238,14.13680123514131,13.835147526949482,14.077215194702148,672200.0
2005-07-27,14.151700967754298,14.25597620448971,14.107011783531059,14.196390151977539,430400.0
2005-07-28,14.192652905436974,14.308099971303957,14.192652905436974,14.28575611114502,213400.0
2005-07-29,14.259694661790977,14.296935394972406,14.077211659659,14.188935279846191,621000.0
2005-08-01,14.19265941667967,14.207556277381393,14.00272799433978,14.017624855041504,347400.0
2005-08-02,14.069764522074042,14.196385015428909,14.066041016670827,14.140523910522461,319800.0
2005-08-03,14.11445593730309,14.151696676088179,13.976662078383395,14.136799812316895,314000.0
2005-08-04,14.095831225607288,14.095831225607288,13.891004363457771,13.972935676574707,181200.0
2005-08-05,13.954321497307596,13.96549343745165,13.81652760586145,13.883562088012695,303600.0
2005-08-08,13.88727999726605,14.00272710879636,13.872383137506416,13.917072296142578,350000.0
2005-08-09,13.913352495405524,13.954318160328638,13.835146091812186,13.92824935913086,552200.0
2005-08-10,14.058590568952113,14.058590568952113,13.786729252930312,13.872384071350098,213400.0
2005-08-11,13.872381468108006,14.09582865504198,13.853761105970603,13.909622192382812,333800.0
2005-08-12,13.853765858465463,13.946869121733856,13.790454900708568,13.894731521606445,378600.0
2005-08-15,13.89472931052589,13.920798106441245,13.68617752256022,13.753211975097656,341200.0
2005-08-16,13.730869016972132,13.730869016972132,13.540938982941343,13.574456214904785,499400.0
2005-08-17,13.574452100568536,13.574452100568536,13.365900340379808,13.47762393951416,422800.0
2005-08-18,13.470180268738817,13.537214736029101,13.406870727766407,13.432939529418945,412800.0
2005-08-19,13.48135613641121,13.48135613641121,13.351010683243429,13.391976356506348,160800.0
2005-08-22,13.391969658541036,13.585624567609305,13.362177360568909,13.567004203796387,286200.0
2005-08-23,13.567007289875221,13.567007289875221,13.105214490800597,13.146180152893066,286400.0
2005-08-24,13.071693371780212,13.235555971407894,12.922729051059932,12.982315063476562,380200.0
2005-08-25,13.034458785417215,13.257906082052775,12.93763200238001,13.216941833496094,402000.0
2005-08-26,13.22066390258049,13.254181135497264,13.131284141254724,13.202043533325195,426800.0
2005-08-29,13.205771193288829,13.377080917358398,13.187150818175798,13.377080917358398,368800.0
2005-08-30,13.3770753062257,13.3770753062257,13.228110947162321,13.351006507873535,506000.0
2005-08-31,13.332382680785198,13.522314071655273,13.246727876906718,13.522314071655273,249400.0
2005-09-01,13.544659044823566,13.626590351157933,13.362177488805928,13.365900993347168,192400.0
2005-09-02,13.37335418926714,13.425491795282325,13.298871286112638,13.321216583251953,158800.0
2005-09-06,13.369627856798054,13.581903162491143,13.369627856798054,13.440385818481445,223600.0
2005-09-07,13.481343553551705,13.570721829391632,13.380791927750227,13.40313720703125,286800.0
2005-09-08,13.403143289304614,13.43666051311504,13.332383916458868,13.414315223693848,386000.0
2005-09-09,13.406868123079256,13.481351007891604,13.388247757036886,13.455282211303711,342200.0
2005-09-12,13.436660943124677,13.481350102754512,13.306315548293737,13.324935913085938,446400.0
2005-09-13,13.384792876546719,13.482056008453759,13.309976839109845,13.3660888671875,409400.0
2005-09-14,13.422199426203656,13.519461110100261,13.388531645811728,13.452125549316406,305400.0
2005-09-15,13.459609751313739,13.478313759853494,13.36982993951316,13.470831871032715,393400.0
2005-09-16,13.470828386263602,13.541905598161836,13.410974718205305,13.48579216003418,1225200.0
2005-09-19,13.493279132804277,13.538169044011896,13.425943552480575,13.478315353393555,447000.0
2005-09-20,13.482056318899707,13.549391895762954,12.700216722675972,12.962077140808105,3583600.0
2005-09-21,13.317454427748697,13.728949679986048,13.283786647356768,13.452125549316406,2276400.0
2005-09-22,13.452125877581542,13.493275546511844,13.339900415877917,13.467089653015137,499200.0
2005-09-23,13.467089061469391,13.773839309263154,13.44838505651106,13.766357421875,678400.0
2005-09-26,13.84117520649202,13.893546992462992,13.624204748013259,13.672836303710938,323000.0
2005-09-27,13.672838850781584,13.75513820236677,13.482055676772047,13.680320739746094,344000.0
2005-09-28,13.654134777440168,13.657875008392566,13.467091835283453,13.545649528503418,239600.0
2005-09-29,13.560613370362775,13.751396544372312,13.497019454701064,13.680320739746094,363400.0
2005-09-30,13.680322244193116,14.129225642259394,13.661618233237139,14.103039741516113,526400.0
2005-10-03,14.132963207707999,14.233966560247262,14.132963207707999,14.177854537963867,584400.0
2005-10-04,14.177857677921423,14.21526570106174,14.017000609773756,14.058150291442871,580200.0
2005-10-05,14.03196674262782,14.03196674262782,13.598026992995893,13.631694793701172,449000.0
2005-10-06,13.67283385499068,13.829950611789094,13.579312417641875,13.691537857055664,760000.0
2005-10-07,13.74765614096712,13.878585628642766,13.58305886688568,13.650394439697266,347800.0
2005-10-10,13.710239066146693,13.822464471017616,13.590531777347916,13.758869171142578,481600.0
2005-10-11,13.755139889778713,13.968368756839629,13.687804307862152,13.934700965881348,616000.0
2005-10-12,13.934692664290653,13.990806091466416,13.399749986103636,13.474567413330078,1742200.0
2005-10-13,13.482054490913551,13.538166512675236,13.280047787713213,13.515722274780273,740200.0
2005-10-14,13.609245054320454,13.691542979602062,13.410978562585425,13.598021507263184,528000.0
2005-10-17,13.601760823429192,13.695282279666165,13.575574929844773,13.66535472869873,349800.0
2005-10-18,13.336161901787866,13.339902132615519,12.962076029951174,13.283788681030273,2306800.0
2005-10-19,13.2426383558864,13.268824248644114,12.999482006537205,13.253860473632812,1245000.0
2005-10-20,13.253863425445982,13.332421121214972,13.164082182406815,13.280049324035645,1049400.0
2005-10-21,13.280047823750037,13.463350520193892,13.261343816445388,13.298751831054688,625000.0
2005-10-24,13.35486138113738,13.45586470352444,13.25011640216717,13.40349292755127,526800.0
2005-10-25,13.280050093546206,13.283790324836694,12.718921216354113,13.006967544555664,1032200.0
2005-10-26,13.003219318225412,13.104222636345463,12.935885199835852,12.947107315063477,1133400.0
2005-10-27,12.887256141084533,12.890996371207196,12.49446633509708,12.539356231689453,908600.0
2005-10-28,12.602949055305402,12.804955713234262,12.565541049181077,12.793733596801758,731400.0
2005-10-31,13.093002106943498,13.160337660512555,12.980776660003064,13.126669883728027,723200.0
2005-11-01,13.089264373452083,13.2239340792502,13.078040827700718,13.197748184204102,956600.0
2005-11-02,13.1977466828915,13.343639917844865,13.130411124140087,13.324935913085938,466800.0
2005-11-03,13.50449956478502,13.50449956478502,13.399755976059783,13.444645881652832,1420800.0
2005-11-04,13.470830238654925,13.470830238654925,13.31371487353076,13.396014213562012,430600.0
2005-11-07,13.373567463521624,13.493274806375835,13.347381571461272,13.43342113494873,415600.0
2005-11-08,13.433420301588766,13.624203421482154,13.35112097334801,13.590537071228027,507200.0
2005-11-09,13.590537250537018,13.639167375117255,13.482052030429069,13.620463371276855,451000.0
2005-11-10,13.609237967010035,13.848652583193223,13.504493002162134,13.751389503479004,596800.0
2005-11-11,13.751400029821182,13.915998774710976,13.751400029821182,13.908516883850098,341400.0
2005-11-14,13.91225297352497,13.930958408620182,13.725210038767592,13.893548965454102,325200.0
2005-11-15,13.871104353663041,13.934698264799183,13.751395565774217,13.78880500793457,426600.0
2005-11-16,13.796286989620002,13.841176893491545,13.751395658724144,13.814990997314453,328400.0
2005-11-17,13.814994128317574,13.95714718765645,13.766362555670787,13.915997505187988,269000.0
2005-11-18,13.97209644317627,14.028209853399186,13.874834816082954,13.97209644317627,254200.0
2005-11-21,13.953401267701448,14.0244784891763,13.871103354922855,13.983328819274902,297800.0
2005-11-22,13.979586288843382,14.024477613400268,13.934696391310611,13.987068176269531,190600.0
2005-11-23,13.934700965881348,14.009518437680258,13.889811053611835,13.934700965881348,123800.0
2005-11-25,13.979588847039144,14.028220410696383,13.949662718882333,14.016998291015625,51000.0
2005-11-28,14.028213993112159,14.046917993031563,13.773835598541826,13.878579139709473,289600.0
2005-11-29,13.878589320406583,14.035706174435498,13.822477279487146,13.908516883850098,479800.0
2005-11-30,13.93469632054819,14.05066343452841,13.721467524570185,13.766357421875,370400.0
2005-12-01,13.841177136804726,13.98333016642521,13.841177136804726,13.979588508605957,875800.0
2005-12-02,13.97957979760515,14.162882386871281,13.915985924548062,14.14417839050293,341000.0
2005-12-05,14.084331496354253,14.095553614149194,13.89354693169543,14.061885833740234,271800.0
2005-12-06,14.12174189718146,14.25267138369657,14.009516419165026,14.215263366699219,274200.0
2005-12-07,14.121737260193619,14.349929799211964,14.09180971480319,14.24144458770752,475400.0
2005-12-08,14.215262336451438,14.252670350737654,13.983329508423502,14.080591201782227,198000.0
2005-12-09,14.080591970365882,14.09555574770687,13.919734931511146,14.028220176696777,206000.0
2005-12-12,14.028218253571616,14.054404146816351,13.945918916502933,14.005772590637207,257600.0
2005-12-13,13.983236506031192,14.509203686614358,13.983236506031192,14.37771224975586,721600.0
2005-12-14,14.377712254520002,14.45285083267083,14.234949099348345,14.34765625,374400.0
2005-12-15,14.351409662274879,14.358923661150971,14.197376268186837,14.280027389526367,258800.0
2005-12-16,14.283788443719025,14.317600729989142,14.257490158081056,14.257490158081055,288000.0
2005-12-19,14.276271540999609,14.283785540104306,14.009531021952432,14.017045021057129,489800.0
2005-12-20,14.020797726740783,14.137262533425334,13.960687182388725,14.013283729553223,240800.0
2005-12-21,14.013283729553223,14.12599082106978,14.009527447533655,14.013283729553223,386000.0
2005-12-22,14.032072334243349,14.321354866027832,13.975719487676834,14.321354866027832,201800.0
2005-12-23,14.340142921302379,14.621911527718687,14.340142921302379,14.599370956420898,269600.0
2005-12-27,14.588097330552799,14.685776461159312,14.434062485157785,14.501687049865723,204000.0
2005-12-28,14.56555510038342,14.633179664019417,14.56555510038342,14.618151664733887,256200.0
2005-12-29,14.70832086633986,14.839812300808887,14.576827998721685,14.606884002685547,236200.0
2005-12-30,14.539254395909323,14.625663227681724,14.400249008549254,14.407761573791504,168800.0
2006-01-03,14.494170719866489,15.779034249406893,14.494170719866489,15.392072677612305,2859400.0
2006-01-04,15.053949365741719,15.301905551417022,14.862347444917003,15.084005355834961,1344000.0
2006-01-05,15.084005355834963,15.166656462294403,15.023894808796964,15.084005355834961,520800.0
2006-01-06,15.102788153959336,15.110302150746755,14.918698815538452,14.978809356689453,541600.0
2006-01-09,14.896165844278531,15.027657272150215,14.802242986327592,14.993844985961914,544800.0
2006-01-10,14.952512743406777,15.02765128646882,14.8661039204874,14.960026741027832,353800.0
2006-01-11,14.960033901174922,14.97506190360971,14.884895322150172,14.899923324584961,235000.0
2006-01-12,14.903679371719408,15.02390195613754,14.851082797182883,14.881138801574707,242600.0
2006-01-13,14.884890317222299,15.016383144589476,14.873620035760347,14.88864803314209,143800.0
2006-01-17,14.839812030104007,14.990089180883697,14.802243458983646,14.956276893615723,194000.0
2006-01-18,14.914948938239501,14.960031505174243,14.73837352078406,14.854838371276855,214000.0
2006-01-19,14.884886559071298,15.027649631855462,14.843560293279959,15.008865356445312,173000.0
2006-01-20,15.005115779277302,15.005115779277302,14.588099479675293,14.588099479675293,234600.0
2006-01-23,14.599367401317325,14.95251678609635,14.599367401317325,14.843565940856934,253000.0
2006-01-24,14.862348628848153,15.177929384223852,14.862348628848153,15.117818832397461,411200.0
2006-01-25,15.121578195699282,15.271855322456473,14.790969376722801,14.851079940795898,322400.0
2006-01-26,15.403343824050769,16.09837217943751,15.241796444902738,15.94433879852295,2363000.0
2006-01-27,15.96312903475995,16.594289300612406,15.628762467777198,16.586776733398438,1186800.0
2006-01-30,16.586777710319165,16.586777710319165,16.289981127670806,16.293737411499023,962800.0
2006-01-31,16.286228121368577,16.444019317626953,16.28247183645388,16.444019317626953,717200.0
2006-02-01,16.368867233238813,16.590525122450344,16.36135323645133,16.530414581298828,725600.0
2006-02-02,16.530432901384074,17.450877747295674,16.530432901384074,16.958721160888672,1365600.0
2006-02-03,16.248652458425575,16.41395615247364,15.685115378942609,16.256166458129883,1451200.0
2006-02-06,16.256161093583017,16.605554082214386,16.248647096358333,16.55295753479004,747600.0
2006-02-07,16.500369833362768,16.541696127269123,16.226115212978883,16.27871322631836,488200.0
2006-02-08,16.29748629561935,16.327540849403587,16.098368965061905,16.274944305419922,533000.0
2006-02-09,16.25240173399188,16.444005060963942,16.026987572652345,16.064556121826172,586200.0
2006-02-10,16.04202154079991,16.331304063262806,15.94434098352734,16.2486515045166,335000.0
2006-02-13,16.192297682348553,16.192297682348553,15.685114899573968,16.060806274414062,1157400.0
2006-02-14,16.072084138515283,16.316284220614044,15.955620674592414,16.203577041625977,468000.0
2006-02-15,16.1659998860201,16.188541885120745,16.019480474738174,16.14345932006836,299800.0
2006-02-16,16.192295785038162,16.259920339237475,16.113400949521864,16.173511505126953,204600.0
2006-02-17,16.19230032083443,16.23362660810465,16.072079175947838,16.15473175048828,256800.0
2006-02-21,16.154737919345038,16.222362518310547,16.07208531324283,16.222362518310547,268400.0
2006-02-22,16.229874226100417,16.342581397383523,15.876723274090743,15.921807289123535,554200.0
2006-02-23,15.872952461242676,16.057041771260014,15.647538324993153,15.872952461242676,719600.0
2006-02-24,15.87296319343299,15.910531763826446,15.628763186428229,15.801582336425781,770000.0
2006-02-27,15.801579729581166,16.0532922626194,15.760253449076654,15.948099136352539,265000.0
2006-02-28,15.903016572688008,16.05704997892828,15.83539201061678,15.948099136352539,348200.0
2006-03-01,15.948091097251947,16.4477596282959,15.948091097251947,16.4477596282959,599000.0
2006-03-02,16.41020107353285,16.616831064544634,16.36887478870069,16.51539421081543,499200.0
2006-03-03,16.474054799407856,16.65438779555814,16.444000255481384,16.459028244018555,308600.0
2006-03-06,16.398925525799324,16.466550073245187,16.21483616149702,16.342571258544922,297800.0
2006-03-07,16.286222458443966,16.383903030055706,16.042023895712685,16.090864181518555,200200.0
2006-03-08,16.004455093865865,16.01948309572506,15.703902222427606,15.951858520507812,222400.0
2006-03-09,15.94810152642907,16.053294668460797,15.779040095914459,15.850420951843262,400000.0
2006-03-10,15.872961518253186,15.940586084343813,15.700143819643335,15.790308952331543,380800.0
2006-03-13,15.841227892374798,15.950608144562084,15.724304025678318,15.822369575500488,460800.0
2006-03-14,15.829917378486234,16.13919846120987,15.735624330368108,16.116567611694336,759400.0
2006-03-15,16.237257050775483,16.6408310437375,16.218398735354288,16.63328742980957,279400.0
2006-03-16,16.7275756025238,16.82186859112607,16.395665318577525,16.448469161987305,308400.0
2006-03-17,16.36927207563096,16.418303419766158,16.2410334855897,16.357955932617188,931800.0
2006-03-20,16.357949990693445,16.39566805570919,16.033581825543358,16.093929290771484,802200.0
2006-03-21,16.067527980547084,16.369266757050806,16.01472412629807,16.071300506591797,369000.0
2006-03-22,16.09770496741828,16.256116555098558,16.003411944618875,16.158052444458008,336000.0
2006-03-23,16.105248581897914,16.241030764936635,16.105248581897914,16.158052444458008,343000.0
2006-03-24,16.19199783820088,16.218399769233056,16.0524445686312,16.180683135986328,437800.0
2006-03-27,16.21839966099492,16.229714363133958,16.10524832321256,16.161823272705078,309600.0
2006-03-28,16.199538595493628,16.27497328747998,15.992094271628973,16.10524559020996,392400.0
2006-03-29,16.199541254583764,16.399441998182983,16.11279184813887,16.320236206054688,569800.0
2006-03-30,16.35040758975725,16.75398156316202,16.335321801429696,16.72003746032715,466800.0
2006-03-31,16.784157797249883,17.19904651559556,16.746441164235666,17.104753494262695,612000.0
2006-04-03,17.10475692621915,17.372550254021412,17.070811374176476,17.26694107055664,556800.0
2006-04-04,17.31219340756166,17.429115793440474,17.18018235928977,17.38762664794922,351800.0
2006-04-05,17.368778333352964,17.432898351138803,17.131159460754528,17.35369110107422,297400.0
2006-04-06,17.481926584340375,17.632796002662868,17.0293212069677,17.06326675415039,635800.0
2006-04-07,17.085896980483565,17.157560605088037,16.878452599423333,17.119842529296875,310600.0
2006-04-10,17.108524197428267,17.108524197428267,16.848274565456492,16.98028564453125,369800.0
2006-04-11,16.991597287435603,17.025542822940146,16.90484790532331,16.935022354125977,229000.0
2006-04-12,16.97273946191959,17.048174147287515,16.87844646490893,17.010456085205078,172000.0
2006-04-13,17.006688252982467,17.093437654177965,16.96519909615044,17.059492111206055,189000.0
2006-04-17,17.029322024993036,17.25939581273049,16.99160394920187,17.119842529296875,268600.0
2006-04-18,17.1613367978651,17.38763956473537,17.142478473758896,17.312206268310547,330600.0
2006-04-19,17.274488181300235,17.440444886549805,17.232999004987843,17.312206268310547,1023000.0
2006-04-20,17.293335784032397,17.75348608869286,17.293335784032397,17.651649475097656,411800.0
2006-04-21,17.68936953496602,17.727086164051517,17.315968576312052,17.527185440063477,475200.0
2006-04-24,17.50079146166736,17.617713928222656,17.353693088301373,17.617713928222656,290200.0
2006-04-25,17.61770806215169,17.968478222619225,17.610164447660228,17.78366470336914,512400.0
2006-04-26,18.387133697223163,19.16033595468035,18.217406021489417,18.447481155395508,1600200.0
2006-04-27,18.45126401169014,18.45503653955557,17.98357127222337,18.02128791809082,429200.0
2006-04-28,18.03260014283127,18.17969704405427,17.8892743298561,18.0363712310791,417600.0
2006-05-01,18.375823879675856,18.375823879675856,17.88172794546845,17.95339012145996,550600.0
2006-05-02,18.047684084172534,18.172151565551758,18.036369381791644,18.172151565551758,250800.0
2006-05-03,18.198548957501547,18.432395194092294,18.115570657280283,18.360733032226562,734800.0
2006-05-04,18.387137425983678,18.57572345086556,18.300388027193673,18.311702728271484,388400.0
2006-05-05,18.38713650958738,18.647384692986886,18.17214856704059,18.639841079711914,703400.0
2006-05-08,18.63607572781722,18.654934047409835,18.504066051871376,18.530467987060547,253600.0
2006-05-09,18.519151844266933,18.647390431813278,18.447489654295982,18.530467987060547,285000.0
2006-05-10,18.455035639082507,18.632307031365144,18.39468814536042,18.496524810791016,175600.0
2006-05-11,18.458799346946478,18.51914681653775,18.338104407763936,18.34942054748535,219000.0
2006-05-12,18.36827855731615,18.36827855731615,18.062768688253882,18.100486755371094,302000.0
2006-05-15,18.123123934886614,18.194787573767186,17.693147856794223,17.942081451416016,362400.0
2006-05-16,17.877954779463796,17.945845859899002,17.447977457108458,17.832693099975586,323200.0
2006-05-17,17.757267184335618,17.77612550585147,17.315974979116547,17.346149444580078,414400.0
2006-05-18,17.327296043058496,17.504567495717776,17.025558471679688,17.025558471679688,409600.0
2006-05-19,17.10098317358794,17.157559564444465,16.614430816373467,16.663463592529297,1260600.0
2006-05-22,16.595566303077074,16.644599060926556,16.297600108233308,16.43715476989746,1062800.0
2006-05-23,16.51258560869213,16.784149841828782,16.489956215128505,16.595563888549805,547800.0
2006-05-24,16.576716477037433,16.806791721476205,16.463565118453754,16.7803897857666,529000.0
2006-05-25,17.123610279860966,17.66296638344952,17.112294140881374,17.19527244567871,638000.0
2006-05-26,17.187735788085565,17.696917645511547,17.187735788085565,17.504560470581055,638200.0
2006-05-30,17.538503646850586,17.885501307950438,17.51587280159724,17.538503646850586,589200.0
2006-05-31,17.53473214156429,18.138206945989168,17.53473214156429,18.10426139831543,1085400.0
2006-06-01,18.141971095587017,18.571948347940648,18.119341698324163,18.33432960510254,916000.0
2006-06-02,18.29284724700145,18.632302719887452,18.25135808489345,18.38714027404785,548200.0
2006-06-05,18.387136274341767,18.44371265378166,17.94584569438017,18.006193161010742,357600.0
2006-06-06,18.02505098189944,18.02882206898705,17.68936811801692,17.896812438964844,269000.0
2006-06-07,17.632796677209996,17.84778467132566,17.47815616497246,17.538503646850586,327000.0
2006-06-08,17.481921456912914,17.538497831889416,16.803012151179818,17.4027156829834,420600.0
2006-06-09,17.161328302607494,17.44420734056256,17.1122955331654,17.23676300048828,518000.0
2006-06-12,17.16132056078187,17.232982700101896,16.825637817382812,16.825637817382812,316400.0
2006-06-13,16.770759109948443,17.08876002313099,16.59661613095638,16.865402221679688,620000.0
2006-06-14,16.869188776430015,17.035760133399783,16.660972775043703,17.009260177612305,473400.0
2006-06-15,17.013039054689695,17.811826858123123,16.941110835835318,17.78154182434082,556800.0
2006-06-16,17.868609870902798,18.031396048304476,17.603609016239243,17.6868953704834,489200.0
2006-06-19,17.67932596326372,17.67932596326372,17.179610663585915,17.262895584106445,339000.0
2006-06-20,17.338605142441786,17.349963289585432,17.149319056947576,17.270462036132812,458000.0
2006-06-21,17.20611396886392,17.717186074773775,17.16068569023923,17.54304313659668,292800.0
2006-06-22,17.49003822978164,17.524109790029556,17.262894013416005,17.384037017822266,351000.0
2006-06-23,17.31968967109286,17.804261947307058,17.13040344517928,17.641475677490234,456000.0
2006-06-26,17.755040214807885,17.804253570610804,17.622539052525067,17.758825302124023,433000.0
2006-06-27,17.755044476006994,17.91783070830338,17.414328770238054,17.47868537902832,441000.0
2006-06-28,17.67932947031522,17.67932947031522,17.39918528897758,17.41054344177246,642400.0
2006-06-29,17.421895108456393,18.012468338012695,17.421895108456393,18.012468338012695,489000.0
2006-06-30,17.925397119264932,18.163898063202637,17.87618376198881,18.126041412353516,408600.0
2006-07-03,18.126037772509896,18.228252442243445,18.06167974602357,18.186609268188477,120200.0
2006-07-05,18.186607657275523,18.186607657275523,17.64903441712362,17.773963928222656,416000.0
2006-07-06,17.81182476111481,17.948111007436903,17.724753313550934,17.85346794128418,222400.0
2006-07-07,17.792895545896872,17.951895195886486,17.698252484482527,17.72475242614746,207000.0
2006-07-10,17.755043184158833,17.955686060657996,17.747471564121657,17.815614700317383,223000.0
2006-07-11,17.830759070332626,17.887545506739805,17.395401686387476,17.554401397705078,534000.0
2006-07-12,17.6225361190803,17.8118222244284,17.49003642299198,17.52789306640625,234200.0
2006-07-13,17.452183287873833,17.531684572225412,17.024397608173324,17.092540740966797,350200.0
2006-07-14,17.13039996060551,17.13797158139859,16.812399107991137,17.016828536987305,214000.0
2006-07-17,17.084963189521993,17.103891510028664,16.732890940372453,16.76317596435547,185600.0
2006-07-18,16.846462724544768,17.31589288307654,16.831319490109284,17.24396324157715,382000.0
2006-07-19,17.30075976334103,17.73611717685075,17.25154494472196,17.67176055908203,730800.0
2006-07-20,17.671749057270294,17.736105633151976,17.262890419416458,17.270462036132812,423200.0
2006-07-21,17.243962352005312,17.28560552248547,16.903248259613406,17.073604583740234,362400.0
2006-07-24,17.07739663132512,17.349969148607773,16.94111037268379,17.28182601928711,474400.0
2006-07-25,17.67932046964779,19.23525230548872,17.626320597384105,19.008108139038086,2347800.0
2006-07-26,19.02325275254007,19.553254401907957,18.970252876430948,19.269325256347656,1562200.0
2006-07-27,19.265539715445783,19.307182889996152,18.71660971700057,18.73932456970215,814000.0
2006-07-28,18.74689560162547,19.151967741916533,18.74689560162547,18.905895233154297,611600.0
2006-07-31,18.852901529244008,19.117902446036634,18.799901634713244,19.087615966796875,646400.0
2006-08-01,19.083825653945414,19.303398235899806,18.936182718422216,19.045969009399414,364600.0
2006-08-02,19.042182949876338,19.496469916366948,18.886968392773714,19.401826858520508,628400.0
2006-08-03,19.405615294372648,19.708474287058465,19.0611145621243,19.62897300720215,478800.0
2006-08-04,19.76146996498884,20.12868403251259,19.7425416430156,19.950756072998047,1112000.0
2006-08-07,19.761476729962713,20.015119508338504,19.753905109753735,19.965906143188477,508400.0
2006-08-08,19.988615652177067,20.060545308031664,19.750114716703994,19.822044372558594,473600.0
2006-08-09,19.84097145146577,19.996186015314134,19.594898912715145,19.70468521118164,507400.0
2006-08-10,19.666836375162106,19.795551048314653,19.61004993777692,19.723621368408203,636000.0
2006-08-11,19.72361739333138,19.72361739333138,19.3942598776373,19.572189331054688,393200.0
2006-08-14,19.61004247703118,19.88640004927658,19.379113170927045,19.466184616088867,520000.0
2006-08-15,19.647899797694176,19.840971004319865,19.610041707280374,19.708471298217773,585600.0
2006-08-16,19.799329359751418,20.397474237350085,19.799329359751418,20.211973190307617,725200.0
2006-08-17,20.21197107775161,20.34447222440109,20.087042993118125,20.193042755126953,569000.0
2006-08-18,20.10219507766889,20.412624348905478,19.984838550822854,20.17790985107422,400800.0
2006-08-21,20.15896885750813,20.423969675918052,20.075682514658023,20.329326629638672,812200.0
2006-08-22,20.36718356031763,20.3861118810152,20.00753969051064,20.0908260345459,488800.0
2006-08-23,20.21575989751956,20.261188165789658,19.663043282989168,19.912900924682617,1021000.0
2006-08-24,20.00753980319274,20.087041061191552,19.640325758349217,19.7917537689209,983400.0
2006-08-25,19.799327915463753,20.071900391107953,19.787971210358076,19.98482894897461,601000.0
2006-08-28,20.06432952363686,20.617044669581528,20.06432952363686,20.50347328186035,809600.0
2006-08-29,20.59433456176143,20.77983418782702,20.40126187194272,20.681406021118164,1228400.0
2006-08-30,20.77225108895789,21.120538178051632,20.730607926161444,20.85553741455078,1211200.0
2006-08-31,20.117329053596652,20.84418852164588,20.102185817063884,20.78361701965332,1267400.0
2006-09-01,20.783609234171998,21.010751920522456,20.730607926161444,20.85553741455078,577800.0
2006-09-05,20.972901214531433,21.078900972232514,20.821471751411266,21.048614501953125,568400.0
2006-09-06,21.044833487397714,21.044833487397714,20.711689470553253,20.802547454833984,399600.0
2006-09-07,20.745765333627165,20.78740852488046,20.431551021319617,20.480764389038086,466400.0
2006-09-08,20.51862779313734,20.783628806190606,20.238483534963468,20.628414154052734,451000.0
2006-09-11,20.632185558103167,20.632185558103167,19.99997065712386,20.064327239990234,541000.0
2006-09-12,19.753897737024552,20.416399094587096,19.39804038485219,20.29146957397461,1349800.0
2006-09-13,20.283876423752325,20.416822595937987,20.1129445959389,20.215503692626953,699000.0
2006-09-14,20.226901317977187,20.637137758540153,20.12434220783645,20.519384384155273,479200.0
2006-09-15,20.568765818119243,20.70930914532958,20.439617465032622,20.549772262573242,563800.0
2006-09-18,20.492790403574833,20.83845186560602,20.37123921576196,20.74728775024414,773200.0
2006-09-19,20.739696451520285,20.967606079506965,20.538377511786187,20.944814682006836,981600.0
2006-09-20,21.02457258143269,21.33224978347958,20.815656606760736,21.301862716674805,616000.0
2006-09-21,21.461411493162835,21.465209335510888,21.0055936141265,21.024585723876953,847600.0
2006-09-22,20.967610032882888,21.100556254188056,20.857453764369957,21.00559425354004,552200.0
2006-09-25,21.005591056403816,21.168925788578605,20.50039404333208,21.05497169494629,666200.0
2006-09-26,21.10434420192036,21.10434420192036,20.633332294316222,20.92961311340332,530200.0
2006-09-27,20.910629089678608,21.096755220355124,20.842256343634578,20.98659896850586,551600.0
2006-09-28,20.990391415921636,21.01318280841396,20.705505530288036,20.766281127929688,840600.0
2006-09-29,20.766277592426697,20.815658209917306,20.57635370100591,20.637130737304688,609000.0
2006-10-02,20.53077191745121,20.88782975276615,20.3598401291626,20.71689796447754,457800.0
2006-10-03,20.720701238062713,20.80806607520706,20.51178519715191,20.515583038330078,352400.0
2006-10-04,20.492796849547204,20.808069889291513,20.359849199867867,20.663728713989258,649000.0
2006-10-05,20.58775734939041,20.994194503834617,20.58775734939041,20.982799530029297,406400.0
2006-10-06,20.98660474059409,21.328468564839376,20.86505348064139,21.184125900268555,602400.0
2006-10-09,21.184115563841416,21.339853130229162,20.98659450054398,21.279077529907227,383800.0
2006-10-10,21.30946877070655,21.404430755333596,21.066366321902102,21.195514678955078,330000.0
2006-10-11,21.1195341402708,21.241085303313763,20.891626071816287,21.04356575012207,380800.0
2006-10-12,21.119545516705852,21.52598270875397,21.119545516705852,21.44241714477539,382800.0
2006-10-13,21.36644490604766,21.52218249095822,21.206909479604803,21.38543701171875,357800.0
2006-10-16,21.46140083149635,21.613340532029046,21.446206571642204,21.537370681762695,394200.0
2006-10-17,21.49938968687001,21.5145839500138,21.02837912145,21.100549697875977,632600.0
2006-10-18,21.119543373052178,21.29427451419188,20.838456729009895,21.2410945892334,1052200.0
2006-10-19,23.19351718748559,24.880041624840622,22.676923724961075,23.273284912109375,4569600.0
2006-10-20,23.303670519794412,23.588556474554757,22.94281613630189,23.455610275268555,879000.0
2006-10-23,23.550574453955,24.08616004083474,23.516388078239057,23.577163696289062,1485600.0
2006-10-24,23.493596539441995,23.649334150338834,23.383441728567416,23.516387939453125,946400.0
2006-10-25,23.53157394070779,23.56955814504611,23.269478004158046,23.39862632751465,596000.0
2006-10-26,23.53156840869154,23.759476479151765,23.49738205322209,23.664514541625977,1032800.0
2006-10-27,23.660729636680706,24.60655024006229,23.53158127308184,23.95321273803711,1151600.0
2006-10-30,24.120335637606107,25.05476089092397,24.120335637606107,24.690107345581055,1832400.0
2006-10-31,24.785068825575355,25.2408850240836,24.473593747059354,24.701501846313477,1271400.0
2006-11-01,25.03197171569825,25.126933669932306,24.17351483797993,24.196306228637695,801400.0
2006-11-02,24.158325646050844,24.538173542680607,24.158325646050844,24.283676147460938,694000.0
2006-11-03,24.48119561877548,24.6141447001356,24.241892488744266,24.348249435424805,593400.0
2006-11-06,24.405220571837408,24.842046111090703,24.291266524337864,24.781269073486328,538000.0
2006-11-07,24.88003124823937,25.191506332678657,24.655922434146767,24.690107345581055,580000.0
2006-11-08,24.690118668226212,24.918026876330895,24.46221046012153,24.61794662475586,786000.0
2006-11-09,24.6901020020929,25.13072675194339,24.671108456734185,24.88002586364746,718000.0
2006-11-10,24.975000529819084,25.297870679499994,24.975000529819084,25.09275245666504,739400.0
2006-11-13,25.271277713289965,25.685313388493118,25.271277713289965,25.643529891967773,1079600.0
2006-11-14,25.647320400527928,25.677708917940556,25.40801734642266,25.571352005004883,572400.0
2006-11-15,25.65872999857332,25.98160017416697,25.63214075818349,25.829660415649414,423200.0
2006-11-16,25.734684727540614,25.7384840164335,25.26747072599814,25.50297737121582,618400.0
2006-11-17,25.533369770382183,25.958797454833984,25.533369770382183,25.958797454833984,575800.0
2006-11-20,26.16771558280187,26.638726059066713,26.046164398668722,26.407018661499023,1177800.0
2006-11-21,26.410820946327007,26.479193676281625,26.0005845665993,26.456403732299805,490800.0
2006-11-22,26.51338800657002,26.619744968637185,26.304470475359604,26.498193740844727,423000.0
2006-11-24,26.40323285527046,26.547574038668703,26.3576500561926,26.524784088134766,104000.0
2006-11-27,26.55135809281961,26.55135809281961,25.98538576127632,26.049959182739258,986400.0
2006-11-28,26.034768081857774,26.072752281558778,25.72329300749567,25.943605422973633,654600.0
2006-11-29,26.038569962727216,26.441207736046113,26.01577712223121,26.369035720825195,534200.0
2006-11-30,26.39943406935004,26.55137383784039,26.205710792074587,26.490596771240234,528800.0
2006-12-01,26.58934518575216,27.387024961722993,26.5817495051086,26.95779800415039,1437000.0
2006-12-04,27.25408107454279,27.311058827122704,27.00338012239472,27.0793514251709,919800.0
2006-12-05,27.159118193108053,27.485787538879844,27.086946182434886,27.30725860595703,460600.0
2006-12-06,27.159129272354605,27.455410218916878,27.159129272354605,27.254091262817383,427400.0
2006-12-07,27.261679951703368,27.47819311848178,27.261679951703368,27.360441207885742,427200.0
2006-12-08,27.349049962463504,27.797270619435373,27.181915951996483,27.770681381225586,794000.0
2006-12-11,28.20370404486958,28.370838033239167,27.71749924016812,27.842849731445312,934800.0
2006-12-12,27.84285135202404,27.84285135202404,27.39083143790174,27.58455467224121,537200.0
2006-12-13,27.679748292275335,27.86633540298325,27.679748292275335,27.774946212768555,703600.0
2006-12-14,27.839685532395674,28.011040660627287,27.835876801374145,27.912036895751953,702800.0
2006-12-15,27.892990734890823,27.892990734890823,27.519813607858598,27.535045623779297,729000.0
2006-12-18,27.535058597734317,27.637874027341077,27.177116223177663,27.24565887451172,551800.0
2006-12-19,27.112365738216567,27.55408546985704,26.986706695093226,27.409385681152344,961600.0
2006-12-20,27.436032414927812,27.653083482815514,27.416991675291936,27.451261520385742,514400.0
2006-12-21,27.531244882862442,27.58836132160021,27.2570743560791,27.2570743560791,357800.0
2006-12-22,27.264691267404906,27.302769864922038,26.918172253225027,27.150455474853516,288000.0
2006-12-26,27.34084933723421,27.774951708155402,27.199955341152208,27.672136306762695,307200.0
2006-12-27,27.5540874661324,27.97676648281433,27.470312827840832,27.904415130615234,272000.0
2006-12-28,27.950117632244105,27.950117632244105,27.474127900445705,27.546476364135742,373400.0
2006-12-29,27.455077043793757,27.790175550976166,27.314185994373606,27.34084129333496,321800.0
2007-01-03,27.797791906206996,28.182392306313286,27.264682987237762,27.409385681152344,1000600.0
2007-01-04,27.417008001759925,27.417008001759925,27.139028725671594,27.28373146057129,666400.0
2007-01-05,26.94863034322789,27.340848278449453,26.8001217960433,26.8077392578125,980000.0
2007-01-08,26.674466843044296,26.693504689982692,25.909074508975266,26.670658111572266,1388200.0
2007-01-09,26.769661971859215,26.849627893078225,26.5373787651328,26.826778411865234,520000.0
2007-01-10,26.750625363824042,27.05525998200894,26.621157539482628,26.96006202697754,409600.0
2007-01-11,27.03621711538794,27.653100861643107,27.017176363785744,27.523630142211914,520400.0
2007-01-12,27.523635138381444,27.919659020866018,27.46651577841718,27.896812438964844,354200.0
2007-01-16,28.12147005823639,28.28140189542727,27.744487040512038,27.88918685913086,434800.0
2007-01-17,27.847305440658893,27.984390731672153,27.809226838757677,27.93488883972168,393200.0
2007-01-18,27.950115346797368,27.965347365594706,27.630248762474345,27.725446701049805,871200.0
2007-01-19,27.65309447479435,27.79398554535108,27.493159751823004,27.683555603027344,403400.0
2007-01-22,27.892998576828504,27.892998576828504,27.302770141104812,27.508398056030273,716400.0
2007-01-23,27.37893024212024,27.759722031564998,27.33323418151098,27.508398056030273,898400.0
2007-01-24,28.292830323985264,29.724605320372817,28.292830323985264,29.32477569580078,2271600.0
2007-01-25,29.41235367753332,29.865496785402133,29.34761977789791,29.499937057495117,1392600.0
2007-01-26,29.663688888064282,29.701767496119558,29.33620762940809,29.496139526367188,615200.0
2007-01-29,29.49612748969639,29.82741734553004,29.427584861082888,29.77029800415039,799400.0
2007-01-30,29.846465829170587,30.052093788315545,29.65987862567683,29.899776458740234,600400.0
2007-01-31,29.94927308215381,29.94927308215381,29.43139604615766,29.694143295288086,580600.0
2007-02-01,29.892150120780297,30.189167198548038,29.7055629908101,30.177743911743164,654800.0
2007-02-02,30.044471142111398,30.132051622025454,29.66748810442388,30.063508987426758,502000.0
2007-02-05,30.13967575718927,30.375764846801758,29.979743876120562,30.375764846801758,627000.0
2007-02-06,30.40242844767693,30.958387261397583,30.40242844767693,30.870803833007812,1139200.0
2007-02-07,31.03071358488429,31.377235412597656,30.99263499744139,31.377235412597656,1169200.0
2007-02-08,31.605710248765423,31.906536032288514,31.41531440389334,31.79229736328125,1339400.0
2007-02-09,31.79229918431147,31.79229918431147,31.103067116063244,31.141145706176758,839600.0
2007-02-12,31.224916007451224,31.400079821794677,31.190646152675455,31.274417877197266,654400.0
2007-02-13,31.205879894096906,31.742797606953097,31.000254924503288,31.738988876342773,857000.0
2007-02-14,31.868457444356107,32.279710261320176,31.69709944084521,31.79229736328125,678800.0
2007-02-15,31.738995581964648,31.895121612660606,31.521944374682814,31.59810447692871,720000.0
2007-02-16,31.609526609469413,31.80753705764248,31.56383054979375,31.750417709350586,705800.0
2007-02-20,31.662846578058005,32.08171708056009,31.548607847733987,32.047447204589844,693400.0
2007-02-21,32.119777884730155,32.786163330078125,32.119777884730155,32.786163330078125,994200.0
2007-02-22,32.8623279761653,32.93467643045624,32.19213370740184,32.44345474243164,547000.0
2007-02-23,32.36732025326518,32.66052881726599,32.02460686954106,32.527252197265625,770800.0
2007-02-26,32.74427880800243,32.946097952418405,32.43202971744728,32.531036376953125,702400.0
2007-02-27,31.9293961015151,31.9293961015151,30.368150094620738,31.125925064086914,1251600.0
2007-02-28,31.12591354565571,31.53716928949098,30.798432442810235,31.209688186645508,854000.0
2007-03-01,31.16781014689236,31.47244476752715,29.99116480774287,31.205888748168945,1348200.0
2007-03-02,31.194456382556357,31.659022736517972,30.927903345960452,31.1563777923584,932400.0
2007-03-05,30.65372372527773,31.43815348969859,30.288164138793945,30.288164138793945,1276200.0
2007-03-06,30.295790690482814,31.156380858661958,29.998773590413062,30.905059814453125,1227500.0
2007-03-07,30.920284480496846,31.49147202315536,30.836512747950064,30.965980529785156,1084500.0
2007-03-08,31.301087142020545,31.712343014069667,31.13354071301657,31.255393981933594,662900.0
2007-03-09,31.377233157391185,31.415311742097224,30.813660226028528,31.40007972717285,588600.0
2007-03-12,31.567628139124558,32.702385621050134,31.567628139124558,32.45867919921875,1039900.0
2007-03-13,32.454865978052965,32.607559419901925,31.34020880361036,31.34784507751465,937700.0
2007-03-14,31.492901758698334,31.912806533003955,30.73707083504012,31.286766052246094,972300.0
2007-03-15,31.302031241758474,32.04259242505099,31.294397881441466,31.859359741210938,453200.0
2007-03-16,31.935722993480493,32.088413571032945,31.45473951950923,31.538721084594727,409700.0
2007-03-19,31.813557036582196,32.088404659665585,31.73721176900804,31.92044448852539,417300.0
2007-03-20,31.912802436428223,31.912802436428223,31.523436982479385,31.630321502685547,1009900.0
2007-03-21,31.538707919971053,31.744843608486732,31.21041807297033,31.615053176879883,1273200.0
2007-03-22,31.60742850228262,31.68377378017214,31.164617735843525,31.279138565063477,997100.0
2007-03-23,31.15698325834456,31.340213083678492,31.02719279571292,31.08063507080078,632400.0
2007-03-26,31.23332655486483,31.439462279595936,30.790518744705157,31.24859619140625,917100.0
2007-03-27,31.218048436061792,31.966242948987052,31.0348186721209,31.8746280670166,1163100.0
2007-03-28,31.874646071143086,31.92808835851099,31.531086429216394,31.592164993286133,694000.0
2007-03-29,31.767744855483265,32.02732279203226,31.55397581799046,31.859359741210938,805900.0
2007-03-30,31.98916765545058,32.09605223263511,31.240969790386288,31.561626434326172,754000.0
2007-04-02,31.699032685536114,32.20291892120337,31.699032685536114,32.08076477050781,702100.0
2007-04-03,32.2182027801238,32.59229875764374,32.2182027801238,32.41670227050781,474800.0
2007-04-04,32.5235574301223,32.72969301014047,32.424309230856146,32.57699966430664,674000.0
2007-04-05,32.59992121432125,32.80605689332962,32.58465158116677,32.683902740478516,303100.0
2007-04-09,32.82897364359655,33.0732820516743,32.71445280314125,32.87478256225586,332000.0
2007-04-10,32.935836224122596,33.14197185191948,32.6686249912659,32.79077911376953,501700.0
2007-04-11,32.859511062739905,32.93585634379806,32.29454608079787,32.58466339111328,387200.0
2007-04-12,32.485395288117886,33.00455108378793,32.485395288117886,32.996917724609375,424300.0
2007-04-13,33.12670450689819,33.401552029580216,32.53883684169148,32.859493255615234,370100.0
2007-04-16,32.974027599331215,33.34812645052894,32.85950968255404,33.26414489746094,310700.0
2007-04-17,33.40157803164741,33.56190490722656,33.24888452102544,33.56190490722656,453400.0
2007-04-18,34.210835226918,34.210835226918,33.02746327021654,33.18015670776367,562800.0
2007-04-19,33.05036581570465,33.195422964801665,32.6762670774016,32.951114654541016,659800.0
2007-04-20,33.172540964800774,33.393946421216,32.958768873743786,33.363407135009766,345800.0
2007-04-23,33.36338242396481,33.71457521806083,33.134343771831944,33.653499603271484,476000.0
2007-04-24,33.65352089707056,33.65352089707056,30.0041581361166,30.859237670898438,3501700.0
2007-04-25,32.44722704927012,32.74497760797599,31.378376052104997,32.676265716552734,1777400.0
2007-04-26,32.3937967568853,32.59229623188649,32.126585365078746,32.31745147705078,688200.0
2007-04-27,32.08839555790351,32.44722462096901,32.06549256660467,32.363243103027344,712200.0
2007-04-30,32.271641417842325,32.607564714547365,32.14948722700544,32.40906524658203,842100.0
2007-05-01,32.37090140923345,32.599940215277,32.1036870418606,32.439613342285156,633700.0
2007-05-02,32.33272523030599,32.744996820741314,32.1342257121629,32.18003463745117,747400.0
2007-05-03,32.294547814006194,32.890052105285775,32.25637517142844,32.50831985473633,833100.0
2007-05-04,32.63810514721865,32.63810514721865,32.180027643440056,32.31745147705078,537800.0
2007-05-07,32.317442951333106,32.485403105136356,31.889901924847173,32.06549835205078,891800.0
2007-05-08,31.98915309235703,32.06549835205078,31.393648999682874,32.06549835205078,643700.0
2007-05-09,32.01969997565158,32.55412570636142,31.867009406065282,32.515953063964844,498500.0
2007-05-10,32.30979954950215,32.30979954950215,31.46999022861604,31.49289321899414,660300.0
2007-05-11,31.546347216645458,31.81355857849121,31.454732308639116,31.81355857849121,458400.0
2007-05-14,31.68377566708899,32.14185318647811,31.470006546358846,31.653236389160156,389400.0
2007-05-15,31.622701362934766,32.21056943636795,31.576895352268696,31.592164993286133,508900.0
2007-05-16,31.599785476927742,31.905172348022464,31.37838014100332,31.90517234802246,509300.0
2007-05-17,31.882262455387107,32.256361180108634,31.737205311556348,32.08076477050781,617500.0
2007-05-18,32.21820079973972,32.58466339111328,32.18002815921064,32.58466339111328,778700.0
2007-05-21,32.737349047656274,33.04273301134638,32.53884670449187,32.592288970947266,855700.0
2007-05-22,32.63809384101508,32.93584440656559,32.56174858762742,32.683902740478516,590700.0
2007-05-23,32.828972115673764,32.94349295079905,32.134219566465404,32.24110412597656,511300.0
2007-05-24,32.180036452317175,32.30219068092202,30.89741559577301,30.920318603515625,925700.0
2007-05-25,30.347726563962702,31.21044262514879,30.004166812836637,31.126461029052734,810000.0
2007-05-29,31.088275537480474,31.500544156262116,31.06536962193608,31.393659591674805,735100.0
2007-05-30,31.302044084577133,31.91281509399414,31.01192676295934,31.91281509399414,836800.0
2007-05-31,32.06550315895235,32.06550315895235,31.02719116210937,31.027191162109375,1920400.0
2007-06-01,31.187510876248883,31.6990333960159,31.187510876248883,31.630321502685547,955300.0
2007-06-04,31.492906123965682,31.87463831940769,31.485272761506472,31.844099044799805,596200.0
2007-06-05,31.576872690549116,32.03494994277971,31.576872690549116,31.836450576782227,374000.0
2007-06-06,31.683790985742267,31.821214890478632,31.15700129251102,31.40894317626953,546700.0
2007-06-07,31.202799999742126,31.439475094022555,30.553856200348115,30.744722366333008,866600.0
2007-06-08,30.59966351825856,30.851605329658526,30.378258078395334,30.6912784576416,702200.0
2007-06-11,30.576746756921025,30.782882481729057,30.416419941754352,30.66836166381836,519100.0
2007-06-12,30.439322052959668,30.584382139735546,29.90489643893259,30.042320251464844,732300.0
2007-06-13,30.26816338579126,30.589675093050165,30.18395710431517,30.436573028564453,968900.0
2007-06-14,30.42891122008141,30.69683757218694,30.107399597554778,30.390636444091797,916100.0
2007-06-15,30.581999625624963,30.75040914901979,30.44420815728024,30.5207576751709,835800.0
2007-06-18,30.467184735095728,30.467184735095728,29.28830299426649,29.533267974853516,1639000.0
2007-06-19,28.783060882030252,29.150506797106754,27.941004383741845,28.6452693939209,2921400.0
2007-06-20,28.476855831338696,29.165810254570523,28.43858107229975,28.507476806640625,2211900.0
2007-06-21,28.85961974990935,29.089271307777256,28.323764168098908,28.85196304321289,1567500.0
2007-06-22,29.4720274688051,30.26049895753947,29.188790619871686,29.349546432495117,1931900.0
2007-06-25,29.096928117031243,29.364857395859303,28.798380768770564,28.87493324279785,1086800.0
2007-06-26,28.943810114358694,29.242357267723097,28.68353771293243,28.936153411865234,1073600.0
2007-06-27,28.668241959803368,29.410781873534866,28.645274760697276,29.334232330322266,971100.0
2007-06-28,29.785875427574798,29.80118591705769,29.326572423797106,29.479671478271484,995400.0
2007-06-29,29.52560274450314,29.931320492400634,29.326572222943216,29.49498176574707,853800.0
2007-07-02,29.75524499804319,30.168619322257626,29.41076639453116,29.732280731201172,647800.0
2007-07-03,29.747599362745603,30.10738854941261,29.609807883604073,30.03083610534668,456000.0
2007-07-05,31.508273834214886,31.508273834214886,30.704491919499926,30.903522491455078,1262200.0
2007-07-06,30.71980940602482,30.92649673174806,30.528432577041674,30.87291145324707,793400.0
2007-07-09,30.918846216999928,31.309256661633228,30.849950427957538,31.232704162597656,878700.0
2007-07-10,31.232683990923,31.278615460679436,30.880551483322407,31.094892501831055,1244800.0
2007-07-11,31.00303296902944,31.316890716847087,31.00303296902944,31.278615951538086,1218800.0
2007-07-12,31.32454505932606,31.94460678100586,31.240341742218646,31.94460678100586,895700.0
2007-07-13,31.79150474783756,32.64121798432544,31.577163722481142,32.579978942871094,1155500.0
2007-07-16,32.434526712892,32.480458178407176,31.806811285070154,31.92163848876953,760300.0
2007-07-17,31.99820283997576,32.488127018473705,31.829793228728626,32.31971740722656,969700.0
2007-07-18,32.235506907907066,32.55701851275413,31.898681889292355,32.426883697509766,828300.0
2007-07-19,32.48045546052102,32.61824692535939,32.105355823977305,32.174251556396484,575600.0
2007-07-20,32.074755953065974,32.46516337798092,31.623106544536952,32.235511779785156,638100.0
2007-07-23,32.31205840217634,32.342679391200136,31.63841416472228,31.691999435424805,888800.0
2007-07-24,31.34751888745479,31.592480945833074,30.89586954478644,31.133174896240234,769100.0
2007-07-25,31.19440339810528,32.243146940097596,31.087232908873823,31.860393524169922,1772900.0
2007-07-26,31.921662053021564,31.921662053021564,30.804021848715443,31.232704162597656,1449200.0
2007-07-27,31.163798511309366,31.19441950123313,30.405947991855346,30.52842903137207,1159500.0
2007-07-30,30.428921942757775,30.712158889103065,29.85479134006423,30.589677810668945,1465300.0
2007-07-31,30.773386200436324,31.54654709149251,30.59731991673398,30.796350479125977,966800.0
2007-08-01,30.635588394891524,31.12551237415144,30.291109684419002,30.880550384521484,935500.0
2007-08-02,30.964756512411135,30.98006700173395,30.291109583093505,30.47483253479004,821500.0
2007-08-03,30.53607736111358,30.543734067315214,29.142854690551758,29.142854690551758,828300.0
2007-08-06,29.35719108581543,29.449054024600386,28.545755567789694,29.35719108581543,701300.0
2007-08-07,29.142860882975697,29.272998634455615,28.629972425241448,28.95914077758789,1404900.0
2007-08-08,28.783057222979306,30.076765705745615,26.21095658566391,28.438581466674805,2644900.0
2007-08-09,27.71135396385069,27.78790349572395,26.44061246158339,26.876951217651367,2257200.0
2007-08-10,26.486538675841132,29.678704100377008,25.200486796626603,28.867265701293945,2068500.0
2007-08-13,29.08926461269759,30.45186607325668,29.08926461269759,29.29595184326172,1253300.0
2007-08-14,29.31127017081066,29.73229852927915,28.201284192900566,28.25486946105957,896800.0
2007-08-15,28.132372831918495,28.59933241281939,27.45107229723088,27.481693267822266,817300.0
2007-08-16,27.2520437374799,27.466387649423694,26.126750610527242,26.907567977905273,1118300.0
2007-08-17,28.323751679510085,28.706505080584545,26.92287282989274,27.428110122680664,1076500.0
2007-08-20,27.366874933983315,28.652926912746935,27.160187695948725,28.392654418945312,684500.0
2007-08-21,28.140031924821074,28.57637353764968,27.918037146581824,28.3543758392334,489300.0
2007-08-22,28.64527620191325,29.265338045772616,28.400314147094797,29.07396125793457,647500.0
2007-08-23,29.0739629584149,29.25768597036337,28.783069406237416,29.08927345275879,535200.0
2007-08-24,29.005062395600635,29.686363220214844,28.783064644607006,29.686363220214844,335400.0
2007-08-27,29.479664565722246,29.732283202688702,29.06629312732278,29.5715274810791,547800.0
2007-08-28,29.433737773468323,29.563872531008535,29.227050581924956,29.242361068725586,540400.0
2007-08-29,29.479682027820623,30.658563858280576,29.479682027820623,30.52842903137207,845500.0
2007-08-30,30.29877447904685,30.63559657467611,30.168636744709108,30.46718406677246,1001600.0
2007-08-31,30.788687671941382,31.385782104347946,30.559033271621622,30.980064392089844,760500.0
2007-09-04,30.811665211364073,31.416416608280834,30.574356924931628,31.018352508544922,503200.0
2007-09-05,30.52842232393757,31.27096218528543,30.52842232393757,31.087242126464844,706200.0
2007-09-06,31.117870268244317,31.822135522700382,31.003043014932484,31.814481735229492,685600.0
2007-09-07,31.309238570527803,31.39344189054369,30.68152304203896,31.003034591674805,826300.0
2007-09-10,31.00304100257943,31.079590553033054,29.119894027709957,29.11989402770996,1274900.0
2007-09-11,29.295947547709634,30.398276362244108,29.211741326843974,30.245174407958984,896100.0
2007-09-12,30.2106470640958,30.402533792980595,29.54288206740526,29.634986877441406,658500.0
2007-09-13,29.70406869794909,29.89595544286096,28.713932391493604,29.120731353759766,1044500.0
2007-09-14,28.898134555203495,30.1722619657737,28.829055234776746,29.980375289916992,864100.0
2007-09-17,29.7270930910631,30.533016804839672,29.519855062727537,30.172271728515625,1180900.0
2007-09-18,30.31808117953214,31.99133247633528,30.01106146475914,31.661287307739258,1118600.0
2007-09-19,31.96832965453186,32.95078875260742,31.753414530858528,32.19859313964844,1198800.0
2007-09-20,32.083446385726745,32.92774937858877,31.868534280760116,32.69748306274414,1252100.0
2007-09-21,33.134974807926206,33.14265191114787,32.54396668996556,32.75120162963867,1256200.0
2007-09-24,32.49025881265567,32.536309748694336,31.922272868522136,32.09880828857422,617200.0
2007-09-25,31.645950762928774,32.121828907225,31.431038619303063,32.02972412109375,766800.0
2007-09-26,32.398140868335034,34.84661636486805,32.25998224786793,34.53959655761719,1488300.0
2007-09-27,35.69093429348649,37.486994329889995,34.4705344876231,34.677772521972656,2098600.0
2007-09-28,34.716139858617304,34.716139858617304,33.76438350887843,33.925567626953125,816100.0
2007-10-01,33.925558900437,34.570298134851015,33.718320975665584,33.83345413208008,937500.0
2007-10-02,34.15583790563836,34.70847262442932,33.90254601687279,34.04838180541992,783200.0
2007-10-03,34.00230188572507,34.19418846852031,33.63387999811304,33.84111785888672,643900.0
2007-10-04,34.00232385683822,34.324695046776796,33.46504049224644,33.77206039428711,717100.0
2007-10-05,34.14815258191699,34.45516949265043,33.65692025441877,34.28630828857422,696700.0
2007-10-08,34.286308431008386,34.30165971580256,33.5417901502193,33.64924621582031,351200.0
2007-10-09,33.8257878428327,34.155833206934155,33.66460371467861,34.14815902709961,553100.0
2007-10-10,34.14816094757854,36.258914803793665,34.125132550862325,36.09005355834961,1343100.0
2007-10-11,36.28192661110134,37.02644771881056,35.92117878729044,36.58894348144531,1065500.0
2007-10-12,36.70408609323707,37.03413143665012,36.220530811127034,36.51219940185547,1504700.0
2007-10-15,36.76549662112483,37.126241662711315,35.752334976574026,36.09772872924805,788200.0
2007-10-16,36.09770966168773,36.22051698015909,34.700775316092006,34.808231353759766,1172000.0
2007-10-17,35.65254982087032,36.31264054429182,35.34552992645516,35.73698043823242,869800.0
2007-10-18,35.52973964209477,35.99794362651162,35.34552713440543,35.744651794433594,573400.0
2007-10-19,35.68325908740288,35.997953220609986,35.41461589742265,35.713958740234375,948100.0
2007-10-22,35.199705291646424,36.59664057372399,34.731501161111524,36.55058670043945,1471300.0
2007-10-23,34.34771526348831,35.583465934737426,33.87951130203782,35.07688522338867,3618300.0
2007-10-24,34.64706594678462,35.56044861452325,34.547284031830195,35.48369216918945,1540000.0
2007-10-25,35.45299457812683,35.92119871266739,35.08457237257673,35.806068420410156,1218400.0
2007-10-26,36.12075845433871,36.16680939480989,35.26878092011295,35.46834182739258,594700.0
2007-10-29,35.752331938344675,36.067026014410075,35.53741683979262,35.89048767089844,561700.0
2007-10-30,35.859794677748276,36.55826228974226,35.8521175685404,35.9442253112793,570900.0
2007-10-31,36.18983793791769,36.75014683024692,35.46066778862709,36.65803909301758,868800.0
2007-11-01,36.174483412350426,36.19750888061844,35.245749510102954,35.322505950927734,1210800.0
2007-11-02,35.675590044923595,36.54291911664125,35.39159842829318,36.45848846435547,1139800.0
2007-11-05,35.88282065700359,36.397075718753015,35.07689692837398,35.37623977661133,868500.0
2007-11-06,35.3455271810667,35.767677307128906,34.501226928942295,35.767677307128906,747200.0
2007-11-07,35.38389663562023,35.77534703626297,34.3553840876751,34.53959655761719,857300.0
2007-11-08,34.49355976095786,35.01549193454075,33.603205393309274,34.462860107421875,1563800.0
2007-11-09,33.75671723529951,34.01000915467177,33.18105697631836,33.18105697631836,852600.0
2007-11-12,33.0812560882125,34.21722759158812,32.467219416089065,32.543975830078125,1058700.0
2007-11-13,32.65911142879814,33.41130684181687,32.152530725011715,33.019859313964844,997800.0
2007-11-14,33.127329815971294,33.626236558436595,32.96614564180604,33.081275939941406,919400.0
2007-11-15,32.8970607717972,33.00451686987684,31.937627141858922,32.283023834228516,1054000.0
2007-11-16,32.4518783413644,32.605388289672845,31.300558120989116,32.2446403503418,872500.0
2007-11-19,32.075775460960294,32.075775460960294,30.763271381746147,30.786296844482422,618700.0
2007-11-20,30.886088505425864,31.61525571714082,30.310428331150444,30.970516204833984,866900.0
2007-11-21,30.701880978729545,30.847713859313078,29.742447198144248,30.156923294067383,664900.0
2007-11-23,30.463925517365457,30.832347558408735,30.118531866858586,30.586732864379883,171400.0
2007-11-26,30.52533987790676,30.709549490107214,29.243535061193043,29.289588928222656,1104000.0
2007-11-27,29.404718710716114,30.049458134323284,29.212832012356348,29.673358917236328,963600.0
2007-11-28,30.049473008533177,32.129525145649474,29.895962988267595,31.999040603637695,1997700.0
2007-11-29,31.761085833510613,33.242451318506276,31.75340872623332,32.927757263183594,2134300.0
2007-11-30,33.25012469148302,33.879512786865234,33.16569408123153,33.879512786865234,1278000.0
2007-12-03,34.01767771140286,34.62404045330651,33.48039430627253,34.424476623535156,1856600.0
2007-12-04,34.08677016594714,34.60870248287894,33.841155302445124,34.324710845947266,1269900.0
2007-12-05,34.70847514443248,34.7238264352867,33.08127344939619,33.53412628173828,1308300.0
2007-12-06,33.41899134427616,34.03302825324691,33.188727869406996,33.695308685302734,1212600.0
2007-12-07,33.8257980729372,34.08676418561807,33.403647783354494,33.84882354736328,556700.0
2007-12-10,34.00999734023096,34.301662995331355,33.11964323275096,33.96394348144531,661900.0
2007-12-11,34.07909130733487,34.08676548978398,32.958470352383216,33.00452423095703,592500.0
2007-12-12,33.616201969005374,34.10094089809987,32.50823020905785,33.008358001708984,685600.0
2007-12-13,32.731369232412135,33.17763460192067,32.44667961664481,32.962196350097656,615500.0
2007-12-14,32.19276929988024,32.762145572096436,32.069661313336994,32.323570251464844,605300.0
2007-12-17,32.185075470269204,32.22354616469445,31.46950940048161,31.50028419494629,636400.0
2007-12-18,31.761900684596924,31.900397583464507,30.930922226518334,31.377187728881836,718900.0
2007-12-19,31.261751267249487,31.684934602079792,31.10786561773175,31.361774444580078,407100.0
2007-12-20,31.53106752369591,31.723423965105813,31.07710620456349,31.523374557495117,479300.0
2007-12-21,32.06967154948561,32.83909744475134,32.06197564686192,32.546714782714844,722800.0
2007-12-24,32.531327203902926,33.13148142191917,32.24664043318968,33.062232971191406,169300.0
2007-12-26,32.85448875126462,32.88526649378808,32.331278868874065,32.662132263183594,234800.0
2007-12-27,32.62364649786284,32.685199019378246,31.769583615284425,31.992717742919922,447800.0
2007-12-28,32.36973915493442,33.43924041461647,32.03119290158487,32.385128021240234,628800.0
2007-12-31,32.408201321053745,32.485145632325754,31.723413093922353,31.738801956176758,426100.0
2008-01-02,31.654181526617005,31.661877429402384,31.22330489469734,31.377187728881836,444600.0
2008-01-03,31.31562616281405,31.415652324326317,30.76163872690127,31.01555061340332,809900.0
2008-01-04,30.661603437865093,31.046316168252986,30.43847228493527,30.500024795532227,780500.0
2008-01-07,30.484639156153815,31.415646292789805,30.22303435443491,30.584665298461914,841800.0
2008-01-08,30.753958444047388,30.823206902093776,29.530570975312735,29.707538604736328,864800.0
2008-01-09,29.615207571202195,29.699841964379985,28.01480010721325,28.776533126831055,1331000.0
2008-01-10,28.53030166283249,29.615191603628674,28.153281840512964,29.268949508666992,1033700.0
2008-01-11,29.076582299428928,29.238160905264976,28.46873561828432,28.738033294677734,610500.0
2008-01-14,28.968881369920187,29.22279034736329,28.730358324942166,29.038129806518555,847500.0
2008-01-15,28.65341691178545,28.92271475672296,28.184066723357464,28.484142303466797,852900.0
2008-01-16,28.222537995116003,28.33025713526793,27.653161623436098,27.668550491333008,1209200.0
2008-01-17,27.722399425843015,27.814732597801292,25.929639562970134,26.54517936706543,1771200.0
2008-01-18,26.683683246873677,26.799098274782516,25.84500912476421,26.252803802490234,1316700.0
2008-01-22,25.198689620322817,26.699070200008435,24.61392595989632,26.32974624633789,1007200.0
2008-01-23,25.737297334832384,26.20664761061599,24.91401184407741,26.021984100341797,1226400.0
2008-01-24,26.137382097741725,26.568258448545237,25.78344417870669,26.27587890625,2867800.0
2008-01-25,26.660599264901702,29.068899374536482,26.660599264901702,28.699575424194336,2194500.0
2008-01-28,28.468751052115753,30.22304071824901,28.33025419056564,30.07685089111328,2328900.0
2008-01-29,28.060941201685846,28.46104270379034,25.952714620428413,27.206878662109375,5084200.0
2008-01-30,28.29178938851763,28.422590376615492,27.345395927443416,27.391559600830078,2213700.0
2008-01-31,27.0376297667751,28.38412529647607,26.776024803599537,27.891693115234375,1289800.0
2008-02-01,27.837825468613396,28.845774315648157,27.699328590849035,28.761137008666992,1059500.0
2008-02-04,28.753430098527865,30.007594484724525,28.353328486516496,29.468996047973633,1975800.0
2008-02-05,29.807551072228556,29.807551072228556,28.36103002355144,28.545690536499023,1365500.0
2008-02-06,29.392064012904243,29.392064012904243,28.468752532919435,28.86115837097168,1144400.0
2008-02-07,28.891929686347464,29.322809063980404,28.24561208746087,29.268949508666992,1328600.0
2008-02-08,29.215102899199128,29.361292766240343,28.922720229989757,29.284351348876953,1301700.0
2008-02-11,29.199712525899052,29.545954756468365,28.69189156610632,29.36898422241211,832600.0
2008-02-12,29.57672292294952,31.169433890994828,29.57672292294952,30.57697868347168,1793600.0
2008-02-13,30.892452999868382,30.892452999868382,30.500044122544253,30.684707641601562,1059000.0
2008-02-14,30.584658848620272,30.977064500883465,30.123004794766526,30.29227638244629,667400.0
2008-02-15,30.069156410052805,30.52311473487801,29.73830313914977,30.438480377197266,668500.0
2008-02-19,30.930922305005286,31.215609071121303,30.561598218796878,30.723176956176758,644400.0
2008-02-20,30.515428474980247,30.961696867794217,30.022996410583197,30.89244842529297,821100.0
2008-02-21,31.08480542225305,31.115580225465887,30.09224537425381,30.19996452331543,479200.0
2008-02-22,30.230721600312553,30.346133637516765,29.07658361752243,29.392047882080078,1584000.0
2008-02-25,29.469005129802962,31.046327303077916,29.322815296469372,30.938608169555664,729600.0
2008-02-26,30.869366586679973,31.107889674647687,30.361545605141373,30.969392776489258,786300.0
2008-02-27,30.60005685064892,31.238678580448394,30.438478177038593,30.630834579467773,558500.0
2008-02-28,30.530814542623567,30.89244559085272,29.83833018114782,30.238431930541992,463300.0
2008-02-29,29.976823510713867,30.146098097986318,29.045819150967407,29.19200897216797,782000.0
2008-03-03,28.95348646280608,29.115065136122478,28.37641725656829,28.85346031188965,791500.0
2008-03-04,28.391802154995812,28.81498559343199,27.860896680936925,28.499521255493164,661600.0
2008-03-05,28.51490507285066,28.93039253909996,28.30715987216359,28.714954376220703,466000.0
2008-03-06,28.530297583451713,28.899621453561497,28.084029405949135,28.11480712890625,502600.0
2008-03-07,28.03018029634516,28.291785168647877,27.1991990778096,27.360780715942383,633800.0
2008-03-10,27.360777963482928,27.66854647132563,27.03761765485318,27.137643814086914,833900.0
2008-03-11,27.722417422429643,28.522621154785156,27.707028550446587,28.522621154785156,1187500.0
2008-03-12,28.615228989698377,29.201893012895855,28.383652325660236,28.638385772705078,456300.0
2008-03-13,28.260155598215068,28.75418679277106,27.542265598420208,28.545766830444336,607600.0
2008-03-14,28.723313861485497,28.723313861485497,26.98648349925873,27.279815673828125,884000.0
2008-03-17,26.646829046845923,27.364718931460917,26.31490133913543,26.893844604492188,1148500.0
2008-03-18,27.28752428752162,28.12120398957443,27.102264094615,28.0903263092041,532300.0
2008-03-19,28.267879988889423,28.607528721037816,26.739469528198242,26.739469528198242,1099000.0
2008-03-20,26.708592494851846,26.955608154518117,26.338069005352438,26.492454528808594,1219300.0
2008-03-24,26.446120999097445,27.51137718748788,26.322613248607034,27.001907348632812,1257700.0
2008-03-25,26.955596129378936,27.696645722447652,26.56191601761605,27.61945152282715,1675500.0
2008-03-26,27.318406464040102,27.773842018157577,27.171741875129044,27.642616271972656,645100.0
2008-03-27,27.696657754146354,28.237005607591772,27.36472991322955,27.81244468688965,677400.0
2008-03-28,27.766135930782173,28.005430733618336,27.179471435199275,27.287540435791016,426200.0
2008-03-31,27.426473095571698,28.329626178279845,27.39559835739253,28.1906795501709,1043800.0
2008-04-01,28.66928617327925,28.66928617327925,28.059464883655895,28.553499221801758,1050200.0
2008-04-02,28.422254476300203,29.093827839719165,28.291028749567026,28.561201095581055,873300.0
2008-04-03,28.422259912062735,28.738748839918188,27.93594665157226,28.028579711914062,915000.0
2008-04-04,27.97454866408432,28.25243904522438,27.43420085777113,27.627182006835938,1267400.0
2008-04-07,27.843318089901345,28.321910483079098,27.35700480226838,27.557706832885742,1458500.0
2008-04-08,27.418768369253513,28.05946440146513,27.357012973799257,27.98227310180664,513600.0
2008-04-09,27.98226364070461,28.105771445194488,27.333846930968154,27.472793579101562,317900.0
2008-04-10,27.418760482597712,27.565425087626384,27.040516155885847,27.21034049987793,561300.0
2008-04-11,26.87841903055946,27.33385474188454,26.80894568664007,26.96333122253418,551800.0
2008-04-14,27.086820181096797,27.449625495850913,26.940155643794366,27.125415802001953,521300.0
2008-04-15,27.2334974270734,27.696653928041357,27.171744993739438,27.51911163330078,736500.0
2008-04-16,27.696654357266492,28.615243534201316,27.696654357266492,28.584365844726562,671400.0
2008-04-17,28.414531676587476,28.68470397646919,28.152077323277858,28.484004974365234,798600.0
2008-04-18,28.846817933721276,29.37172683280995,28.83909998431922,29.14015007019043,625300.0
2008-04-21,29.91207941984519,30.44470635459882,29.67278172440927,30.105060577392578,1393200.0
2008-04-22,30.251712070439368,30.251712070439368,28.792775623578052,29.04751205444336,1623100.0
2008-04-23,29.18647555494308,30.00471389687687,29.07068566578001,29.618751525878906,1178200.0
2008-04-24,29.56470685642714,29.742249132635585,28.64611778961174,29.4952335357666,999200.0
2008-04-25,29.464370599494348,29.780862620114068,29.22507577660971,29.611038208007812,664300.0
2008-04-28,29.47978409719786,29.556978283885503,29.10154288872839,29.418031692504883,461600.0
2008-04-29,29.31769263716566,29.40260480470272,28.61524144843863,28.869977951049805,447800.0
2008-04-30,28.877702713012695,29.379454942467305,28.792790525444158,28.877702713012695,547600.0
2008-05-01,28.869988197183837,29.309985089980405,28.26016690904145,29.147878646850586,553100.0
2008-05-02,29.263657873231395,29.487516686448863,28.91629125697296,29.14015007019043,417300.0
2008-05-05,28.954890665719528,29.587871551513672,28.954890665719528,29.587871551513672,601500.0
2008-05-06,29.57242622170038,29.788564121624752,29.348567428402685,29.52610969543457,423800.0
2008-05-07,29.070681104078645,30.2131291896033,29.062963153519817,29.703659057617188,1043600.0
2008-05-08,29.904361320546382,30.614530563354492,29.60330824275554,30.614530563354492,785700.0
2008-05-09,30.336630372693847,30.876978077990298,29.749969084861597,30.745752334594727,1662100.0
2008-05-12,32.22785423729435,32.22785423729435,31.116283797929533,32.112064361572266,1244900.0
2008-05-13,32.32048736538443,32.89943090831294,32.281891718121024,32.87627410888672,1198300.0
2008-05-14,32.8376714474349,34.23485301467991,32.799075808415594,33.887489318847656,1962000.0
2008-05-15,33.9878347620536,34.22713241691475,33.53239918967806,34.19625473022461,687700.0
2008-05-16,33.84887253541102,33.91834582615498,32.99975715490204,33.594139099121094,1642700.0
2008-05-19,33.648185361927375,33.648185361927375,32.953452210682066,33.18503189086914,1051600.0
2008-05-20,33.08468409985587,33.1927530572691,32.59837084683809,32.9920539855957,679500.0
2008-05-21,33.43978020641257,33.995566973224065,32.891714336173045,32.984344482421875,1068100.0
2008-05-22,33.131001480023635,33.91836490307812,33.084687889917156,33.72538375854492,616500.0
2008-05-23,33.679054507544905,33.679054507544905,32.74502396439159,33.123268127441406,423500.0
2008-05-27,33.10783306380523,33.23134083516773,32.63695876528022,33.192745208740234,353400.0
2008-05-28,33.35484444400506,33.85659635891884,33.05379447291966,33.810279846191406,366000.0
2008-05-29,33.88748292273314,34.69028207464879,33.810288714606095,34.27344512939453,737300.0
2008-05-30,34.4046754045107,34.45870988499829,34.05730878376307,34.327484130859375,530600.0
2008-06-02,34.119053959049154,34.32747386919383,33.532389853903204,33.625022888183594,475700.0
2008-06-03,33.578713174863026,33.964675395263754,33.27766311409575,33.632747650146484,737700.0
2008-06-04,33.60187240001039,34.62081250011054,33.50924228490809,34.41239547729492,657000.0
2008-06-05,34.42783204914056,35.43133627022832,34.39695730660824,35.3464241027832,953000.0
2008-06-06,35.01449029496285,35.361856854368796,34.19624939332416,34.22712707519531,967000.0
2008-06-09,34.551326381887336,34.674834137836655,33.58642111832789,33.810279846191406,658200.0
2008-06-10,33.370289030082326,33.50923564754297,32.876257921181235,33.16958999633789,614500.0
2008-06-11,33.10766183931027,33.680483882173874,32.94510447197633,32.96058654785156,484200.0
2008-06-12,33.23924953626581,33.99011385057854,33.208288342559776,33.57984924316406,628400.0
2008-06-13,33.88949688583136,34.47006160426606,33.734681989906,34.42361831665039,383400.0
2008-06-16,34.33071624652281,34.710019722566436,34.27653045750287,34.369422912597656,585500.0
2008-06-17,34.531991705778076,34.59391707676075,33.874016552544006,34.43910217285156,423900.0
2008-06-18,34.19913331426691,34.5552123071518,33.71145811354765,34.152687072753906,564000.0
2008-06-19,34.059789318349374,34.609389755471184,33.87400735006234,34.35394287109375,197800.0
2008-06-20,34.121724161812644,34.322985292515234,33.36311701948308,33.572120666503906,669900.0
2008-06-23,33.7965964148454,34.50101459368287,33.73467106710676,34.322975158691406,913200.0
2008-06-24,34.230101005245174,34.47780841304942,33.12315723472395,33.15412139892578,766200.0
2008-06-25,33.208303340811575,34.299764902068475,32.98381760586036,34.14494705200195,1265700.0
2008-06-26,33.60307669938771,33.680484126421206,32.20972234245626,32.29487228393555,1036100.0
2008-06-27,32.171026895472174,32.58903124292741,31.64464798825687,31.722055435180664,1270400.0
2008-06-30,31.180196593496227,31.737539698993526,30.80863550746637,30.89378547668457,1083200.0
2008-07-01,30.498998722663515,31.08730295971901,30.057769806645734,30.924745559692383,1086800.0
2008-07-02,30.886039846648504,31.3891940932659,30.057767868041992,30.057767868041992,1148900.0
2008-07-03,29.94939541531498,30.289995249099487,29.415276975386533,29.972620010375977,339600.0
2008-07-07,30.204851911996805,30.499005573046738,29.415283423645064,29.63202667236328,688500.0
2008-07-08,29.60105955210135,30.011324320403965,28.927602387308177,29.96487808227539,937900.0
2008-07-09,30.150659422823676,30.4989988189119,29.701687989442263,29.918434143066406,745700.0
2008-07-10,29.964867962253617,32.8599508639429,29.926164253336875,30.1661319732666,1464400.0
2008-07-11,29.988096772837796,30.73121871913868,29.608793285071485,30.05002212524414,941500.0
2008-07-14,30.235810042001688,30.522221128199476,29.810060241418174,29.96487808227539,844000.0
2008-07-15,30.35965574725176,31.118259719937356,29.484937686205505,30.506731033325195,825100.0
2008-07-16,30.460294211555507,30.460294211555507,29.299164781083434,30.15066146850586,1016900.0
2008-07-17,30.359657414903896,30.599622213104738,30.135171739957737,30.344175338745117,694000.0
2008-07-18,30.468043000834474,30.816382492273448,29.616546138105264,30.03455352783203,1095000.0
2008-07-21,29.090167896424063,29.74039762795715,27.642624223877128,29.709436416625977,1901900.0
2008-07-22,29.361086517648722,29.45397602444404,28.3238110075711,28.52507209777832,1481200.0
2008-07-23,28.385747374462277,28.803754746579315,27.960000437486176,28.447675704956055,1468500.0
2008-07-24,28.43219024486152,28.67989763160073,27.820661341953166,27.905811309814453,676900.0
2008-07-25,28.006441503962645,28.393484639227022,27.712287894348382,28.33155632019043,801300.0
2008-07-28,28.223182358509245,28.49411430231785,27.836139255557978,28.323814392089844,703000.0
2008-07-29,28.33929812621791,29.183052258062336,28.2386660867581,29.097902297973633,889200.0
2008-07-30,29.330121816982622,30.11195043055461,29.21401067388168,30.05002212524414,785000.0
2008-07-31,29.88747781798433,30.30548520284274,29.763624106126883,30.13518524169922,914000.0
2008-08-01,29.980371566718354,30.320968583849623,29.709442456830505,29.732664108276367,794400.0
2008-08-04,29.794594537206784,29.910705755478467,29.167583328077946,29.18306541442871,813600.0
2008-08-05,29.41528108764529,30.77767175453169,29.275945309418777,30.723485946655273,967000.0
2008-08-06,30.638336306865178,31.21115849907498,30.3054789710251,30.870561599731445,629200.0
2008-08-07,30.73896747262405,30.917006974274038,30.088734836947793,30.35966682434082,465900.0
2008-08-08,30.065519145790972,31.234388436929322,30.065519145790972,31.16472053527832,401400.0
2008-08-11,31.280840024864403,31.714329592737847,30.67705340949926,31.621437072753906,573600.0
2008-08-12,31.636910716678006,31.737542776685864,31.172460052327654,31.41242790222168,458100.0
2008-08-13,31.350492614867502,31.683349933183653,31.01763529655135,31.582717895507812,593900.0
2008-08-14,31.489820469207512,31.753009841974887,31.172445309656023,31.68334197998047,638500.0
2008-08-15,31.598195603885575,31.72979178155208,31.110520514963756,31.396934509277344,353000.0
2008-08-18,31.505306536193906,32.000721194077926,31.187931336430434,31.280820846557617,495200.0
2008-08-19,31.180183379441957,31.180183379441957,29.81005079435525,30.088722229003906,750500.0
2008-08-20,30.235798006440987,30.700248391230353,30.026794447414712,30.22031593322754,447000.0
2008-08-21,30.173877459393957,30.35191691769708,29.933909692339686,30.20484161376953,299700.0
2008-08-22,30.36740459197863,31.002155109148955,30.36740459197863,30.963451385498047,294500.0
2008-08-25,30.847335407197683,30.847335407197683,29.92617384690213,30.274513244628906,300400.0
2008-08-26,30.33642769830292,30.52994918823242,30.05001672002027,30.529949188232422,336800.0
2008-08-27,30.47577014852538,30.963445237834463,30.390620201656656,30.762184143066406,758400.0
2008-08-28,30.971189059261427,31.6059424906051,30.971189059261427,31.582717895507812,483400.0
2008-08-29,31.48208152817415,31.574973989978712,30.762184143066406,30.762184143066406,351700.0
2008-09-02,30.831856879875104,31.45112529180445,30.158399713553777,30.26677131652832,602600.0
2008-09-03,30.189371006318495,30.53771049312633,29.36109875596732,29.77910614013672,661500.0
2008-09-04,29.562347524803574,29.562347524803574,28.59473988576688,28.78826141357422,909700.0
2008-09-05,28.563776887465554,28.78825960138395,27.85935868870538,28.648923873901367,873400.0
2008-09-08,29.136600315585998,29.53912544171415,28.718593113117823,28.904375076293945,669300.0
2008-09-09,28.710864429769927,28.919868110194223,26.156379923870595,26.373123168945312,1846100.0
2008-09-10,26.473749038710405,26.791124267487003,26.12540965275937,26.61308479309082,1616100.0
2008-09-11,27.824890884221183,27.925875405883847,26.985950984267394,27.529706954956055,2194100.0
2008-09-12,27.32774495153881,28.050167092648287,27.23453005169353,27.988021850585938,763500.0
2008-09-15,26.92379453728857,28.057917894127133,26.667452966912496,26.79174041748047,776000.0
2008-09-16,26.418881834391225,27.988013149675243,25.906195599753662,27.894798278808594,1289800.0
2008-09-17,27.452024936716782,27.7549755004889,25.89842987060547,25.89842987060547,1072300.0
2008-09-18,26.216919314982437,26.613084791913177,24.873059806426397,25.556642532348633,1518600.0
2008-09-19,27.04809911305925,28.197759499519304,26.783987742977317,28.081241607666016,2029500.0
2008-09-22,28.081235876971736,28.197753745046573,26.636391792160214,26.76844596862793,666600.0
2008-09-23,26.79951832873067,27.05586296988617,26.247992720681193,26.48103141784668,725900.0
2008-09-24,26.628616670620595,27.452023066327495,26.193611978225963,27.040321350097656,962500.0
2008-09-25,27.218995172174285,27.553018457699558,26.846132589942247,27.34328269958496,750900.0
2008-09-26,26.884961886175944,27.094697566274583,26.224682234773425,26.644153594970703,528700.0
2008-09-29,26.170304532937617,26.178074166710285,23.094187399805897,23.241779327392578,1304100.0
2008-09-30,23.731167939165722,24.445821846197298,23.078657785718462,23.956439971923828,1131800.0
2008-10-01,23.7700072390738,23.987509622336802,23.140801587796886,23.30392837524414,836200.0
2008-10-02,24.00304002142095,24.00304002142095,21.688184061577516,21.952295303344727,1325000.0
2008-10-03,22.317394781628096,23.08642423090757,21.711493599445156,21.83578109741211,820900.0
2008-10-06,21.16772570941389,21.41630059995096,18.82179758712964,20.530752182006836,1617400.0
2008-10-07,20.68611546953731,20.787099967882952,18.604299545288086,18.604299545288086,1315000.0
2008-10-08,18.332417360939605,20.608433784411275,17.8663386646671,19.451005935668945,2175700.0
2008-10-09,19.606374761795543,20.437548105772205,18.099386732725048,18.177066802978516,1562200.0
2008-10-10,18.565458086319936,19.629671206193404,16.304977707214004,17.48571014404297,1922000.0
2008-10-13,18.340187938716863,20.056909561157227,18.23920344232418,20.056909561157227,1204000.0
2008-10-14,20.616205373284416,21.610505177400057,19.163593465976803,19.79279899597168,1130200.0
2008-10-15,19.792793384889404,19.792793384889404,17.66436911806439,17.687673568725586,848400.0
2008-10-16,17.796427016337727,18.87617484939704,16.708911032050672,18.806262969970703,758200.0
2008-10-17,18.091611585391014,19.256807648564806,17.967322642225604,18.231433868408203,1031300.0
2008-10-20,18.3246539767946,19.202434539794922,18.3246539767946,19.202434539794922,622100.0
2008-10-21,18.806269984168466,18.891718197920014,17.648841688767614,18.060544967651367,904900.0
2008-10-22,17.48571062293255,17.874109344503804,16.7011450275638,17.011863708496094,1314500.0
2008-10-23,17.198295686471273,17.765358971368418,16.281674425495634,16.817665100097656,1302800.0
2008-10-24,15.621399035676033,16.926419142622198,15.621399035676033,16.2506046295166,1010300.0
2008-10-27,15.535952471992946,16.009799496508375,14.80576229095459,14.80576229095459,1268400.0
2008-10-28,15.225228332339176,16.21176132087462,14.735845172901056,16.071937561035156,1953200.0
2008-10-29,16.002027625060258,17.423566886746094,15.939883888873798,17.011863708496094,1481000.0
2008-10-30,17.493483702405833,18.379032562894086,17.120621180265932,18.3168888092041,1001300.0
2008-10-31,18.18483173596203,19.179133199451257,17.672145437406733,18.915021896362305,900600.0
2008-11-03,18.860647597579376,20.103522660332594,18.720823782613653,19.357797622680664,990900.0
2008-11-04,19.777267380073976,20.336562634114642,19.381101883960405,20.29772186279297,623900.0
2008-11-05,20.080219364921618,20.414242588422322,18.93055920904044,18.969398498535156,637300.0
2008-11-06,18.845112621657876,19.233511476642686,18.542161988889422,18.58100128173828,879800.0
2008-11-07,18.65867437821801,19.48207922830873,18.619833618255928,19.217967987060547,523300.0
2008-11-10,19.676272939363002,19.83163297140132,18.744115710379248,19.015995025634766,621600.0
2008-11-11,18.79849814785975,19.272343566334214,18.052771854564213,18.34795570373535,980400.0
2008-11-12,17.77312313113923,18.083843263694128,16.840967178344727,16.840967178344727,738100.0
2008-11-13,17.019635762674532,18.92279052734375,16.452573854764527,18.92279052734375,972000.0
2008-11-14,18.65091243056009,18.88395114136029,17.47017960415804,17.555627822875977,524800.0
2008-11-17,17.40803248019191,18.262510057132175,17.283744994268638,17.493480682373047,637300.0
2008-11-18,16.78659884036325,17.26044443181349,15.683546042548272,16.34382438659668,1337700.0
2008-11-19,16.29721685091818,16.747759498029506,14.650406409045399,14.66594123840332,1040800.0
2008-11-20,14.394059218542226,14.57272230049091,12.716176619320342,12.786087036132812,1384000.0
2008-11-21,13.135651183639533,14.23093600514856,12.55305281127838,14.207633018493652,1181000.0
2008-11-24,14.378521535485731,15.357286538277352,14.230929599401446,14.930047035217285,1311700.0
2008-11-25,15.05433082080285,15.18638641930214,13.865831915932485,14.277533531188965,1631700.0
2008-11-26,14.083336267118531,15.3728213194341,13.982353256623906,15.333980560302734,1079500.0
2008-11-28,15.567030558418258,15.91658872289957,15.295150998294302,15.792301177978516,471700.0
2008-12-01,15.52041551853446,15.52041551853446,13.516277792251845,13.555118560791016,862900.0
2008-12-02,13.803696524127279,14.394062998381855,13.7182482965726,14.37852668762207,649800.0
2008-12-03,13.990120502851557,14.992188317600254,13.679401858031161,14.89897346496582,750900.0
2008-12-04,14.533877073851308,14.836829034650817,13.539577457427525,13.889135360717773,663000.0
2008-12-05,13.780391561157975,14.33968539372855,13.011361985764403,14.300846099853516,724700.0
2008-12-08,14.844605055268795,15.862209664030237,14.720317537326515,15.691314697265625,834400.0
2008-12-09,15.458268713265443,16.367121774601767,15.419429434031462,15.535948753356934,643500.0
2008-12-10,15.683540997040723,16.561321467358667,15.636932083073583,16.28944206237793,585300.0
2008-12-11,16.3363219928972,16.797270464387847,15.000353754955675,15.180045127868652,561100.0
2008-12-12,14.914410427321283,16.109751339438617,14.570651993548497,15.844120025634766,660800.0
2008-12-15,15.961310706233112,16.234754893824395,14.586278397050645,14.797221183776855,896000.0
2008-12-16,15.000348917239966,15.805054149523455,15.000348917239966,15.383170127868652,1355400.0
2008-12-17,15.101914998289981,15.328483502842802,14.820657955438454,15.10972785949707,1429600.0
2008-12-18,15.242542248327698,15.242542248327698,13.945637199144787,14.336271286010742,1875600.0
2008-12-19,14.265958862363764,15.33629556328215,14.008140391544279,15.06285285949707,2404000.0
2008-12-22,15.195669984124098,15.41442416814758,14.828472906397053,15.336297035217285,1495000.0
2008-12-23,15.586300393302777,15.726927410423441,14.976910691843536,15.195666313171387,908700.0
2008-12-24,15.219109613050945,15.219109613050945,14.81284964634083,15.03941822052002,240200.0
2008-12-26,15.164416975704365,15.422235444759966,14.953474185526792,15.390985488891602,238500.0
2008-12-29,15.344111471218145,15.37536292365586,14.820661564096586,15.133170127868652,458700.0
2008-12-30,15.234736620253901,16.367576606025686,15.195673789083077,16.148820877075195,666100.0
2008-12-31,16.40663314294629,17.5785355102996,16.18006463665221,17.42228126525879,1122000.0
2009-01-02,17.375409037870114,18.109801751141543,17.00040056349155,18.047300338745117,687100.0
2009-01-05,17.906670117483294,18.18792719209934,17.601975946749956,17.96917152404785,898900.0
2009-01-06,18.187917045327765,19.18793899246315,18.04728858647429,18.851993560791016,886900.0
2009-01-07,18.703567102196967,18.8129442083015,18.141052864742097,18.273868560791016,563800.0
2009-01-08,18.187926416838085,18.859816136229984,18.13323638454307,18.742626190185547,621200.0
2009-01-09,18.664495732522926,18.742622845996237,17.625409146734917,18.07854461669922,494300.0
2009-01-12,17.961358364689044,18.141049719319284,17.20352863636735,17.430095672607422,465600.0
2009-01-13,17.02382814074907,17.797283177682402,17.02382814074907,17.50040054321289,495400.0
2009-01-14,17.109779482564782,17.398849476990296,16.76602093274423,17.18009376525879,790700.0
2009-01-15,17.14103412472312,17.930115618243025,16.617584084077304,17.766048431396484,674500.0
2009-01-16,18.16449232707246,18.28168230212007,17.226969546388812,17.680105209350586,632200.0
2009-01-20,17.312906254327988,17.656664740359,16.4691365087254,16.51601219177246,868300.0
2009-01-21,16.781643473046824,17.48478467630221,16.57851352719063,17.461347579956055,739800.0
2009-01-22,17.17228365090501,17.57073081991229,16.73477364754768,17.234785079956055,710900.0
2009-01-23,16.734767137525786,17.773853922627183,16.44569720927155,17.508222579956055,545900.0
2009-01-26,17.476978451585456,18.461375531975744,17.375412703668797,17.578542709350586,1103100.0
2009-01-27,16.805077312946942,17.82853812516588,15.875367839934725,16.609760284423828,1592400.0
2009-01-28,17.234778879300986,18.133237157473165,16.86758330200309,17.96917152404785,1239100.0
2009-01-29,17.617605541532974,18.05511701076369,17.211347020320925,17.578542709350586,1301900.0
2009-01-30,17.79729147904289,18.04729708353482,17.1410260221761,17.38321876525879,968800.0
2009-02-02,17.086338947990654,17.898857232280687,16.92227182462613,17.172277450561523,978600.0
2009-02-03,17.305098755934836,17.93792588874711,17.18009590229665,17.789485931396484,931100.0
2009-02-04,17.90666814862781,18.54730786801334,17.789478210473295,18.117610931396484,889700.0
2009-02-05,18.01604262116263,18.945752111071858,17.906665560050026,18.67230796813965,749500.0
2009-02-06,18.773880960194667,19.352019421142128,18.6645023663956,19.109825134277344,940600.0
2009-02-09,19.0004426076843,19.500453784680985,18.719185575548234,19.039506912231445,625600.0
2009-02-10,18.789508808784735,19.234833152435616,17.961364528765795,18.070741653442383,816300.0
2009-02-11,18.19574237961827,18.625439418396326,17.742605261425116,18.180116653442383,594600.0
2009-02-12,17.812919915958044,18.445748428109745,17.492599973331217,18.39105987548828,951300.0
2009-02-13,18.492621693177373,18.781691635046705,17.92229616181883,17.93010902404785,1062400.0
2009-02-17,17.805105574705873,17.805105574705873,16.742580191809736,16.820707321166992,1489500.0
2009-02-18,16.992590495518275,17.02384195193216,16.30507484607889,16.406639099121094,1149600.0
2009-02-19,16.836333795241327,16.836333795241327,16.086316829973335,16.164443969726562,720300.0
2009-02-20,15.805060940958334,16.008190923910686,15.242548173656614,15.781623840332031,1982600.0
2009-02-23,15.898810666832373,16.133190567609326,14.531591101947667,14.664406776428223,1155700.0
2009-02-24,14.84409651184045,15.648803332884022,14.625340868895844,15.56286334991455,1570200.0
2009-02-25,15.453488911354547,15.492551733835288,14.742534813116736,14.937851905822754,731700.0
2009-02-26,15.148792439132539,15.523802369980048,14.586279778087896,14.640968322753906,745300.0
2009-02-27,14.281583602274203,15.44567307160006,14.203456482220943,15.11754035949707,1930700.0
2009-03-02,14.72690685763254,15.047226721944973,14.234707024073774,14.305021286010742,1581900.0
2009-03-03,14.609721411605634,14.844101363388047,13.422192944898256,13.633135795593262,3037200.0
2009-03-04,14.328462088788998,14.328462088788998,13.367502347047981,13.437816619873047,2985600.0
2009-03-05,13.164370420289302,13.414376023949597,12.234660777795504,12.351851463317871,1812200.0
2009-03-06,12.531542026355735,12.77373473919057,12.140907200510924,12.633106231689453,1164900.0
2009-03-09,12.437793400695224,12.93780471645342,12.437793400695224,12.570609092712402,1150700.0
2009-03-10,12.867489832213595,13.445628261338035,12.781551322714131,13.390939712524414,1148000.0
2009-03-11,13.568015488503802,13.993000458512652,13.190252071450413,13.859209060668945,1052000.0
2009-03-12,13.788379953159165,14.299934831899614,13.52866738388487,14.166143417358398,1573500.0
2009-03-13,14.260578244642069,14.433719374694688,14.000865799014214,14.33140754699707,960100.0
2009-03-16,14.480943019022648,14.937407476650488,14.307801845818377,14.362892150878906,893100.0
2009-03-17,14.394373546335853,15.315171241760256,14.276321174113809,15.315171241760254,1133600.0
2009-03-18,15.267954707679076,16.141534057039276,14.968892331925273,16.04709243774414,1456900.0
2009-03-19,16.267451646127608,16.41698355174504,15.685066041368165,16.07069969177246,1241200.0
2009-03-20,16.141532345790363,16.33828432245612,15.590626210686867,15.803118705749512,955600.0
2009-03-23,16.007739061500672,17.298431396484375,16.007739061500672,17.298431396484375,869800.0
2009-03-24,17.02297942075101,17.684066145935358,16.967889110502043,17.282691955566406,967700.0
2009-03-25,17.41648484805761,17.872949387876016,16.57438660228042,17.26695442199707,967700.0
2009-03-26,17.503054365071648,17.857208497225983,17.400744005281695,17.825727462768555,1160600.0
2009-03-27,17.57389016548473,17.652591272804926,17.015115155599002,17.172515869140625,865100.0
2009-03-30,16.47207706574704,16.849840531392328,16.251714293571336,16.794750213623047,635900.0
2009-03-31,17.046593994904985,17.432227753662637,16.82623120371545,17.13316535949707,908600.0
2009-04-01,16.75539651107258,17.809985564976763,16.51929327423874,17.668325424194336,855600.0
2009-04-02,18.415981719894244,19.179380225875324,18.124789682413425,18.84883689880371,1289700.0
2009-04-03,18.809483286881072,19.588620711403273,18.667821664041032,19.5728816986084,1088100.0
2009-04-06,19.29743413444326,19.541406163972386,19.069201122133293,19.4705753326416,1069700.0
2009-04-07,19.03772980928268,19.265961419070916,18.65209595053083,18.699316024780273,601900.0
2009-04-08,18.833099420913758,19.50205644088386,18.549776094550317,19.391874313354492,659700.0
2009-04-09,19.990000448383256,20.493686527362716,19.942780394481524,20.312673568725586,937600.0
2009-04-13,20.352026985291136,20.517297941718073,19.80112079500414,20.414987564086914,407500.0
2009-04-14,20.934405473001167,21.815853271240197,20.6353417013465,20.690433502197266,1214400.0
2009-04-15,19.903435743281424,20.021486659092226,18.620611688467225,19.96639633178711,1252200.0
2009-04-16,20.005741300284672,21.099681824021854,19.93491046770184,20.89505958557129,765500.0
2009-04-17,20.863578258223484,20.997369652604483,20.414984024445534,20.871448516845703,702500.0
2009-04-20,20.603873760669455,20.69044513816604,19.39188048011293,19.462711334228516,698000.0
2009-04-21,19.226607410307547,20.029356002807617,19.210866888627447,20.029356002807617,1113700.0
2009-04-22,19.659467546314094,20.682579266771533,19.454845202222607,20.06871223449707,592500.0
2009-04-23,20.092302686492015,20.414975652181703,19.785368730493786,20.265443801879883,508000.0
2009-04-24,20.45433583886986,21.493186062144744,20.45433583886986,21.4066162109375,903600.0
2009-04-27,21.10755629363767,21.603372220617732,21.044595707794038,21.249217987060547,1100300.0
2009-04-28,20.9422807921753,20.9422807921753,19.95852091281492,20.312673568725586,1181100.0
2009-04-29,20.312669368839984,20.895054916874386,20.123787691188134,20.72978401184082,656600.0
2009-04-30,20.895059082078813,21.88668921324539,20.784878456759785,21.10755157470703,1035000.0
2009-05-01,21.26495368371587,21.398745085913284,20.93441030776335,21.18625259399414,741400.0
2009-05-04,21.398753339698327,22.374643325805664,21.398753339698327,22.374643325805664,672300.0
2009-05-05,22.32740995998431,22.51629163504747,21.8237239920511,22.012605667114258,620600.0
2009-05-06,22.374633099696815,22.38250335821747,21.477444643718556,21.76863670349121,830900.0
2009-05-07,22.280193124595453,22.280193124595453,20.65895727847772,20.902929306030273,630400.0
2009-05-08,21.14690244286634,21.92604006565821,21.08394187237099,21.87881851196289,377600.0
2009-05-11,21.327916372041393,21.54040888505014,20.95015290520268,21.08394432067871,392700.0
2009-05-12,21.29644082640548,21.398752729920854,20.58026350619373,21.060338973999023,574000.0
2009-05-13,20.65108971497603,20.80849191522576,19.738160556164335,19.950653076171875,628900.0
2009-05-14,20.123785176771534,20.800612229613083,19.730281355556297,20.611730575561523,596500.0
2009-05-15,20.328413833610142,21.028850378630388,20.14740237832826,20.981630325317383,1147200.0
2009-05-18,21.146896495230205,21.508919298483733,20.847832743666174,21.501049041748047,796700.0
2009-05-19,21.320041362097488,21.713545260990244,21.1390299288704,21.296430587768555,657600.0
2009-05-20,21.603371769087918,23.185256642983806,21.564020465571392,22.47694969177246,1867900.0
2009-05-21,22.07556989412959,22.107050929087563,21.44596420595378,21.682065963745117,948300.0
2009-05-22,21.72929078455061,21.76077032314515,21.335786794978006,21.48531723022461,617900.0
2009-05-26,21.21772956732466,22.295930913800362,21.083939682379917,22.067699432373047,842400.0
2009-05-27,21.957519747120976,22.162141977873166,21.501055232704065,21.57188606262207,655400.0
2009-05-28,21.674192174113497,22.13065656734046,21.40660944348755,21.93390464782715,597500.0
2009-05-29,22.06770187129653,22.28019285994489,21.815858086541972,22.209362030029297,564800.0
2009-06-01,22.610738253615786,23.460706787480294,22.547777677073917,23.38200569152832,736800.0
2009-06-02,23.114415134852614,23.610229289447922,23.114415134852614,23.200984954833984,1004100.0
2009-06-03,22.972766912070846,23.075077304822347,22.24084913721399,22.563522338867188,708700.0
2009-06-04,22.673708437554648,22.909811825453268,22.358905421455674,22.870460510253906,596300.0
2009-06-05,23.03572517707929,23.20886640162054,22.602869864078144,22.823232650756836,677900.0
2009-06-08,22.713047319120992,22.713047319120992,21.910298941686737,21.965389251708984,1001400.0
2009-06-09,22.13852875336216,22.26445138237167,21.77650588589185,22.067699432373047,614000.0
2009-06-10,22.240842918134963,22.413984111722577,21.422354000596997,21.87881851196289,500600.0
2009-06-11,21.98554759258468,22.79982769152435,21.94602006194471,22.66543197631836,604900.0
2009-06-12,22.40455003217617,22.475700805313156,21.874872892089112,22.214815139770508,320200.0
2009-06-15,21.93810917629534,21.93810917629534,20.98152928374116,21.28194236755371,345800.0
2009-06-16,21.384715970234733,21.527017467806157,20.657398377663952,20.66530418395996,450600.0
2009-06-17,20.61787831536538,21.028971344256085,20.119824401505465,20.657405853271484,448400.0
2009-06-18,20.61787529807247,20.957817502680708,20.428140429707597,20.8392333984375,342300.0
2009-06-19,21.076398842985594,21.31356702037001,20.562533453400366,20.775985717773438,346800.0
2009-06-22,20.459761260731728,20.47557287604161,19.479463729698573,19.487369537353516,576300.0
2009-06-23,19.511086960318334,19.748255158452025,19.258107146874764,19.487369537353516,375900.0
2009-06-24,19.708721461715502,19.945889585645524,19.329251860276198,19.44783592224121,585300.0
2009-06-25,19.4083124830881,19.985424364430408,19.226483435209712,19.88265037536621,595600.0
2009-06-26,19.677101920406752,20.111912239421095,19.463651172107888,20.017044067382812,1580400.0
2009-06-29,20.009141859210256,20.530913129561185,19.843124413134376,20.42814064025879,471100.0
2009-06-30,20.341169577578356,20.60205510140722,20.135623178822573,20.214679718017578,720400.0
2009-07-01,20.349078824002955,20.88666157199872,20.285833883525708,20.333267211914062,737200.0
2009-07-02,19.99333444186376,19.99333444186376,19.495279020844546,19.621768951416016,337300.0
2009-07-06,19.376693519062492,19.700824131546344,19.044657097996254,19.669200897216797,422100.0
2009-07-07,19.590148099498716,19.63758144861624,18.807491053604174,18.81539535522461,526200.0
2009-07-08,18.910255299351014,19.020933568228994,18.428011685734138,18.625652313232422,610300.0
2009-07-09,18.736335449153977,18.957692026596096,18.491259941445072,18.720523834228516,434600.0
2009-07-10,18.49125684330387,18.98140626872038,18.49125684330387,18.775859832763672,410300.0
2009-07-13,18.981411243098762,19.384598414535596,18.55450664703197,19.297636032104492,626600.0
2009-07-14,19.22647932876083,19.42411994934082,19.084177840682713,19.42411994934082,384000.0
2009-07-15,19.748251348060876,20.507192149833898,19.748251348060876,20.483474731445312,656400.0
2009-07-16,20.40442323881979,21.139646804557486,20.34908409006598,21.01315689086914,507500.0
2009-07-17,21.00524313454148,21.013148939640338,20.657395249582386,20.720640182495117,340700.0
2009-07-20,20.768076841222985,21.16335808369219,20.625775352673546,20.855037689208984,578000.0
2009-07-21,21.084305330482206,21.155456087569746,20.301648510397808,20.83132553100586,771800.0
2009-07-22,20.594147866715407,21.700936322837862,20.491375428412702,21.495389938354492,807700.0
2009-07-23,21.914393418478948,24.21493032625514,21.914393418478948,23.835460662841797,1973100.0
2009-07-24,23.65363986944226,24.10426044005337,23.463904971704896,24.033109664916992,556600.0
2009-07-27,23.890803221652806,24.49953683631193,23.511333503895933,23.653635025024414,772000.0
2009-07-28,23.448087022484064,23.80384080211563,23.203013034225943,23.693161010742188,562400.0
2009-07-29,23.424375534057617,23.756411976517906,23.337414649805833,23.424375534057617,462200.0
2009-07-30,23.622012460033357,24.159595329271852,23.58248492877468,23.708974838256836,544400.0
2009-07-31,23.653630684104826,23.954043778560816,23.42436682927713,23.487611770629883,668100.0
2009-08-03,23.73268402883171,24.230737686157227,23.685249198322126,24.230737686157227,647900.0
2009-08-04,24.009391899933455,24.6339357018361,23.946146938881558,24.460012435913086,483700.0
2009-08-05,24.38885864271925,24.74461093907845,23.993577308178835,24.380952835083008,422300.0
2009-08-06,25.25848122236659,25.39287544632926,24.879009945010196,25.218952178955078,1517600.0
2009-08-07,25.58260562206702,25.677472287443265,25.266379383136986,25.3375301361084,648200.0
2009-08-10,25.07664880767236,25.18732861326542,24.720896490213935,25.06083869934082,396900.0
2009-08-11,25.005497283195723,25.147798809008926,24.6971783158529,25.02130889892578,592100.0
2009-08-12,24.958055053272595,25.875107328640393,24.958055053272595,25.645843505859375,901000.0
2009-08-13,25.756528792022944,25.811867928113916,25.313812687538444,25.495641708374023,545400.0
2009-08-14,25.400779614432405,25.400779614432405,24.444197992746822,24.973875045776367,695100.0
2009-08-17,24.293993923702423,24.53116366297831,23.954051686255504,24.080541610717773,430000.0
2009-08-18,24.20702616896021,24.752513247846558,24.112157998613913,24.42047691345215,341000.0
2009-08-19,24.001482255882284,24.934346413235282,23.81965170252062,24.475818634033203,612500.0
2009-08-20,24.396765659612843,24.705084633315437,24.349330811444215,24.626028060913086,313500.0
2009-08-21,24.720880792791252,25.50353569580032,24.720880792791252,25.416576385498047,704700.0
2009-08-24,25.56679386975073,25.859301178931084,25.369153225431617,25.630037307739258,820400.0
2009-08-25,25.78815030412314,25.938359123178166,25.4403038574426,25.582605361938477,642000.0
2009-08-26,25.464021609363943,25.97788852558745,25.32172009458688,25.55889129638672,738900.0
2009-08-27,25.606325115933902,25.84349332042481,24.950158141771812,25.46402359008789,508300.0
2009-08-28,25.582605483187088,25.906736019240157,25.464019890292857,25.630037307739258,535300.0
2009-08-31,25.274287134933875,25.58260759083026,25.179420462256967,25.479833602905273,551300.0
2009-09-01,25.38496863837352,25.89092828103906,24.380953653065244,24.444198608398438,701900.0
2009-09-02,24.3730450227478,25.060835151743525,24.191215985705636,24.815759658813477,534100.0
2009-09-03,24.902726717568047,25.187329791147178,24.47582210719935,25.163612365722656,388900.0
2009-09-04,25.163607929256763,25.55889074391461,24.831571571246986,25.550983428955078,334200.0
2009-09-08,25.87510750253982,26.82378300447863,25.87510750253982,26.36525535583496,1188400.0
2009-09-09,26.404793437916393,27.13210962068483,26.286207835363772,27.060958862304688,905400.0
2009-09-10,26.958178558217124,27.053048224334265,26.452219068618138,27.029329299926758,725000.0
2009-09-11,27.16819339560547,27.18406000306632,26.311251305203808,26.803197860717773,673400.0
2009-09-14,26.533415489148048,27.12057974763411,26.46200366077573,27.08884048461914,462700.0
2009-09-15,26.993618802313126,27.763279085591083,26.961879547434833,27.549043655395508,846600.0
2009-09-16,27.723608692126497,27.953713792825976,27.390355534001053,27.87436866760254,550900.0
2009-09-17,27.73155191563387,27.96165707354436,27.40623197841752,27.469707489013672,559400.0
2009-09-18,27.580781737573034,27.739474995810735,27.271331548761694,27.390352249145508,601600.0
2009-09-21,27.09678889172615,27.834710438215463,27.001571060239478,27.588735580444336,415500.0
2009-09-22,27.850573947525948,27.850573947525948,27.311018403168834,27.771228790283203,532400.0
2009-09-23,27.929918399697645,28.088611719802838,27.207866668701172,27.207866668701172,540700.0
2009-09-24,27.350688069409042,27.501445046162857,26.358858685131928,26.755590438842773,443700.0
2009-09-25,26.700057632375174,26.842881356122774,26.20017459925857,26.23984718322754,294900.0
2009-09-28,26.303308981030963,27.3110046844948,26.29537265319897,27.001554489135742,447300.0
2009-09-29,27.033309521606427,27.23167545764805,26.81114064182348,26.985700607299805,324200.0
2009-09-30,26.946016530989144,27.699807371764614,26.50167896096606,27.453832626342773,1283600.0
2009-10-01,27.303086980552752,27.326889924001893,25.811374312319693,25.835180282592773,870100.0
2009-10-02,25.43049916321336,25.684407187087686,25.07344157216928,25.200395584106445,999200.0
2009-10-05,25.35909780311837,26.223973312089193,25.29562077096509,26.19223403930664,814700.0
2009-10-06,26.51754592981633,27.09677688753656,26.303313470938978,26.620697021484375,546300.0
2009-10-07,26.581022664744378,26.811127766488525,26.22396354597286,26.469938278198242,284600.0
2009-10-08,26.779393865101373,26.882544970462607,26.414401371451614,26.58102798461914,569800.0
2009-10-09,26.446136271579668,26.60482652830161,26.271573356998374,26.501678466796875,343500.0
2009-10-12,26.71592363825238,27.088852578111112,26.612775527638576,26.827011108398438,295600.0
2009-10-13,26.676234762124952,27.12057529084686,26.406457124476336,26.850797653198242,383200.0
2009-10-14,27.326888039982126,27.842640642531165,27.136458451870045,27.771228790283203,649300.0
2009-10-15,27.53318635901456,27.97752401902471,27.36655973651075,27.921981811523438,432900.0
2009-10-16,27.691875478433563,27.691875478433563,27.112644499201267,27.311010360717773,568800.0
2009-10-19,27.43795861736553,27.961644202728863,27.28719867380123,27.620454788208008,469100.0
2009-10-20,27.747425150501904,27.755358455297127,27.00156737315738,27.271345138549805,483200.0
2009-10-21,27.09677792651889,27.771220645758163,26.858736470954117,26.90634536743164,487500.0
2009-10-22,26.93808391223303,27.414160757000865,26.493743304113025,27.382421493530273,556600.0
2009-10-23,27.445895367900683,27.53317681423766,26.930143017812487,27.42209243774414,798200.0
2009-10-26,27.35068921389456,28.017198709091694,26.454074565478884,26.914281845092773,1195800.0
2009-10-27,26.501677909941534,26.938082160402377,25.462239800046838,26.20016098022461,1944900.0
2009-10-28,26.51755010420619,26.914281874958455,25.248009648528225,25.279748916625977,1178600.0
2009-10-29,25.462238935605722,26.493740681718094,25.406696743441223,26.32711410522461,753400.0
2009-10-30,26.112879546548346,26.319178692217747,24.763991203871278,25.057573318481445,1234100.0
2009-11-02,25.192468364788542,25.636809053949865,24.59737068688015,25.152795791625977,825900.0
2009-11-03,24.97823669114165,25.581270792812077,24.676721153718326,25.501922607421875,551900.0
2009-11-04,25.74789278020313,25.890716461223285,25.041709192204763,25.113121032714844,688200.0
2009-11-05,25.343230781852235,26.17636856767024,25.279753746939498,26.168432235717773,604400.0
2009-11-06,25.86691112792147,26.771462138737153,25.819305250968167,26.446142196655273,600800.0
2009-11-09,26.795254800870733,27.422091506157475,26.71590665834081,27.390352249145508,593000.0
2009-11-10,27.223732871358408,27.747418642909313,27.16819067034717,27.660137176513672,764000.0
2009-11-11,27.882302170687534,28.15207983594635,27.60459120357811,27.81882667541504,699100.0
2009-11-12,27.826763889459546,27.977520860396524,27.136451512148284,27.191993713378906,404500.0
2009-11-13,27.311011431660177,27.47764106225342,26.9777582241196,27.35068702697754,773100.0
2009-11-16,27.53318155000136,28.02512802772657,27.469703022902483,27.858501434326172,469300.0
2009-11-17,27.802962260253825,28.001328138777055,27.42210013670799,27.517314910888672,583200.0
2009-11-18,27.509384328858207,27.58873251294129,27.199933977993496,27.358627319335938,296600.0
2009-11-19,27.152323195641173,27.3030801779644,26.581028480608847,27.04123878479004,537900.0
2009-11-20,26.795257063270483,27.287203481203864,26.795257063270483,27.057098388671875,471300.0
2009-11-23,27.636340368308158,27.771227735864162,27.096784844436907,27.295150756835938,491400.0
2009-11-24,27.128511779777394,27.32687762409908,26.795258614191802,27.08090591430664,266300.0
2009-11-25,27.239607885462185,27.541121885711803,27.07297822268645,27.461776733398438,304800.0
2009-11-27,26.26363349120223,27.184050779623004,26.23189726022527,26.850797653198242,169800.0
2009-11-30,26.731785248302106,26.961890398545183,26.49374679455758,26.779394149780273,471300.0
2009-12-01,27.080910783854872,27.46177291021844,27.033301883000757,27.144386291503906,433500.0
2009-12-02,27.191997204366423,27.89817930509428,27.120585361212857,27.810897827148438,512500.0
2009-12-03,28.001328043411444,28.001328043411444,26.771460206120647,26.78732681274414,727400.0
2009-12-04,27.255464864930033,27.580784717394838,26.485807473580106,27.049165725708008,1127500.0
2009-12-07,27.057096688641543,27.96164737208957,26.97775157121978,27.937841415405273,972500.0
2009-12-08,27.691874840925777,28.160018384400296,27.636332643125648,27.858501434326172,911200.0
2009-12-09,27.763282912843085,28.048927165658828,27.350681623012758,28.01719093322754,944600.0
2009-12-10,28.36632107352386,28.8582676124633,28.29490923506304,28.540884017944336,932200.0
2009-12-11,28.712068651007765,28.863351330040224,28.146742771722565,28.743915557861328,386900.0
2009-12-14,28.98279172435086,29.237585244080588,28.50505159682386,29.173885345458984,362900.0
2009-12-15,28.91112922007646,29.38090531498679,28.82354338312024,29.014636993408203,401100.0
2009-12-16,29.10221824578011,29.444597534102748,28.90316066128452,28.92704963684082,512300.0
2009-12-17,28.576709417682828,28.79169199654515,28.210444151789105,28.26618003845215,644200.0
2009-12-18,28.353767180097865,28.600596678893517,27.979537891758444,28.377653121948242,773000.0
2009-12-21,28.69614259347231,29.110182740686295,28.353763299379544,28.473196029663086,581300.0
2009-12-22,28.62449178464715,28.823549442346536,28.441359104049177,28.592641830444336,580500.0
2009-12-23,28.727999691658994,29.301283622036415,28.409506256821594,29.261472702026367,295100.0
2009-12-24,29.396826238316446,29.659583740130213,29.31720440967001,29.651622772216797,109600.0
2009-12-28,29.699384895672093,29.954178308473008,29.444591482871182,29.675498962402344,306000.0
2009-12-29,29.794937265791134,29.794937265791134,29.48440792541518,29.603843688964844,210500.0
2009-12-30,29.380905373435002,29.81883152170912,29.372941367853226,29.484413146972656,180800.0
2009-12-31,29.50830334649806,29.603850155782947,28.95890235900879,28.95890235900879,297500.0
2010-01-04,29.388870230375375,30.44785834689167,29.38090926111838,30.32842254638672,712900.0
2010-01-05,30.814126906863294,30.814126906863294,29.938271365331914,30.272689819335938,398900.0
2010-01-06,30.224911721774326,30.638951982845306,30.169175824839634,30.32842254638672,717200.0
2010-01-07,30.280641494879326,30.39211326620513,30.09750886521866,30.113433837890625,603700.0
2010-01-08,29.986039562883633,30.71060917353892,29.986039562883633,30.56728744506836,759000.0
2010-01-11,30.766345892512483,30.885781681914473,30.145287077330046,30.431930541992188,763000.0
2010-01-12,30.16916487664814,30.288600633810645,29.77901373968858,30.009918212890625,323400.0
2010-01-13,30.177146047795397,30.34435377304331,29.850691568196478,30.312503814697266,330500.0
2010-01-14,30.264711230326224,30.487657771372877,30.025842756769567,30.193050384521484,221100.0
2010-01-15,30.893747759020304,30.96540863703568,29.970120352032584,30.169178009033203,450400.0
2010-01-19,30.232868843450262,30.551359176635742,30.169168954386432,30.551359176635742,474100.0
2010-01-20,30.185094101831098,30.32045484818835,29.930300618852865,30.224905014038086,360900.0
2010-01-21,30.169187543042593,30.487681109844836,29.556089401245117,29.556089401245117,624700.0
2010-01-22,29.460527713527124,29.691435281333654,28.640411292381863,28.735958099365234,607800.0
2010-01-25,29.16591541734181,29.540141575960984,28.982782821128723,29.06240463256836,831500.0
2010-01-26,29.548115977500284,30.877819528204206,29.524230033138423,29.75513458251953,1156200.0
2010-01-27,29.667550472440166,29.954193971067003,29.102227482025388,29.34906005859375,669000.0
2010-01-28,29.420716230681936,29.492377093884468,28.672257651149245,29.014636993408203,545300.0
2010-01-29,29.11019240500305,29.35702195196083,28.44135856628418,28.44135856628418,852200.0
2010-02-01,28.624492768667523,28.942983209507954,28.50505695499054,28.863361358642578,1012700.0
2010-02-02,28.966868709151417,29.556077624366413,28.65633927581128,29.380908966064453,951800.0
2010-02-03,29.285343418752685,29.699383453797214,29.102210852028996,29.165910720825195,704100.0
2010-02-04,28.839471211932416,29.04648981646856,28.178598403930664,28.178598403930664,486000.0
2010-02-05,28.250259767273526,28.409506485976735,27.461993217629363,27.995466232299805,759400.0
2010-02-08,28.02731217609749,28.106934005375294,27.51772517901213,27.756593704223633,682600.0
2010-02-09,28.329887342114574,28.38562324335957,27.81233621640666,28.122865676879883,440500.0
2010-02-10,27.95565641496123,28.29007180379168,27.54161614494831,28.170639038085938,417500.0
2010-02-11,28.10693418161798,28.632446155329706,27.836215708046602,28.5607852935791,407100.0
2010-02-12,28.19452688312313,29.18185421464824,28.122866003920674,29.142040252685547,788700.0
2010-02-16,29.396829363113557,30.02585220336914,29.277396607448548,30.02585220336914,633600.0
2010-02-17,30.16120949036621,30.288606237466233,29.87456605004665,30.073623657226562,946500.0
2010-02-18,30.073622194506584,30.34434064859919,30.065658189675037,30.153244018554688,708300.0
2010-02-19,30.129358188899303,30.487662473180695,30.017886419873516,30.360265731811523,462500.0
2010-02-22,30.52746985796293,30.52746985796293,30.11342973701014,30.368223190307617,285400.0
2010-02-23,30.193058216014833,30.416004814889508,29.25350904797483,29.436641693115234,710900.0
2010-02-24,29.49238319869977,29.74717675674384,29.189814709505384,29.364986419677734,734400.0
2010-02-25,29.006676164767775,29.52422718342905,28.751882658239257,29.388866424560547,648700.0
2010-02-26,29.500328533523763,29.882518668031203,29.197760204688926,29.850671768188477,632600.0
2010-03-01,29.906409612920925,31.41924528216072,29.906409612920925,31.4033203125,1212000.0
2010-03-02,31.737751097296897,32.53398166958281,31.72978709064203,32.11198043823242,1359800.0
2010-03-03,32.08012347525031,32.35084193215707,31.920876788120815,32.12789535522461,597800.0
2010-03-04,32.10402511182193,32.43844362203852,31.91293142373766,32.08013916015625,338200.0
2010-03-05,32.26327076751104,32.99580160894665,32.11994898768593,32.780818939208984,565400.0
2010-03-08,32.70915139357729,33.25854936184425,32.70915139357729,32.84450912475586,466500.0
2010-03-09,32.645450592041016,32.87635816666283,32.326957176191726,32.645450592041016,360000.0
2010-03-10,32.57379233720036,33.03560752347361,32.40658464729255,32.90821075439453,358300.0
2010-03-11,32.684504579291485,33.075984954833984,32.32498240740593,33.075984954833984,359300.0
2010-03-12,33.283687868225805,33.627230738920304,33.283687868225805,33.507389068603516,863300.0
2010-03-15,33.435503957562716,33.89089769106285,33.3556114964126,33.71513366699219,760200.0
2010-03-16,33.88290162706802,34.13057307420943,33.795018112027485,34.034698486328125,924800.0
2010-03-17,34.178518430615114,34.35428551783155,34.0906348870069,34.218467712402344,485600.0
2010-03-18,34.11459355862628,34.35427392999296,33.92284743291218,34.234432220458984,331500.0
2010-03-19,33.747074127197266,34.44214792639801,33.691145776555416,33.747074127197266,646200.0
2010-03-22,33.531383417147815,34.51407546037077,33.395562556309166,34.39423370361328,431000.0
2010-03-23,34.49011367649652,34.657892786340796,34.08265709019636,34.51408386230469,420400.0
2010-03-24,34.38622988734842,34.45014322662546,33.874910982327805,33.962791442871094,428700.0
2010-03-25,34.29836216746681,34.466138188964095,33.39556259587752,33.419532775878906,455100.0
2010-03-26,33.45148899515188,33.747097858806264,32.764402735613146,33.13191604614258,869000.0
2010-03-29,33.3236520270346,34.03470526644737,33.3236520270346,33.67518615722656,745500.0
2010-03-30,33.7870395199157,34.0746572684572,33.507409798743836,33.978782653808594,427900.0
2010-03-31,33.874933951822754,34.99344405305554,33.85895484424331,34.05868911743164,993700.0
2010-04-01,34.48211970016522,34.70582107777757,33.92286320843165,34.25042724609375,571400.0
2010-04-05,34.298369165523475,34.54604075805483,34.178527384172114,34.48212432861328,467300.0
2010-04-06,34.36227642774699,34.889574685921794,34.1785212973818,34.84962844848633,638000.0
2010-04-07,34.87359486329324,35.19316777597053,34.64989047194669,34.841636657714844,540300.0
2010-04-08,34.649896186497564,34.91354685444795,34.27439787598104,34.89756774902344,311600.0
2010-04-09,34.961476443931446,35.40089416503906,34.70581688676101,35.40089416503906,333100.0
2010-04-12,35.44881615908941,35.55267877065217,34.601945311935275,34.7617301940918,454300.0
2010-04-13,34.64988438120054,34.65787545504159,34.29835332473688,34.466129302978516,614200.0
2010-04-14,34.70582628469271,35.640584269976785,34.625933794331374,35.56867980957031,674800.0
2010-04-15,35.46479740068292,35.7524150822731,35.2970214356558,35.5606689453125,487600.0
2010-04-16,35.464795714563074,35.84029689742001,35.00940208959677,35.07331848144531,657600.0
2010-04-19,34.85761135854265,35.04136644585975,34.25840879427747,34.937503814697266,451100.0
2010-04-20,35.265077668349846,35.37692835746951,34.95349273503001,35.31301498413086,368300.0
2010-04-21,35.4328348107442,35.47278407644714,34.94548607479973,35.0093994140625,778700.0
2010-04-22,34.74576582737196,35.265072964401284,34.69782851798523,35.08930587768555,1313800.0
2010-04-23,35.241093148986586,35.768391171637454,34.66585783420338,35.68050765991211,1208000.0
2010-04-26,35.59263568348349,36.20781741723533,35.4967641158488,35.78438186645508,721200.0
2010-04-27,35.70448597389146,36.38358411064442,35.15322065622793,35.35295486450195,1851700.0
2010-04-28,35.72845055637723,36.50341709068605,35.2410986768738,36.143898010253906,1314600.0
2010-04-29,36.57532309224136,37.350292707643135,36.431514234791514,37.14257049560547,867100.0
2010-04-30,37.20648251339292,37.52605841795531,36.40754579968862,36.47945022583008,891400.0
2010-05-03,36.751102447509766,37.02274115272556,36.407559289510296,36.751102447509766,1112800.0
2010-05-04,36.21581342588395,36.311685006578806,35.1452377903998,35.496768951416016,1219500.0
2010-05-05,35.13723631469854,35.201152714713,34.33031157457708,34.4581413269043,1010400.0
2010-05-06,34.226450399822646,34.80168583353958,30.743085691562264,32.58863067626953,2202500.0
2010-05-07,32.30102156265519,32.30102156265519,30.607276059446537,31.342296600341797,2738400.0
2010-05-10,32.852282002723676,34.8576151775488,32.852282002723676,34.07465744018555,1386500.0
2010-05-11,33.619263327070875,34.370262851388674,33.2437620410609,33.76306915283203,1140300.0
2010-05-12,33.9308453405348,34.76972833314968,33.9308453405348,34.72978210449219,797600.0
2010-05-13,34.45815587214767,34.8895795635481,34.290376775138796,34.450164794921875,517400.0
2010-05-14,34.11460001592299,34.13856714328583,33.243758831884776,33.54735565185547,969200.0
2010-05-17,33.66719725270594,33.86693145856936,32.25307870946867,33.32365417480469,1014400.0
2010-05-18,33.86693555797455,34.06666978801469,33.30767910432164,33.5313835144043,1732600.0
2010-05-19,33.42752058334974,33.64323391572292,32.67652098181911,33.21180725097656,1703000.0
2010-05-20,31.965453384420062,32.88423173257385,31.669847683205063,31.8935489654541,2919400.0
2010-05-21,31.230445491088005,32.66054336274722,30.98277393946519,32.612606048583984,1308300.0
2010-05-24,32.37292475245499,33.02006476259068,32.316999411200335,32.38091278076172,866400.0
2010-05-25,31.302339284444773,32.39688167982905,30.527369731604733,32.30101013183594,1825600.0
2010-05-26,32.55667606981089,33.72312311902308,32.524717864919616,33.11593246459961,1408900.0
2010-05-27,33.93883507342128,34.56999588012695,33.507408467746366,34.56999588012695,616600.0
2010-05-28,34.56200277828168,34.92152492859116,34.19449260138837,34.402217864990234,1083900.0
2010-06-01,34.15457205323826,34.42621087685639,33.18785858154297,33.18785858154297,650900.0
2010-06-02,33.87491318725961,34.234432220458984,32.99608109531344,34.234432220458984,603400.0
2010-06-03,34.346294352144135,34.466133043450185,33.89089757253465,34.35428237915039,606900.0
2010-06-04,32.42085796420531,34.11460318730938,32.10927004101304,32.796356201171875,1510700.0
2010-06-07,32.828318844991976,33.0040859462991,31.74176412364348,31.853614807128906,1504500.0
2010-06-08,31.669846666485434,32.10127316643081,30.894877181142963,31.422178268432617,2074300.0
2010-06-09,31.75773253367537,32.71645714423229,31.565986392483374,31.861595153808594,1193600.0
2010-06-10,32.64456298938791,33.57931772147491,32.620595857089,33.419532775878906,1064800.0
2010-06-11,32.96260955832672,33.87645575856517,32.96260955832672,33.8043098449707,620500.0
2010-06-14,34.140990260363424,34.573865722480235,33.57184088865639,33.70009994506836,872800.0
2010-06-15,33.94859987212516,34.65402620565248,33.916537401734395,34.64601135253906,631800.0
2010-06-16,34.325363974395216,34.71815907204372,34.221152530866064,34.35742950439453,563200.0
2010-06-17,34.63799015996283,34.67005568525287,33.82033761268769,34.10090637207031,918200.0
2010-06-18,34.11695328180131,34.42156672455861,33.900515483249706,34.25322723388672,899200.0
2010-06-21,34.790295309071205,35.351426638301064,34.16502987974359,34.44559860229492,648400.0
2010-06-22,34.421537758647624,34.5097163865886,33.35538549029386,33.39546585083008,961600.0
2010-06-23,33.39547710220792,33.571834417506984,32.67401813774496,33.195072174072266,946500.0
2010-06-24,32.954603482564714,33.227154444525155,32.36140325079033,32.48164749145508,677100.0
2010-06-25,32.57782639512195,33.28325263663618,32.289242793687194,32.52171325683594,2780000.0
2010-06-28,32.786254855872365,33.50771092500803,32.545766441556594,32.99467468261719,1281300.0
2010-06-29,32.30527412290976,32.5056790530245,31.872398739957134,32.064788818359375,1317800.0
2010-06-30,32.072814179739716,32.94658008367439,31.74415010897186,31.83232879638672,735600.0
2010-07-01,31.768189733363528,32.08883578027856,30.838310998817906,31.72810935974121,820400.0
2010-07-02,32.0006642980563,32.03272982731781,31.134916413555995,31.423500061035156,580000.0
2010-07-06,32.03273553976973,32.337352006202416,31.054761186387523,31.343341827392578,753000.0
2010-07-07,31.463568893462416,32.76219177246094,31.463568893462416,32.76219177246094,1024200.0
2010-07-08,33.09887931225375,33.45159089181493,32.81029572082343,33.23515319824219,488100.0
2010-07-09,33.26720834512126,33.531744240734945,33.018705206023775,33.291255950927734,736400.0
2010-07-12,33.08283152765294,33.211090503608176,32.36137287669523,32.65797424316406,801600.0
2010-07-13,33.106899250307,34.012730538586055,32.914512198421136,33.868438720703125,491400.0
2010-07-14,33.652005329442886,33.6600232414344,33.171034579825175,33.499698638916016,1054200.0
2010-07-15,33.42752807372453,33.80428709522079,32.8182956449445,33.61991500854492,666400.0
2010-07-16,33.40350164304669,33.40350164304669,32.152976485825306,32.31330108642578,737400.0
2010-07-19,32.5217014050603,32.690040758570994,31.944534412525833,32.68202590942383,438500.0
2010-07-20,32.1209019884787,33.42754299044526,31.94454467124958,33.3874626159668,599600.0
2010-07-21,33.78025227460771,34.15701449659828,32.97863260769083,33.10689163208008,715300.0
2010-07-22,33.82835878645488,34.72617217563182,33.72414734817721,34.67807388305664,1048800.0
2010-07-23,34.621953833956574,35.54381771457585,34.56584069944269,35.44762420654297,566500.0
2010-07-26,35.672081499468554,36.83443083407233,35.41556340523093,36.27329635620117,1141500.0
2010-07-27,36.66609088818116,37.12301392818401,34.573862727148736,35.672080993652344,1567000.0
2010-07-28,35.71216115448535,35.71216115448535,34.437585561728916,34.71013641357422,1588900.0
2010-07-29,35.16705766597813,35.3113494659811,34.35742306190513,34.79029846191406,874100.0
2010-07-30,34.2612324905285,35.247224503276456,34.253214579874864,34.96665573120117,728500.0
2010-08-02,35.640010553839616,36.104951440157684,35.47167115345677,35.792320251464844,470200.0
2010-08-03,35.5438111400311,35.78429639459895,35.0708554809421,35.50373077392578,567500.0
2010-08-04,35.583901163647965,36.385520935058594,35.41556174555655,36.385520935058594,616600.0
2010-08-05,36.137030461615595,36.537840454892056,36.07289939488133,36.289337158203125,356800.0
2010-08-06,35.85644489718206,36.57790377154634,35.72017103087777,36.401546478271484,740800.0
2010-08-09,36.60996584238826,36.83442141087734,36.329400204197064,36.77029037475586,452300.0
2010-08-10,36.1610700772648,36.321394650669944,35.615968362449486,36.064876556396484,694700.0
2010-08-11,35.10290788498117,35.215134091330484,34.45359518804399,34.6940803527832,577500.0
2010-08-12,33.940579331982036,34.3173415818619,33.60389745682764,33.796287536621094,1178700.0
2010-08-13,33.45960558595813,33.988674433422844,33.38745969503402,33.45158767700195,1103400.0
2010-08-16,33.24317333396517,33.7642243574386,33.114914291178515,33.515724182128906,1067400.0
2010-08-17,33.90852125821585,34.82236745763562,33.90050640468464,34.35742950439453,864700.0
2010-08-18,34.35741912550089,34.54980613150487,34.08486831871497,34.41353225708008,684200.0
2010-08-19,34.116943377206745,34.21313690710186,33.29127281696736,33.56382369995117,476800.0
2010-08-20,33.323335927901496,33.443580124996906,32.641960298859395,33.050785064697266,1034000.0
2010-08-23,33.21913356954219,33.40350581297073,32.61791853569083,32.714115142822266,499400.0
2010-08-24,32.305262841725124,32.39344146945297,31.92048587722354,32.08882522583008,677800.0
2010-08-25,31.752148414292172,32.104859888214676,31.271174886649845,32.000648498535156,1039400.0
2010-08-26,32.160988600738264,32.45759015686666,31.77621142682978,31.81629180908203,891600.0
2010-08-27,32.20108025982702,32.58586062642296,31.062781103956883,32.577842712402344,1098700.0
2010-08-30,32.39345087340557,32.52170989880689,31.976608276367188,31.976608276367188,540000.0
2010-08-31,31.840341513299705,32.45758916655037,31.5357251131899,32.136940002441406,796500.0
2010-09-01,32.8182956449445,33.74015913625906,32.54574493900295,33.61991500854492,735100.0
2010-09-02,33.523755305529065,34.044809639837965,33.435576597451714,33.98067855834961,469500.0
2010-09-03,34.469647707597645,34.934588609602685,34.469647707597645,34.726165771484375,523100.0
2010-09-07,34.50173207508072,34.726184739094606,33.87646627713913,33.948612213134766,568700.0
2010-09-08,34.06083198820335,34.3494125927856,33.98868607257345,34.036781311035156,456400.0
2010-09-09,34.501701537655556,34.5097163865886,33.37943309502849,33.39546585083008,722400.0
2010-09-10,33.44357732778903,33.54778569475635,32.858395270605484,32.898475646972656,926900.0
2010-09-13,33.35697166775722,33.99241681206176,33.276533437310306,33.88785171508789,874600.0
2010-09-14,33.775230085909485,34.3061099575919,33.59826910588076,34.04066848754883,710500.0
2010-09-15,34.040664656702134,34.869158118320605,33.944141891368766,34.78872299194336,715200.0
2010-09-16,34.85307579162075,34.90133564319273,34.603721974352396,34.708290100097656,859200.0
2010-09-17,34.877215273080914,35.0702608690667,34.587643810697806,34.89330291748047,823600.0
2010-09-20,35.09439704818616,35.5850595073938,34.57155929726546,35.53679656982422,636000.0
2010-09-21,35.51265619076351,35.66548417884587,35.1587342228198,35.359825134277344,496300.0
2010-09-22,35.29547413122325,35.552870226841726,35.03807803560477,35.094383239746094,488900.0
2010-09-23,34.68417175867002,35.60114614676788,34.55547365276865,34.82091522216797,678600.0
2010-09-24,35.391993245716606,35.8585255386073,35.3035127716578,35.83439254760742,853000.0
2010-09-27,35.79416998729938,36.38135487955685,35.79416998729938,36.06765365600586,533800.0
2010-09-28,36.08376288807919,36.5342046813755,35.64940567162525,36.461814880371094,616000.0
2010-09-29,36.23657912370306,37.27420889144567,36.204403843679195,37.10529327392578,1552800.0
2010-09-30,37.39485994104233,37.925739720866396,37.15354843970149,37.65225601196289,2219400.0
2010-10-01,37.94986989275804,38.08661021390581,37.402902471360505,38.014217376708984,1432400.0
2010-10-04,37.90966219082553,38.04640254753508,37.1294284168352,37.563785552978516,682000.0
2010-10-05,38.12684135525145,38.8346792158854,37.85335756915068,38.722068786621094,945700.0
2010-10-06,38.665749276496506,38.75422974346379,38.0142138029762,38.54509353637695,716100.0
2010-10-07,38.818583588151526,39.180547799474404,38.2957491214882,38.40835952758789,1300100.0
2010-10-08,38.48076827077293,38.6818592414462,38.34402481514466,38.45663833618164,958800.0
2010-10-11,38.48075493093009,39.09206991975865,38.48075493093009,38.64162826538086,694600.0
2010-10-12,38.496847431580505,38.76228585879373,38.078577936561935,38.625545501708984,408600.0
2010-10-13,38.882952465587,39.35752730661616,38.85882252959726,39.269046783447266,684800.0
2010-10-14,39.20468620712556,39.293163632421205,38.7703290935483,39.02772521972656,291200.0
2010-10-15,39.34947467696985,39.631003841242844,38.56119854013323,39.00360107421875,279500.0
2010-10-18,39.1403362029819,39.32533947955179,38.714024438207964,38.91511535644531,686000.0
2010-10-19,38.31183274370684,38.77031967384231,37.82117053851548,38.08660888671875,568300.0
2010-10-20,38.13487517468562,39.18859251300884,38.086612257829955,38.89902114868164,565400.0
2010-10-21,39.14838012070334,39.695347686570265,38.66576312418736,39.15642547607422,620800.0
2010-10-22,39.92057496019163,41.14320826480108,39.2770845547141,39.42991256713867,1576600.0
2010-10-25,39.936674204875395,40.90995391765838,39.84819367309419,40.274505615234375,839800.0
2010-10-26,39.840142296228926,40.77320428135903,39.759707134981646,40.35493469238281,576200.0
2010-10-27,40.073386087456385,40.12969128243587,39.47011351118789,40.089473724365234,612000.0
2010-10-28,40.3147007755454,40.459486461844605,39.663168255602436,39.791866302490234,620400.0
2010-10-29,39.63098937239892,40.42730750621711,39.566638820605874,40.3227424621582,462700.0
2010-11-01,40.69276035384343,40.90993892451089,40.12970514119494,40.37101364135742,372100.0
2010-11-02,40.8857998352273,41.151238205417734,40.71688116139335,40.821449279785156,477800.0
2010-11-03,40.78124107927586,41.07885479551266,40.58015014995833,41.01450729370117,770300.0
2010-11-04,41.52930250139559,42.58301708131891,41.4327766392863,42.45431900024414,1243700.0
2010-11-05,42.59105155993399,42.808230091607726,42.15669449658652,42.71170425415039,880200.0
2010-11-08,42.583007929671254,42.81627411036365,42.28539425647275,42.53474807739258,350300.0
2010-11-09,42.68759410398003,43.073688427456716,42.05214585416418,42.22910690307617,709600.0
2010-11-10,42.253215702560304,42.81627079328486,41.842991647954406,42.63126754760742,508800.0
2010-11-11,42.18083629346849,42.6956316995853,42.15670636151459,42.59910583496094,535600.0
2010-11-12,42.2371420634336,42.502583591999304,41.617784633589125,41.794742584228516,263900.0
2010-11-15,41.97972790480906,42.54278294091934,41.851029873846976,41.939510345458984,363100.0
2010-11-16,41.489078381691776,41.489078381691776,40.475578468248756,41.16733169555664,804200.0
2010-11-17,41.20756514627411,41.609747124748466,40.85364610984247,41.21561050415039,331800.0
2010-11-18,41.91537686899483,43.298882885814585,41.851026324769336,42.47038650512695,652500.0
2010-11-19,42.35778284623821,43.06562360308764,42.16473425131443,43.01736068725586,289000.0
2010-11-22,42.687572732805386,43.42758878362323,42.43017664601746,43.37932586669922,440800.0
2010-11-23,42.76801012240342,42.944971092085524,42.454308816805906,42.55083465576172,566000.0
2010-11-24,42.9369287683667,43.8941203241379,42.92084112855497,43.87803268432617,455400.0
2010-11-26,43.50803268858992,43.78151646953259,43.2667241920885,43.52412033081055,113100.0
2010-11-29,43.16215249761316,43.86999335501271,42.6071426945225,43.676944732666016,522700.0
2010-11-30,43.17019939435555,43.80564746979022,43.09780960519867,43.508033752441406,791900.0
2010-12-01,44.25609445571699,44.63414640491149,44.11935102090876,44.537620544433594,692300.0
2010-12-02,44.53760385498066,44.58586676713418,43.71715275878933,44.239990234375,957400.0
2010-12-03,44.103251865682445,44.59391101975096,43.821722801633086,44.42499542236328,709600.0
2010-12-06,44.408908151304054,44.74674241727481,44.199774991153205,44.529563903808594,296200.0
2010-12-07,44.159564173024464,45.14893106206858,44.159564173024464,44.698486328125,437700.0
2010-12-08,44.80305166361272,44.83522694297386,43.508025819160245,43.77346420288086,1319600.0
2010-12-09,44.09522328941581,44.32848952793279,43.71717132136447,44.29631423950195,472400.0
2010-12-10,44.457169107304566,44.67434761120239,44.30434115348155,44.55369186401367,387800.0
2010-12-13,44.74723281874964,45.00528112318472,44.28758100803506,44.39241409301758,390900.0
2010-12-14,44.54563950082089,45.206888771033384,44.489188541295455,44.86819839477539,486500.0
2010-12-15,44.63433768376173,45.66653406301073,44.14243517764014,44.198883056640625,1106800.0
2010-12-16,44.247268140037725,45.190759893315786,43.827938813711796,44.723045349121094,939100.0
2010-12-17,44.83593549487995,45.49718467531063,44.416609297291444,45.40041732788086,1163300.0
2010-12-20,45.400412142129916,45.69071722743835,44.90850664493266,44.981082916259766,568500.0
2010-12-21,45.134316827864886,46.23908660626273,45.053674789476474,45.7471809387207,463900.0
2010-12-22,45.8762019888997,45.90039306067346,45.04560904542462,45.28752899169922,334400.0
2010-12-23,45.27946090698242,45.59395710711511,45.17462781487865,45.27946090698242,171500.0
2010-12-27,45.13432290236238,45.28753818165232,44.79563244790613,45.19883346557617,179500.0
2010-12-28,45.31978345917885,45.32784612395979,44.81981518593162,45.102054595947266,226600.0
2010-12-29,45.15850161725294,45.698789356464964,45.15850161725294,45.44880676269531,338700.0
2010-12-30,45.31978406439758,45.706856578807674,45.22301670483978,45.263336181640625,153900.0
2010-12-31,45.20687746937641,45.41654054422241,44.964954514167275,44.981082916259766,301100.0
2011-01-03,45.255267818735554,46.061669612749554,44.94077161125869,45.04560470581055,663800.0
2011-01-04,45.22300504124635,45.303643974050225,44.13436099132553,44.62626647949219,715400.0
2011-01-05,44.36015195982909,44.618203309459744,44.09404102365902,44.48111343383789,503800.0
2011-01-06,44.658531829175296,44.795618656411136,44.11824103222658,44.198883056640625,651800.0
2011-01-07,44.319850552707344,44.45694048418865,43.811819537692486,44.094058990478516,486900.0
2011-01-10,43.83599801336289,44.73916707888567,43.352155135413284,44.39241409301758,723100.0
2011-01-11,44.674671578754335,45.303664148016985,44.50532482257022,44.997230529785156,501800.0
2011-01-12,45.481056313050985,47.545442660101905,45.481056313050985,47.42448425292969,1443800.0
2011-01-13,47.803514654804566,47.803514654804566,47.00517831264087,47.126136779785156,737000.0
2011-01-14,47.15840051691834,48.81959016444727,46.94873729741482,48.271236419677734,1021700.0
2011-01-18,48.3437914848025,48.94859287182794,48.02929525573791,48.91633605957031,1094400.0
2011-01-19,47.44062417042319,47.60996782727383,45.908459364933236,46.166507720947266,1920000.0
2011-01-20,45.682655371711945,46.36809555377472,45.44879815150579,45.86006164550781,875200.0
2011-01-21,46.20682412233269,46.86807337510062,45.916518972107,46.52132034301758,1010700.0
2011-01-24,46.416488852891355,46.787432943707046,46.19875999710508,46.52938461303711,1224700.0
2011-01-25,46.77130662349233,47.230955425249576,45.48912757749081,45.96490478515625,1643900.0
2011-01-26,45.795559607123316,46.97290551346987,45.73911172642032,46.05360794067383,1756000.0
2011-01-27,46.279397094157005,46.279397094157005,45.787491522204164,45.868133544921875,1066400.0
2011-01-28,45.739118105051084,45.972972325070884,44.66660206976687,44.819820404052734,1387300.0
2011-01-31,44.83594283612203,45.40042476154876,44.17469354742126,45.28752899169922,1240200.0
2011-02-01,46.0455419526072,46.73098533431476,45.60202157396041,46.561641693115234,1610400.0
2011-02-02,46.49712739796876,46.97290458028402,46.09392650028392,46.48099899291992,1196200.0
2011-02-03,46.231025405417824,46.690674272169204,45.803630278864595,46.37617492675781,600700.0
2011-02-04,46.52131907725079,47.343849288450976,46.126183915000325,46.64228057861328,974600.0
2011-02-07,46.73904893381785,47.06967355827865,46.12618490171202,46.3116569519043,861700.0
2011-02-08,46.376167700453614,46.63421911508468,46.013289339378126,46.42455291748047,881000.0
2011-02-09,46.15036994515444,46.400355585121595,45.9165127086863,46.14230728149414,823400.0
2011-02-10,45.82782599769086,46.610033826450014,45.81169758895013,46.11006546020508,733000.0
2011-02-11,46.06973501962933,46.43261643954273,45.884262977491076,46.25520706176758,1321300.0
2011-02-14,46.24716438055444,46.63424013891462,46.23103904378797,46.46489334106445,548300.0
2011-02-15,46.335841237768655,46.650337410575936,46.271330700972015,46.5858268737793,581900.0
2011-02-16,46.73905358812493,47.335792350227976,46.634223555519924,47.222896575927734,761500.0
2011-02-17,47.27127749251395,47.682544175263956,47.06161435657522,47.6180305480957,726300.0
2011-02-18,47.80351075338526,48.150263868022776,47.618038657957214,47.85995864868164,647500.0
2011-02-22,47.4003094023025,47.569656163152395,46.00523428711338,46.06974792480469,1061500.0
2011-02-23,45.682670384189194,45.99716664345594,44.610154344967484,45.7471809387207,839900.0
2011-02-24,45.67459746616528,45.79555896665361,44.48918583562318,45.17462921142578,1076600.0
2011-02-25,45.481069529611915,46.174572596991254,45.37623641865606,46.158447265625,625300.0
2011-02-28,46.40841909277827,46.6422763334994,45.989089822713005,46.41648483276367,624600.0
2011-03-01,46.69066615711984,46.803561918639886,45.21494936421954,45.43267822265625,845100.0
2011-03-02,45.27946230677041,45.8116873717973,45.029476641311284,45.17462921142578,426200.0
2011-03-03,45.835874482583954,47.05353974206508,45.82781181879785,47.02128601074219,534400.0
2011-03-04,47.11805469415707,47.75511281758402,46.52131604316175,46.997093200683594,878300.0
2011-03-07,47.39223613194744,47.44868401420768,45.52944678882317,45.75524139404297,692900.0
2011-03-08,45.58589420308444,46.31971974111265,45.20688743696801,45.78749465942383,718800.0
2011-03-09,45.62622728717923,45.779442561939405,44.89239850358278,45.49720001220703,814300.0
2011-03-10,44.82787363928251,45.17462663968478,43.99728081682888,44.25532913208008,723000.0
2011-03-11,43.91966622435216,44.59099962946652,43.1189226451533,44.40496826171875,950900.0
2011-03-14,44.39688889934082,45.55352153517367,44.39688889934082,45.391754150390625,1055300.0
2011-03-15,43.68510932098268,44.52629715843204,43.42628276876071,44.19467544555664,1489200.0
2011-03-16,44.14615035480662,44.3968868585111,42.57701080563418,42.94098663330078,1440200.0
2011-03-17,43.65274902113635,44.129960953706615,43.280683231766744,43.54759979248047,1333600.0
2011-03-18,44.18659060921428,44.210854635457196,43.28069454703572,43.733642578125,1358000.0
2011-03-21,44.34026037833555,44.9711496370247,44.08143385756792,44.90644454956055,606300.0
2011-03-22,44.857916183570566,45.06012460821932,44.51820751117939,44.70423889160156,362200.0
2011-03-23,44.518213722656895,45.22189827468972,43.99247051103266,45.05204391479492,591600.0
2011-03-24,45.36748224113963,45.771899090112015,44.574825587408455,45.75572204589844,606900.0
2011-03-25,45.96601158693345,47.24396697646734,45.95792152367372,46.28954315185547,1157900.0
2011-03-28,46.3219042549442,46.99323459086513,46.3219042549442,46.71014404296875,832700.0
2011-03-29,46.532196698552575,47.54323871328181,46.305724274598944,47.27632522583008,712000.0
2011-03-30,47.85059627434324,48.40869035483109,47.365297342219485,48.020450592041016,974900.0
2011-03-31,47.92338887120639,48.513837005187725,47.80206260190733,48.3439826965332,635800.0
2011-04-01,48.740306489111674,48.91016387301881,48.295448670827774,48.61089324951172,597500.0
2011-04-04,48.821189124229655,48.92633834007835,48.34397724978381,48.3763313293457,709100.0
2011-04-05,48.26312482777359,48.78886817860988,48.13371150709254,48.416805267333984,1265800.0
2011-04-06,48.780773339692196,48.96680476536933,48.27929410304276,48.78886032104492,784100.0
2011-04-07,48.80502667480134,49.33076982576189,48.400609815741156,48.67561340332031,531800.0
2011-04-08,48.91827152421795,49.13665703685874,48.344000223638254,48.570472717285156,582600.0
2011-04-11,48.69178768950617,48.748405799730676,47.62412748890761,47.82633590698242,664200.0
2011-04-12,47.45427246142927,47.5917757970784,46.74250101550634,46.8152961730957,940900.0
2011-04-13,47.11456525645345,47.19544739610193,46.249113403300136,46.77485656738281,758100.0
2011-04-14,46.305731518145244,46.944710911918136,46.289554473124376,46.77485656738281,929800.0
2011-04-15,46.91234987051022,47.316766679738755,46.58881518894523,47.03367614746094,1064400.0
2011-04-18,46.265297576628065,46.402797852306946,45.521168818296125,46.03073501586914,855100.0
2011-04-19,46.087337625515815,46.8071990275298,45.691010893947684,46.76675796508789,884600.0
2011-04-20,50.503570859403894,53.803610472748694,50.09106706478158,52.46903991699219,3356500.0
2011-04-21,52.6874235413742,52.85727786760359,51.73299958619641,52.566097259521484,1542800.0
2011-04-25,52.460950763531464,56.40805673375358,52.460950763531464,56.26246643066406,3229200.0
2011-04-26,56.33527033375455,56.521298635300354,55.24334603621509,55.41320037841797,1200000.0
2011-04-27,55.631599910614554,55.631599910614554,54.30511268296377,55.08159255981445,954400.0
2011-04-28,55.057337788385176,55.71249144478595,54.85512926026992,55.59117126464844,649100.0
2011-04-29,55.704402434892536,57.21691813701027,55.59925006053681,57.0632438659668,1252800.0
2011-05-02,57.57278428774817,57.57278428774817,56.22203345985541,56.58600616455078,993900.0
2011-05-03,56.39187995931272,56.76394267731039,54.879358895593555,55.22715759277344,925500.0
2011-05-04,55.11392285965041,55.11392285965041,53.36684543390153,53.46390151977539,1401100.0
2011-05-05,52.274919422509385,55.10583735155365,52.21830131076495,54.96024703979492,1656500.0
2011-05-06,55.591130756011715,56.472756334124526,55.22715196808281,55.809513092041016,1468300.0
2011-05-09,55.736742358853256,56.23821538561248,55.3646733655054,56.036006927490234,664800.0
2011-05-10,56.335270188844774,57.71028505318546,56.25438805051501,57.51616668701172,915300.0
2011-05-11,57.25734295762598,57.30587100882804,56.03600224477494,56.52130126953125,928700.0
2011-05-12,56.13305705787416,56.3514394301718,55.19480705325064,55.77716827392578,761000.0
2011-05-13,56.48084787938215,56.49702183506762,55.10582715152858,55.21097946166992,502600.0
2011-05-16,55.089654845856074,56.19775905626198,54.64479391480361,54.80656433105469,500700.0
2011-05-17,54.47493780323511,54.968326757380446,53.609486160390205,54.41831970214844,698500.0
2011-05-18,54.70950219580431,56.18157904676281,54.3131754742529,56.11687088012695,496400.0
2011-05-19,56.230110207796514,56.71541531359587,55.65583908157209,55.85804748535156,433000.0
2011-05-20,55.688195402963366,55.93084796560727,54.83892377553172,55.44554901123047,457600.0
2011-05-23,54.232295612273084,54.62862235034674,53.67419845086583,54.3617057800293,611400.0
2011-05-24,54.733773879891736,55.50216958174197,54.604363699409234,54.92789840698242,576100.0
2011-05-25,54.65289587106297,56.05218096430122,54.402159384950394,55.73673629760742,665700.0
2011-05-26,55.52643844872064,56.213945905468464,55.130111637098544,55.99556350708008,547700.0
2011-05-27,56.21396565745264,57.24927223904941,56.15734752161263,57.0632438659668,501100.0
2011-05-31,58.00147051894382,58.06617870336192,56.53748332922891,57.29778289794922,754400.0
2011-06-01,57.257349874723126,57.55662062541765,55.29997340822419,55.380855560302734,489100.0
2011-06-02,55.583054501889784,56.060263437023075,54.466860013360986,54.798484802246094,750000.0
2011-06-03,53.77126412352415,55.227161000625244,53.196986797816905,54.34553527832031,886300.0
2011-06-06,54.07052658067168,54.63671382054649,53.05948454972827,53.26978302001953,904200.0
2011-06-07,53.64993725385585,54.434506878313805,53.18890232218306,53.415374755859375,790200.0
2011-06-08,53.148466079258036,53.2617023129442,52.66316705332993,52.938167572021484,580600.0
2011-06-09,53.22126567434153,54.377898237052584,52.89773092522917,53.87641906738281,520100.0
2011-06-10,53.48008280293629,53.860229432336304,52.94624963545846,52.99477767944336,624300.0
2011-06-13,53.18533877081433,53.41238918300727,52.463659830623186,52.73936080932617,455200.0
2011-06-14,53.41237687077312,54.255688219336534,53.2339832527034,53.655635833740234,496800.0
2011-06-15,53.11234493336499,53.882674179176945,53.01503764680901,53.16099548339844,585200.0
2011-06-16,53.30697176160642,53.78539168623862,51.993356964343896,52.58529281616211,582700.0
2011-06-17,53.136677994114876,53.315071619028345,52.350127658718186,52.46364974975586,657900.0
2011-06-20,52.42311130687909,53.52590267101145,52.350129282382746,53.2583122253418,374800.0
2011-06-21,53.74483873594973,55.098999628109134,53.428597717696704,54.88006591796875,416400.0
2011-06-22,54.58813797158934,55.155748342408664,54.38541909822686,54.555702209472656,398200.0
2011-06-23,53.76104720154861,54.693549061346786,53.11234433809083,54.312442779541016,747800.0
2011-06-24,54.37731354619901,54.50705660644084,53.54211270198349,53.631309509277344,516900.0
2011-06-27,53.63941955566406,53.907009975343115,53.031262885387804,53.63941955566406,433200.0
2011-06-28,53.87457413009722,54.58814239501953,53.7367205833084,54.58814239501953,690700.0
2011-06-29,54.92871337279329,55.828785815845976,54.604361883915644,55.561195373535156,772300.0
2011-06-30,55.65852512231738,56.185595730991245,55.25308714433634,56.112613677978516,790300.0
2011-07-01,56.39640193475792,57.2153818579799,55.9828536356869,57.150516510009766,473200.0
2011-07-05,57.37756080067747,57.37756080067747,56.62344622402527,56.80994415283203,588300.0
2011-07-06,56.70453583467415,57.22349576840953,56.35585904921221,56.92346954345703,781900.0
2011-07-07,57.58031581561499,57.74248856727681,56.81809027251779,57.207313537597656,858900.0
2011-07-08,56.42884633209595,57.328919002971446,56.13693672335817,57.215396881103516,668800.0
2011-07-11,56.258530623701894,56.65586400701497,55.617938342664324,56.03148651123047,625100.0
2011-07-12,55.77202187523137,56.39639954155723,55.46389137935625,55.674720764160156,602800.0
2011-07-13,56.03150111015654,56.22610951633869,55.42334442765884,55.4963264465332,801200.0
2011-07-14,55.755811462391456,56.08826726213222,54.79897794731106,55.07467269897461,851700.0
2011-07-15,55.33416818127957,55.34227867227715,54.66925020879395,55.261192321777344,560900.0
2011-07-18,55.01790711645327,55.228736500431275,53.91511582770798,54.64490509033203,698500.0
2011-07-19,55.1152327166461,56.22612867586904,55.09090743089549,55.853126525878906,1094000.0
2011-07-20,56.015283319808844,56.015283319808844,54.83951008474174,55.22873306274414,568600.0
2011-07-21,55.44766774541936,56.81804940122379,55.139537264313816,56.68831253051758,1071900.0
2011-07-22,55.92610212967401,56.404515858324196,53.85026216476686,54.239479064941406,2162100.0
2011-07-25,53.777278912653934,55.97475142907942,53.663756803797334,55.70716094970703,1490500.0
2011-07-26,55.6503959320514,55.828789572261755,54.79086968720936,55.41524124145508,1376100.0
2011-07-27,54.95304832292734,55.845016620939546,54.944944019484446,55.10711669921875,1367700.0
2011-07-28,55.090909411423105,55.46391157482273,54.57194934178084,54.66925048828125,1079600.0
2011-07-29,53.63942139416233,54.79897373269246,53.35561617560386,53.98809814453125,758600.0
2011-08-01,54.72599541693724,54.79897744178625,53.112354619493544,53.94755554199219,1114700.0
2011-08-02,53.4610409231936,54.182719879228394,51.15004616586359,51.23113250732422,881100.0
2011-08-03,50.979751349644324,51.441950223593636,49.48774002698044,51.35275650024414,1243800.0
2011-08-04,50.57431454988638,50.57431454988638,46.446957275805204,46.552371978759766,2177900.0
2011-08-05,47.37945374122888,47.63893364297361,43.827818332886835,45.636070251464844,2743200.0
2011-08-08,43.69808925350793,44.28192072430515,41.7195537371604,41.7276611328125,2641400.0
2011-08-09,42.93586208937513,45.47390349190243,41.7357666158681,45.43335723876953,1932100.0
2011-08-10,43.406162347174615,44.784651246655216,42.66826580292977,42.78178787231445,2217600.0
2011-08-11,42.89532091160583,47.030785276178726,42.89532091160583,46.21990966796875,1762900.0
2011-08-12,46.69833815815911,47.460560308219115,46.21992130513056,47.12810134887695,1207700.0
2011-08-15,47.73626019611205,48.23900544785544,47.21730014950223,48.20656967163086,755800.0
2011-08-16,46.528053175923226,47.0307952939916,43.357528996213276,44.80899429321289,3536700.0
2011-08-17,45.19819528315997,45.5306540670024,43.65753081564969,43.7791633605957,1613500.0
2011-08-18,42.36015221739921,42.36825961419203,38.540924932889574,39.23017120361328,3296400.0
2011-08-19,38.719314711197114,39.73290933714468,37.42191482728235,37.55165481567383,2032600.0
2011-08-22,38.75985588650955,39.06798950307761,36.6515804101379,36.984039306640625,2587200.0
2011-08-23,37.36515610393983,38.40307607574521,36.98404351099763,38.184139251708984,1692400.0
2011-08-24,38.24088952222334,39.449095411929314,37.85977703676169,39.31124496459961,1305700.0
2011-08-25,39.603161923619474,39.83020608742508,38.39495599498664,38.60578536987305,1259700.0
2011-08-26,38.23279764645419,40.3086378472103,37.67329132908185,40.105918884277344,1209300.0
2011-08-29,40.730289871477915,42.14121508323744,40.624875154452425,42.07634353637695,1586200.0
2011-08-30,41.751992641248336,41.94660108396298,40.89246325506329,41.22492218017578,1136100.0
2011-08-31,41.719552356732244,42.384470135030234,40.6816294326308,41.119503021240234,1431600.0
2011-09-01,41.273583266391995,41.768214951714626,40.47081478927726,40.495140075683594,1112700.0
2011-09-02,39.48964871202109,39.83021503422871,38.18413829040102,38.63011932373047,1648300.0
2011-09-06,36.984031191851,38.13547289037897,36.984031191851,38.0462760925293,1416400.0
2011-09-07,38.71932505789803,39.88698526544718,38.65445349974445,39.603179931640625,776300.0
2011-09-08,39.42477331747781,39.659927998837304,38.573354501886485,38.703094482421875,665600.0
2011-09-09,38.14359005896308,38.31387319746188,36.943494507776954,37.178646087646484,1191800.0
2011-09-12,36.5137234642157,37.12188010069229,35.402824874360306,36.2380256652832,1785100.0
2011-09-13,36.49439407995486,37.58499384510494,36.35603280956427,37.1210823059082,1065700.0
2011-09-14,37.30828406162695,38.008221822477005,36.18512804759528,37.5687255859375,1096600.0
2011-09-15,38.01636863582841,38.58608577500329,37.666399669108486,38.114036560058594,789400.0
2011-09-16,38.24425405739008,38.350056309122245,37.3733988839758,37.682674407958984,1002200.0
2011-09-19,36.72228535375233,37.641971139561356,36.51067780098504,37.32455825805664,830100.0
2011-09-20,37.42222946247036,38.32563742153095,36.583933441403516,36.61648941040039,1378000.0
2011-09-21,36.67347030507773,36.811828552097865,35.34684371948242,35.34684371948242,1028400.0
2011-09-22,33.90627056262407,34.231824091466805,32.42500790533589,32.734283447265625,2573100.0
2011-09-23,32.57149507393897,33.74348177158608,32.35988442419942,33.303985595703125,999400.0
2011-09-26,33.759774736462575,34.58179607153437,32.652896367282025,34.541099548339844,845100.0
2011-09-27,35.64796781648953,37.09667732081028,35.4851910839615,35.81888198852539,1216800.0
2011-09-28,35.770049976670705,35.916548720702195,33.24701846645669,33.37723922729492,929900.0
2011-09-29,34.53295855510519,34.87478696088154,33.540023101683104,34.45970916748047,1032800.0
2011-09-30,33.71907533634603,34.060903716637526,32.864501280909025,32.88077926635742,1475500.0
2011-10-03,32.68545174724344,33.792330096216645,31.716934744246267,31.741350173950195,1568300.0
2011-10-04,31.269293726666675,32.815668235394384,30.943743322787608,32.77497482299805,1800000.0
2011-10-05,32.97843774011328,34.94802703044261,32.43313619880799,34.581783294677734,1649400.0
2011-10-06,34.37017216441813,35.403800742570745,33.87370457679208,34.99686050415039,995300.0
2011-10-07,35.14336728816291,35.36311543980948,33.816740937722486,35.32242202758789,1966400.0
2011-10-10,35.77004648196999,37.43850078742458,35.68051913550773,37.40594482421875,1609600.0
2011-10-11,36.88507770736883,38.105898910670206,36.77113489181412,37.552459716796875,931300.0
2011-10-12,38.048927514397384,39.39996952227106,37.65012455512645,38.610504150390625,1322700.0
2011-10-13,38.781423272683874,38.960474946303904,37.64198885465923,38.659339904785156,965900.0
2011-10-14,39.26974590178916,39.660408286381816,38.464002599079606,39.57902145385742,693000.0
2011-10-17,39.465066585088735,39.60342477903677,38.17099647331046,38.602352142333984,1070700.0
2011-10-18,38.59421459489146,40.02664611652804,37.66639125492874,39.847591400146484,1023600.0
2011-10-19,39.52202881768828,39.55458167038445,36.217673654236464,36.48625564575195,2641100.0
2011-10-20,36.73043746076203,37.21062720580018,35.94910961641098,36.98273849487305,2001000.0
2011-10-21,37.47919930510919,38.219830493248914,36.8525108990359,37.8698616027832,1996700.0
2011-10-24,38.024513671234416,39.84760500618705,37.5931547167276,39.562747955322266,1558200.0
2011-10-25,39.49762320086695,43.184504306515365,37.235036202196326,41.4753532409668,4549100.0
2011-10-26,42.5415404226886,43.298449648425404,40.51497631078176,42.90778732299805,2632400.0
2011-10-27,45.41453285144023,46.32607817368238,44.04721331572307,44.97503662109375,1774200.0
2011-10-28,44.437873407845316,45.4959205261288,44.348349162109834,44.869232177734375,1035500.0
2011-10-31,44.29950813955269,44.29950813955269,43.20077089800569,43.37168502807617,1226800.0
2011-11-01,42.183431594559664,42.435732585210694,40.954470190526834,41.48349380493164,1382400.0
2011-11-02,42.688042460069866,43.81933611310466,42.56595911569138,43.07056427001953,1282500.0
2011-11-03,43.95769606519252,44.421610929223334,42.54154535927459,44.27511215209961,801400.0
2011-11-04,43.67283970363739,44.41347104130744,42.72060074293672,44.250694274902344,701800.0
2011-11-07,44.36462447150271,44.966897404622436,43.26588704377058,44.43787384033203,956300.0
2011-11-08,44.7797118336983,44.7797118336983,43.05428579829825,44.38090896606445,1234500.0
2011-11-09,43.037997703295886,43.33099515277661,41.92297928669342,42.224117279052734,1372100.0
2011-11-10,43.10311355918557,43.26589029154829,42.00437604897611,42.728729248046875,537100.0
2011-11-11,43.41239937675142,44.40533488634606,43.33914998498282,43.819339752197266,805400.0
2011-11-14,43.67281989125375,43.88442741828761,42.932188889574505,43.37168502807617,534900.0
2011-11-15,43.03800067577568,43.143802902845316,41.654403238060745,42.57408905029297,1425400.0
2011-11-16,42.069493801319744,43.78678263777367,41.833470749280664,42.45201873779297,764000.0
2011-11-17,42.20783526845847,42.39502737559844,40.718432744025876,40.97887420654297,1020700.0
2011-11-18,41.15794624848363,41.36141642100123,40.490564331002574,40.93819808959961,490600.0
2011-11-21,40.20569408905339,40.742855043390044,39.56272781053769,40.49055099487305,646800.0
2011-11-22,40.30337377979279,40.645202193228876,39.46507762852077,39.92084884643555,641900.0
2011-11-23,39.23719451493804,39.44066472474964,38.195428034209556,38.25239944458008,740200.0
2011-11-25,37.98380477238599,38.9767400628805,37.94311136476251,38.439579010009766,335900.0
2011-11-28,40.205706377858505,40.653340125839634,39.994095664821955,40.39289855957031,735300.0
2011-11-29,40.66147031102648,40.89749640856399,40.08361588302043,40.710304260253906,505400.0
2011-11-30,42.90778703914363,44.38904951085535,42.66362037074715,44.38090896606445,1317900.0
2011-12-01,44.055340354557686,44.49483334547057,43.2333195344496,43.54259490966797,509200.0
2011-12-02,44.22625878313575,44.568087043276705,43.2170457730253,43.37168502807617,469200.0
2011-12-05,44.31579934757793,44.66576825440184,43.52633417106239,43.7460823059082,862500.0
2011-12-06,44.23441012316004,44.23441012316004,43.13567253628878,43.737945556640625,418100.0
2011-12-07,43.39609796644583,44.66575237024543,43.19262788854437,44.42158889770508,649200.0
2011-12-08,43.82747583184429,44.34022155829265,43.0380136392111,43.20079040527344,632900.0
2011-12-09,43.16822611764491,43.57516640207661,41.37768824520382,43.208919525146484,1353000.0
2011-12-12,42.44387909858848,42.557821898094744,40.8649485776919,41.43466567993164,1054700.0
2011-12-13,41.82258266357305,42.443267153618834,40.540383030836104,41.23456954956055,938700.0
2011-12-14,40.7282318237416,40.736400448803806,39.241859835019795,39.25819396972656,1266800.0
2011-12-15,40.017708728093034,40.295382750006695,39.34802487208077,39.870704650878906,712400.0
2011-12-16,40.23821701580158,41.34074453900005,39.90337506972212,40.96506881713867,1310300.0
2011-12-19,41.0712491596667,41.39792256114133,39.05402836600279,39.209197998046875,729500.0
2011-12-20,40.197375791593295,41.27540347265152,40.12387376263856,40.87522506713867,811200.0
2011-12-21,40.73638794816513,40.80988997408145,39.838029507475,40.68738555908203,476100.0
2011-12-22,40.744567993951364,41.74909396296903,40.65473180628496,41.45508575439453,457100.0
2011-12-23,41.512247749403265,41.9205917023248,41.32440678949229,41.765419006347656,242300.0
2011-12-27,41.68374793751883,42.835277662777635,41.63474554576129,42.0512580871582,322200.0
2011-12-28,41.91242074007272,42.002256903169666,40.88339540690985,40.973228454589844,394600.0
2011-12-29,41.08756619051133,42.11659149408473,41.02222966816795,42.0512580871582,337100.0
2011-12-30,42.100257067094034,42.49226685214383,41.87158547133587,42.067588806152344,425300.0
2012-01-03,43.21096130136389,44.231821285912666,42.91695312734705,43.06395721435547,548700.0
2012-01-04,43.02311109135876,43.8724671024568,42.6882692371358,43.69279479980469,402800.0
2012-01-05,43.10479524640841,43.905149179463834,42.729119482704014,43.758148193359375,618800.0
2012-01-06,43.83981581964729,44.435997736527455,43.48863970053164,43.668312072753906,710800.0
2012-01-09,43.88065263477721,44.02765674668612,43.014962099693435,43.63564682006836,465600.0
2012-01-10,44.386993928784484,45.30168678082623,44.32982601495908,44.9913444519043,592100.0
2012-01-11,44.75449698913099,45.42418082825557,44.52582537052761,45.220008850097656,297400.0
2012-01-12,45.48952090219005,47.12289685476121,45.06484278067147,46.951393127441406,773300.0
2012-01-13,46.510375216285894,46.54304347906461,45.49768087806481,46.38787078857422,404000.0
2012-01-17,47.34340222864035,47.73541207716769,46.64921559059659,46.828887939453125,525600.0
2012-01-18,46.55121118760572,47.79257719312527,46.47770915058756,47.78440856933594,729700.0
2012-01-19,47.88240467373324,50.005791622751374,47.874236051426166,49.07476806640625,1048200.0
2012-01-20,49.00127591518836,49.08294346221345,48.58476644069283,48.70726776123047,883500.0
2012-01-23,48.81342823007837,49.858787575389876,48.63375592432173,49.07476806640625,756300.0
2012-01-24,49.00945085488138,51.8433595209212,47.69458564841423,51.173675537109375,1455100.0
2012-01-25,51.20633289765242,51.29616906677631,50.17730438003705,50.708152770996094,895100.0
2012-01-26,51.206345750280015,52.178203491590224,51.173677477777666,51.46768569946289,919900.0
2012-01-27,51.50851728824168,52.26803745676877,51.41051559032722,51.655521392822266,728200.0
2012-01-30,51.2063326778736,52.30886322772941,51.07566273664074,51.79434585571289,661200.0
2012-01-31,52.09653843021976,52.64371800155819,51.55752436969049,52.52121353149414,835400.0
2012-02-01,53.215400673556516,54.39142732460483,53.084727584086785,54.228092193603516,930700.0
2012-02-02,54.4077581449899,54.4077581449899,53.55023323150629,53.631900787353516,684900.0
2012-02-03,54.56293012695511,55.338787562729145,54.3179274347389,54.70993423461914,768700.0
2012-02-06,54.2607508839315,55.16727503182591,53.90140618218316,55.12643814086914,540500.0
2012-02-07,55.08559580557014,55.41227220843321,54.35874408038773,54.63642120361328,769900.0
2012-02-08,54.82425546589774,55.43677137952427,54.17907128917771,54.49758529663086,356600.0
2012-02-09,54.65274801051319,55.95128489840088,53.623725832376145,54.317909240722656,580600.0
2012-02-10,53.46038338287946,53.90139554870525,52.74170035199679,53.27254867553711,889300.0
2012-02-13,53.74622333604632,54.342408185056286,53.60738790231577,54.01573181152344,509200.0
2012-02-14,53.713558157604865,53.90956773147143,52.64369904796077,53.288883209228516,948100.0
2012-02-15,53.57473702763253,53.770740423024655,52.431372464646515,52.84788513183594,1422500.0
2012-02-16,52.91320041682468,54.27706747285919,52.807033251729095,54.21173095703125,512900.0
2012-02-17,54.46490706557226,54.71807826966987,53.974889439684986,54.130062103271484,404000.0
2012-02-21,54.32607795462531,54.40775173168036,53.321555297525805,53.71356201171875,342500.0
2012-02-22,53.893249664250696,54.39959856401951,53.32157044744408,54.05659103393555,417500.0
2012-02-23,53.96673617192553,54.58741446953497,53.78706384283659,54.37508010864258,414200.0
2012-02-24,54.342408185056286,54.75892071708151,53.92589565303106,54.01573181152344,442500.0
2012-02-27,53.4930731792277,54.995776366285625,53.11739738246322,54.62826919555664,475700.0
2012-02-28,54.6200834946889,55.1591004894806,54.17907128917771,54.49758529663086,284600.0
2012-02-29,54.628249438538035,55.2244343067907,54.23624276231291,54.326072692871094,728100.0
2012-03-01,54.67726361261969,55.74712921773553,54.44859195071263,55.28977966308594,445200.0
2012-03-02,55.085614356730105,55.46945879204879,53.61557939503442,53.836082458496094,652200.0
2012-03-05,53.280717262205116,53.29705450959824,50.454977854116414,50.961326599121094,1142000.0
2012-03-06,51.76168681988041,51.76168681988041,48.51943443115402,49.0421142578125,1018900.0
2012-03-07,49.091118665630695,50.48765446868492,49.074784530953046,50.226314544677734,872000.0
2012-03-08,50.95315286618357,51.598336995163834,50.65914475093095,51.3941650390625,426300.0
2012-03-09,51.40233607240204,51.94134996983824,51.10016241720435,51.49217224121094,347300.0
2012-03-12,51.443172146542786,51.484005918423456,50.9041582576335,51.24716567993164,344300.0
2012-03-13,51.46837425688595,52.156585693359375,51.14065333461162,52.156585693359375,794200.0
2012-03-14,52.148395630280376,52.43514910177936,51.91898972770276,52.361412048339844,550200.0
2012-03-15,52.43515280224951,52.984081807966305,52.30406504525904,52.92673110961914,671700.0
2012-03-16,53.08241222239109,53.246269612417265,52.45974288892585,52.73830795288086,650100.0
2012-03-19,52.582636909877,53.21349471155452,52.058285782291975,52.74649429321289,359900.0
2012-03-20,52.336836003786196,52.63997584561213,51.76332591424467,52.451534271240234,432700.0
2012-03-21,52.6399842444929,53.06601716430932,52.3941950598668,52.6645622253418,470400.0
2012-03-22,52.09923884603851,52.40237869002008,51.55850147214069,51.9681510925293,488300.0
2012-03-23,52.05007585200064,52.06646221062927,51.06691933730967,51.34547805786133,696900.0
2012-03-26,51.84525792416141,52.75468063354492,51.83706630645128,52.75468063354492,409300.0
2012-03-27,52.79565420135787,53.27084309256695,52.76288147597134,52.951316833496094,234200.0
2012-03-28,52.836595307289365,52.836595307289365,51.42740303126086,51.74692916870117,383000.0
2012-03-29,51.4110349569186,52.3040713863647,51.083313962021684,52.181175231933594,328000.0
2012-03-30,52.762883934361845,52.91035808009339,51.869847440933796,52.3696174621582,326300.0
2012-04-02,52.14839358468166,53.66409580379791,52.00911110014684,53.401920318603516,687700.0
2012-04-03,53.41011882105618,53.63132686289396,52.345027321412076,52.77925491333008,507200.0
2012-04-04,52.20574700601795,52.754675980160684,51.91079878840995,52.140201568603516,945600.0
2012-04-05,51.97634832824871,52.754683316198324,51.558507045451584,51.63224411010742,503100.0
2012-04-09,50.73101903030962,51.73876007606498,50.62451235505034,51.64044189453125,619800.0
2012-04-10,51.64042017144217,51.93536834121172,50.15749083231347,50.23122787475586,631600.0
2012-04-11,51.11608686992468,51.37826241663094,50.542576689487596,50.780174255371094,521900.0
2012-04-12,50.88666977491363,52.492495329422965,50.878475033351855,52.20574188232422,374900.0
2012-04-13,51.97634476503559,52.34503006303972,51.468380090773614,51.492958068847656,366800.0
2012-04-16,51.665021717097844,52.27130152790755,51.075125144090165,51.919002532958984,574100.0
2012-04-17,52.51709210890802,53.14795616918424,52.21395219551418,52.53348159790039,459500.0
2012-04-18,52.23852080234324,54.122908524323215,51.968153664701745,53.45927810668945,1159900.0
2012-04-19,53.22986820041039,53.65590101948105,51.00956506919268,52.21393585205078,1379100.0
2012-04-20,52.07464989086235,54.18843986125384,51.71415630067524,53.614933013916016,1666100.0
2012-04-23,51.34548706532148,52.902157028963636,51.14066223459903,52.77107238769531,688900.0
2012-04-24,52.590816547614104,52.730095908517605,51.71416354661268,51.80428695678711,694100.0
2012-04-25,52.795639517956545,53.14793840443338,52.39418155707193,52.893951416015625,612200.0
2012-04-26,52.599009544019985,53.65590633051547,52.45153542844486,53.360958099365234,525300.0
2012-04-27,53.59037040873922,54.49978688435771,53.58217566549722,54.2621955871582,682800.0
2012-04-30,53.959049725659554,54.1966472609831,53.16432844389807,53.500244140625,527400.0
2012-05-01,53.50023073548257,55.00773799473286,53.50023073548257,54.13108825683594,737300.0
2012-05-02,53.90990002896137,54.35231617974531,53.50843884469155,54.1229133605957,606100.0
2012-05-03,54.12289468284682,54.36868690468907,53.49203714789362,53.66408920288086,502800.0
2012-05-04,53.24625197797159,53.295414179304586,51.87802384703969,52.156585693359375,483500.0
2012-05-07,51.81248939375176,53.11517541297233,51.730557588071306,52.63998031616211,641600.0
2012-05-08,52.148399668351814,52.2221367275011,51.17343153900249,51.8206787109375,786500.0
2012-05-09,50.796548871870776,51.476568687595154,49.78881126123228,51.296321868896484,1107400.0
2012-05-10,51.90260242318976,52.14839468043015,51.35367346621055,51.53392028808594,543800.0
2012-05-11,50.944028858572416,52.246714822886084,50.845713821278565,51.84525680541992,477700.0
2012-05-14,50.87848462727265,51.16524125382194,49.85436051540823,49.95267868041992,778500.0
2012-05-15,49.960874525948164,50.75559590412724,49.575802827180325,50.67366409301758,1198200.0
2012-05-16,51.607652465507144,53.164318903848276,50.98498338986822,51.46017837524414,2187300.0
2012-05-17,51.40282287487141,51.59126127803666,49.10059145942346,49.14155578613281,1257500.0
2012-05-18,49.395561360388534,49.67412328018727,48.461560548527835,48.58445358276367,1501500.0
2012-05-21,48.66637902465744,50.83752026563289,48.24034301926278,50.542572021484375,1643500.0
2012-05-22,50.264012037443834,50.5098043337743,48.420588567238624,48.805660247802734,1809600.0
2012-05-23,48.31407378238868,49.31361665957954,47.41284280659368,49.2398796081543,1653400.0
2012-05-24,49.5184464463634,50.03460585836626,48.63360486545144,49.55941390991211,909500.0
2012-05-25,50.02641565002305,50.5589583119916,49.49386986267573,50.32955551147461,923900.0
2012-05-29,51.08333033497809,52.41878959795559,51.06694709282331,52.17300033569336,1489700.0
2012-05-30,51.394646649339975,51.6486305670407,49.73966162597219,49.79701232910156,950000.0
2012-05-31,49.97724586527985,50.050982910424075,48.57624513291766,49.7314567565918,3770500.0
2012-06-01,47.69141757911991,48.33866485867452,46.454276853666435,46.61813735961914,1400100.0
2012-06-04,46.9048866899639,47.24079929058866,45.76606112017213,46.91307830810547,1000100.0
2012-06-05,46.84753478964653,48.92855578686276,46.84753478964653,48.649993896484375,1043000.0
2012-06-06,48.97771370426679,50.14112039604517,48.97771370426679,49.575801849365234,682700.0
2012-06-07,50.38690668070826,51.583082902224405,49.36278256118167,49.436519622802734,802700.0
2012-06-08,49.27264852647996,49.90350922328184,48.57624552534156,49.83796691894531,560200.0
2012-06-11,50.5507618090246,50.608112503611444,47.978162793402824,48.06828308105469,640300.0
2012-06-12,48.43698285594497,48.977720370687805,48.11745656887593,48.91217803955078,521800.0
2012-06-13,48.71487698561244,48.87928827213933,47.31738888984511,47.46535873413086,704200.0
2012-06-14,47.46535489943168,47.95858558328003,47.0050039615248,47.621543884277344,1248400.0
2012-06-15,47.98324728139954,48.86284400723959,47.87638261683211,48.73131561279297,716100.0
2012-06-18,48.46004199248436,49.64379759920707,48.13944171165641,49.58625411987305,574200.0
2012-06-19,49.89863964203492,50.99196898155216,49.89863964203492,50.76179504394531,466500.0
2012-06-20,50.761781024898454,51.45230578289923,50.42473936539117,50.8193244934082,707500.0
2012-06-21,50.745342938377114,50.885093611050365,48.229859053215044,48.542240142822266,779200.0
2012-06-22,48.77242229359655,48.846404077871185,47.72841425841241,48.287410736083984,1363400.0
2012-06-25,47.432464599609375,47.58043440879962,46.626852936175666,47.432464599609375,957900.0
2012-06-26,47.572218764217745,48.5011397769769,47.259840799761946,48.065452575683594,642800.0
2012-06-27,48.229863083261186,48.4847007218511,47.26806227778976,47.473575592041016,837600.0
2012-06-28,46.90635864058382,47.63798551678455,46.90635864058382,47.588661193847656,865400.0
2012-06-29,48.94504432356792,49.224542514406785,48.61622181579849,49.02724838256836,803800.0
2012-07-02,49.27386446000826,49.53692121595197,48.50935478308313,49.47937774658203,604700.0
2012-07-03,49.55336526401895,51.12348673066933,49.51226323171708,50.885093688964844,317600.0
2012-07-05,50.67135496175143,51.24679278595035,50.44118108642541,50.61381149291992,462200.0
2012-07-06,49.86574990958621,50.20279161590749,49.08479869663173,49.31497573852539,645500.0
2012-07-09,49.33964485807555,49.40540749863406,48.45182569139947,48.87107467651367,400400.0
2012-07-10,49.35607798442227,49.66845596222995,48.0079111533828,48.402496337890625,558600.0
2012-07-11,48.492921095855735,48.53402312990628,46.79949032436924,47.1036491394043,814900.0
2012-07-12,46.898136855109406,46.898136855109406,45.755483349832865,46.47066879272461,799600.0
2012-07-13,46.94746574464077,47.794179663241174,46.94746574464077,47.62976837158203,707800.0
2012-07-16,47.531128639977354,47.59689441900475,46.67619232793082,47.12010192871094,660500.0
2012-07-17,47.5146706532984,47.55577268293865,46.66795692635062,47.04610061645508,1047900.0
2012-07-18,45.41021576563565,46.051416196275945,43.716785208135946,45.71437454223633,2089100.0
2012-07-19,45.7883687244512,47.481796489125834,45.22114994931427,47.292724609375,1485700.0
2012-07-20,46.85703781904392,47.23518158216428,46.618641610861076,46.914581298828125,1509200.0
2012-07-23,46.03497855326095,46.84059030163693,45.549967046639445,46.610416412353516,1547800.0
2012-07-24,46.65973471466924,46.80770453032153,44.71146965642592,45.08139419555664,1152300.0
2012-07-25,45.54996528769899,45.95277271427434,45.138938709345496,45.32801055908203,685900.0
2012-07-26,46.1171794941541,46.388458533193095,45.61572971730562,46.339134216308594,557600.0
2012-07-27,46.70084885351248,47.91748735473494,46.45423035611669,47.77773666381836,733100.0
2012-07-30,47.753087003034345,48.410729162947675,47.29273592315243,47.859954833984375,718300.0
2012-07-31,47.588675679084716,48.205215791981935,47.47358869308553,47.859954833984375,670000.0
2012-08-01,48.065454940567626,48.3860552090581,47.473575592041016,47.473575592041016,452600.0
2012-08-02,46.791269055542145,47.41603127590617,45.755483349832865,46.47066879272461,718900.0
2012-08-03,47.769515745149555,48.58334672164723,47.761293456401866,48.114776611328125,447000.0
2012-08-06,48.43538727637729,48.84641399719876,48.262756806244674,48.59157943725586,436100.0
2012-08-07,49.06013183544327,49.70133228363547,48.747750762989995,49.51226043701172,673300.0
2012-08-08,49.249213747739944,49.676681845862994,49.060141862473216,49.471168518066406,337900.0
2012-08-09,49.48760173279353,50.24388914812017,49.47116029299721,50.03837585449219,326800.0
2012-08-10,49.8164243475119,50.17812977468935,49.3478542585631,50.137027740478516,274800.0
2012-08-13,49.734219227598444,50.219230747154185,49.57803024654576,50.202789306640625,462600.0
2012-08-14,50.30143060324158,50.49872473700529,49.51226033995449,49.68489074707031,566400.0
2012-08-15,49.60268867548376,50.1370244932701,49.60268867548376,50.03837585449219,336100.0
2012-08-16,50.153458324947366,50.490499971007544,49.816416678887194,50.30965042114258,504800.0
2012-08-17,50.227444281682374,50.515164754662926,50.04659472802888,50.40007781982422,423500.0
2012-08-20,50.18635661884865,50.30144358663116,49.77532994197702,50.27678298950195,440400.0
2012-08-21,50.0466147775446,50.17814320375045,47.785967796210564,48.38606643676758,1414500.0
2012-08-22,48.188767105089944,48.28741576616774,47.37493603444866,47.63799285888672,1449100.0
2012-08-23,47.6297606099378,47.6297606099378,46.38846167516564,46.610416412353516,1539600.0
2012-08-24,46.63507596430634,46.74194375446878,45.99387549509967,46.363800048828125,907400.0
2012-08-27,46.536426583621164,46.536426583621164,45.311566082440336,45.46775817871094,1473600.0
2012-08-28,45.46775920434604,45.63216731966875,44.79367589669476,44.818336486816406,1507500.0
2012-08-29,44.990970611572266,45.06495552394183,44.5635025774241,44.990970611572266,1713300.0
2012-08-30,44.555292376477844,44.94165532013108,44.42376396538393,44.719703674316406,1073700.0
2012-08-31,45.08139696401108,45.37733661348935,44.4730762249853,44.990970611572266,1075700.0
2012-09-04,44.75256717235948,45.01562389901284,43.79898575427017,44.45663070678711,930200.0
2012-09-05,44.47307673559874,44.60460512177876,43.91408031036262,44.4401969909668,995400.0
2012-09-06,44.958093959065266,46.38024579526986,44.94987480583415,45.829471588134766,965900.0
2012-09-07,46.034979944020726,46.83237256439115,45.763700878411925,46.79126739501953,1003900.0
2012-09-10,46.57753486088416,46.88169367124003,46.46244791295946,46.651519775390625,695000.0
2012-09-11,46.58575543540173,46.82415162674311,46.30626034527158,46.67618179321289,560400.0
2012-09-12,46.560679493354684,46.79167012683248,44.9272612381064,45.1087532043457,1450400.0
2012-09-13,44.64676658301898,44.74576389864554,43.61556814750138,44.11879348754883,2785200.0
2012-09-14,44.29203885310398,44.66327095937797,44.25904289129935,44.45703125,1577500.0
2012-09-17,44.28379834880437,44.33329702056974,44.02805993180313,44.1023063659668,728600.0
2012-09-18,43.60734376819213,43.80533221367429,42.78238456908738,43.4588508605957,1350900.0
2012-09-19,43.67332614555047,45.075757004890946,43.566083746724935,44.77052307128906,1951200.0
2012-09-20,44.24255652888238,44.31680297227552,43.937319402172164,44.20130920410156,971700.0
2012-09-21,44.52303918870198,44.81177358608609,43.871320809499096,43.89606857299805,982200.0
2012-09-24,43.51659111949714,43.797077330316746,43.43409647094925,43.61558532714844,678200.0
2012-09-25,43.70632462215327,43.91256435884537,42.60087950760488,42.609130859375,772100.0
2012-09-26,42.633891071958146,42.831879514702564,41.97392435119415,42.53489685058594,753100.0
2012-09-27,42.67513066023578,43.33509726127496,42.501890017519685,43.23610305786133,795300.0
2012-09-28,42.897878353446906,43.55784508333679,42.70813811528917,43.4588508605957,807900.0
2012-10-01,43.854826045897404,44.30855292580523,43.252606274824224,43.475345611572266,1104100.0
2012-10-02,43.62383371046475,43.77232658531751,43.326847960759245,43.72282791137695,703100.0
2012-10-03,43.698079318500035,44.01156147326692,43.49183956811552,43.731075286865234,658900.0
2012-10-04,44.01155646840533,44.531281461424015,43.87956316904788,44.3415412902832,718900.0
2012-10-05,44.65503610481055,45.0675156468728,44.49829186476663,44.836524963378906,992400.0
2012-10-08,44.366293841377576,44.531286270133215,43.945566137671086,44.20955276489258,613500.0
2012-10-09,44.17656448266535,44.17656448266535,43.318606160323704,43.4588508605957,872300.0
2012-10-10,43.57433625178252,43.59908401595854,42.708129888962816,42.76587677001953,561100.0
2012-10-11,43.23609242145836,43.54132630929247,43.08759957938378,43.17009735107422,398700.0
2012-10-12,43.22785314115111,43.63208129148897,42.78237452296873,42.9061164855957,344200.0
2012-10-15,42.94736402787563,43.40933902536355,42.78237160864338,43.18659973144531,1245600.0
2012-10-16,43.50833890341273,44.44879165684445,43.04636073200379,44.38279342651367,896800.0
2012-10-17,44.50655458937031,44.90253467328699,44.31681432917919,44.77878952026367,840100.0
2012-10-18,43.599078537940954,46.2801950817322,42.897864700659916,45.966712951660156,2688100.0
2012-10-19,45.94196780995468,46.41219421105103,45.28200120727287,45.64498519897461,1820200.0
2012-10-22,45.479996417996354,46.387450176268864,45.479996417996354,46.3462028503418,1466400.0
2012-10-23,45.2077529715827,46.01621242111718,44.88601946224406,45.72747802734375,1385100.0
2012-10-24,46.10696543694442,46.19771144508379,45.298505864291776,45.38100051879883,1086800.0
2012-10-25,45.69448570578999,45.826479040707184,45.08401771191145,45.446998596191406,796500.0
2012-10-26,45.43874361672983,45.92546640977641,45.27375118593379,45.61198425292969,753600.0
2012-10-31,45.75222775332826,45.78522687030915,45.34799958470385,45.46349334716797,719700.0
2012-11-01,45.68623410847385,47.08041380175087,45.06751480691206,46.84942626953125,1062800.0
2012-11-02,47.11341220785844,47.1794072959372,46.01621515245641,46.387447357177734,721500.0
2012-11-05,46.18121107107501,46.91542418294673,46.18121107107501,46.865928649902344,688900.0
2012-11-06,46.93191993897378,47.385646787930625,46.775178852088764,47.03916549682617,734900.0
2012-11-07,46.26369795711753,46.55243232165929,45.4304876817795,45.7934684753418,831600.0
2012-11-08,45.80998150864947,46.3462062256615,44.9437750132196,44.9520263671875,912200.0
2012-11-09,44.7870141449233,45.57897384008501,44.448781161762476,44.72101593017578,740700.0
2012-11-12,45.00976650307222,45.826474193050764,45.00976650307222,45.46349334716797,444100.0
2012-11-13,45.504742363212166,46.700933649045105,45.504742363212166,45.908973693847656,854100.0
2012-11-14,45.95847067293277,46.511194905962356,44.729283377112644,44.828277587890625,485100.0
2012-11-15,45.232492444995934,45.298487512471056,44.21779035322421,44.613773345947266,636800.0
2012-11-16,44.80352020263672,45.18300055161901,44.531282247735156,44.80352020263672,879800.0
2012-11-19,45.52947783141805,46.84941388055068,45.52947783141805,46.51118087768555,820100.0
2012-11-20,46.45344742753676,46.98142074090256,46.370949630467614,46.53594207763672,857700.0
2012-11-21,46.70093452480583,46.95666982829723,46.30495453978148,46.53594207763672,457000.0
2012-11-23,46.841165307801546,47.93011080341247,46.766918880965875,47.468135833740234,335800.0
2012-11-26,47.2289035933996,47.69912998003925,47.03091204519764,47.42689514160156,503000.0
2012-11-27,47.12165056196839,47.91361348212016,46.22244525273881,47.77336883544922,752400.0
2012-11-28,47.72388879736792,48.85408517514687,47.3774074414728,48.8293342590332,1013600.0
2012-11-29,49.06856622684051,49.9347726407335,48.87882601404255,49.637786865234375,1151600.0
2012-11-30,49.49753949159063,50.08325962030194,49.11805911076095,49.32429885864258,1041600.0
2012-12-03,49.58827585643438,49.943008405675705,48.474579545920385,48.53232955932617,939400.0
2012-12-04,48.61485107483548,48.99433159189624,48.350864354534956,48.63959884643555,548800.0
2012-12-05,48.66432492221278,49.06855300451803,48.276593247906305,48.78806686401367,462500.0
2012-12-06,48.79632767568848,49.0273151960757,48.54883745016623,48.821075439453125,439500.0
2012-12-07,48.986059226042954,49.01080698543858,48.62307530440904,48.83756637573242,478300.0
2012-12-10,48.837562733924386,49.4645300519517,48.251842727470105,49.299537658691406,437100.0
2012-12-11,49.4150505065918,50.01727026169168,49.23355850065487,49.4150505065918,715500.0
2012-12-12,49.72129505712633,49.84545470695378,48.95979180021709,49.158443450927734,370100.0
2012-12-13,49.11706050915394,49.663357313299784,48.736308860888,49.059120178222656,609800.0
2012-12-14,49.13362327063706,49.56403948238931,48.84391841171118,49.14189910888672,365500.0
2012-12-17,49.15017197762081,49.845459131852465,49.15017197762081,49.82062530517578,734000.0
2012-12-18,49.81235117782705,51.169815868992295,49.81235117782705,51.14498519897461,774700.0
2012-12-19,51.11187597608612,51.74094382956367,51.11187597608612,51.33536148071289,792000.0
2012-12-20,51.29397517312985,51.54229134409356,50.88838967313036,51.360191345214844,474600.0
2012-12-21,50.5986882094034,51.40985605524919,50.26759787507345,51.03738021850586,1179400.0
2012-12-24,50.84699536266779,51.30224212349081,50.582124405188544,51.26085662841797,156700.0
2012-12-26,51.36847262142372,51.649898469683656,50.94633227027804,51.045658111572266,327400.0
2012-12-27,51.16980998754265,51.43468096232523,50.25931640641642,51.07048416137695,372900.0
2012-12-28,50.714575214003,50.996001086083375,50.37520899980418,50.40003967285156,228000.0
2012-12-31,50.16826546147736,51.616779958647506,50.16826546147736,51.41812515258789,343700.0
2013-01-02,52.71766159364593,53.57021818591424,52.71766159364593,53.22257614135742,568100.0
2013-01-03,53.24740721277352,53.55366059550093,52.618336140512085,52.87493133544922,408000.0
2013-01-04,52.82525895853879,53.64470260899476,52.79214929493154,53.49571228027344,441300.0
2013-01-07,53.073592054647726,53.868205242415456,52.974263038042665,53.760597229003906,668600.0
2013-01-08,53.3053291155044,53.46259209290439,52.57693244708153,52.78386306762695,318000.0
2013-01-09,52.89148169150241,53.23084471403917,52.63488651829069,53.07358169555664,389800.0
2013-01-10,53.31361769505732,53.561930695349105,52.74248705884794,53.114959716796875,403400.0
2013-01-11,53.106701737279714,53.17291476667183,52.60178712988513,52.949432373046875,406300.0
2013-01-14,52.89975412289945,53.49571228027344,52.76731862598176,53.49571228027344,259200.0
2013-01-15,53.47088520117175,54.09167722668463,53.214293184767136,53.88474655151367,793000.0
2013-01-16,53.69437379362625,53.801975471160276,53.321894789812085,53.479164123535156,377600.0
2013-01-17,53.81853101688238,54.282060056184115,53.67781966344413,54.017189025878906,640800.0
2013-01-18,54.24893730856818,54.24893730856818,53.24739376935485,53.338443756103516,754700.0
2013-01-22,53.41294802979639,53.55365938164519,52.95770114894618,53.247406005859375,1056600.0
2013-01-23,54.406210304635565,56.078207209618775,52.874921571194605,53.5288200378418,2728900.0
2013-01-24,52.552120842086865,52.6348918573193,50.25104935998538,51.40986251831055,1892000.0
2013-01-25,51.74921592243305,51.980977233721596,50.83871919270753,51.674720764160156,1025300.0
2013-01-28,51.732656822500914,52.43621969228261,51.401566555832595,52.278953552246094,879900.0
2013-01-29,52.13824904870528,52.56038619418832,52.038920061229454,52.30379104614258,663600.0
2013-01-30,52.36174334903455,52.36174334903455,51.591964043913016,51.72439956665039,552400.0
2013-01-31,51.31051693340238,51.34362343225479,50.72283158424586,50.74766540527344,715100.0
2013-02-01,51.293969791786,51.293969791786,50.623513358762494,51.11186981201172,725300.0
2013-02-04,50.68973915734792,51.31053117769463,50.59041016068417,50.98771667480469,609600.0
2013-02-05,51.236029445818545,51.8982068845304,51.236029445818545,51.54228591918945,687200.0
2013-02-06,51.14498768894365,51.84855073879659,51.02910701320426,51.3436393737793,562700.0
2013-02-07,51.37675089781707,51.39330573173714,50.64835399289265,50.971168518066406,509300.0
2013-02-08,51.13671157042036,52.16308919151936,51.13671157042036,51.865108489990234,422700.0
2013-02-11,51.88165599172375,52.09686249157274,51.64989465996154,51.947872161865234,428200.0
2013-02-12,51.6912817637969,52.09686410695678,51.54229142946959,51.89821243286133,376300.0
2013-02-13,53.01563290313156,55.316700627285435,53.01563290313156,54.753849029541016,1949000.0
2013-02-14,54.50555120030612,54.62143190003755,54.03374940424975,54.141357421875,585300.0
2013-02-15,54.10824152000875,54.513823922382386,53.801981811672206,54.14962387084961,378800.0
2013-02-19,54.3399942205307,55.300149228123736,54.3399942205307,54.497257232666016,731100.0
2013-02-20,54.38137515261598,54.57175413923329,53.01563784284212,53.02391052246094,462100.0
2013-02-21,52.77559166617316,53.20600779772269,52.3617303655499,53.08184814453125,694100.0
2013-02-22,53.37155844267242,54.00890209491436,53.2970601214884,53.801971435546875,551300.0
2013-02-25,54.05857406525291,54.05857406525291,52.47762680053711,52.47762680053711,665100.0
2013-02-26,52.70937759317989,53.106687236166024,52.5603872664379,52.858367919921875,515600.0
2013-02-27,52.85837030061427,54.23238665132143,52.80042996621739,53.984073638916016,244900.0
2013-02-28,53.97578861253316,54.39792889598044,53.868186950683594,53.868186950683594,350400.0
2013-03-01,53.3136157897797,53.51226744591839,52.46105936319183,53.21428680419922,718200.0
2013-03-04,53.05702104634563,53.37155969759438,52.41139838434219,52.634883880615234,704200.0
2013-03-05,52.98252600722788,53.603317964410614,52.527276045951616,52.610050201416016,1125300.0
2013-03-06,52.93286378650671,54.00890259365191,52.79214929493154,53.49571228027344,921400.0
2013-03-07,53.586759442672914,53.95095940807052,52.99907715352279,53.148067474365234,545900.0
2013-03-08,53.53710619222581,54.331719251708726,53.2391255055418,54.306888580322266,648700.0
2013-03-11,54.13307219351802,54.19929153289194,53.64471245941509,54.14962387084961,415000.0
2013-03-12,54.19100178239486,54.48070344088412,53.71092113974264,53.719200134277344,439200.0
2013-03-13,53.91028679984429,54.225986616574204,53.54473497318444,53.98506164550781,388600.0
2013-03-14,54.1595250543941,54.50014768937529,53.78566352219039,54.466915130615234,271400.0
2013-03-15,54.27584081499131,54.28414420159544,52.42316510971849,52.51455307006836,1321200.0
2013-03-18,51.80006429512717,52.173922659579176,51.57575244568722,51.87483596801758,1054200.0
2013-03-19,51.97452458342866,52.173913563553995,51.50097179409262,52.01606369018555,597400.0
2013-03-20,52.306856034976185,52.48132223635351,51.53421637832615,51.675453186035156,526500.0
2013-03-21,51.30158850646839,51.89976188863304,50.645259730952326,51.667137145996094,922000.0
2013-03-22,51.83329198835252,51.87483109845202,50.661871335853355,50.81972122192383,678600.0
2013-03-25,50.96095624837107,51.63390121809263,50.46248060584232,51.359737396240234,737000.0
2013-03-26,51.500980273735514,51.88314518959149,51.31820437083431,51.51759338378906,471700.0
2013-03-27,51.11879885181604,51.783437172878486,50.89448389384202,51.30157470703125,658700.0
2013-03-28,51.2102102952156,52.07423797397505,50.95266583830804,51.94131088256836,436100.0
2013-04-01,51.69206357369642,51.95791770812085,50.612027587212,50.927730560302734,746900.0
2013-04-02,51.093887022463484,51.11880985563757,50.62033417676938,50.81141662597656,581200.0
2013-04-03,50.84465090060601,51.24343209101796,49.664920439226734,50.06370162963867,597900.0
2013-04-04,50.15508713902089,50.91942009370138,50.15508713902089,50.720027923583984,387400.0
2013-04-05,49.94737522527417,51.534192935750106,49.90583612516091,51.31818771362305,770100.0
2013-04-08,51.185277719765544,52.040995509849,50.720031403722906,51.667137145996094,632600.0
2013-04-09,51.84992779996979,52.08254943954867,50.902821788276185,51.44283676147461,676200.0
2013-04-10,50.74494969461047,51.74190095438067,50.221548064769586,51.70867156982422,1075800.0
2013-04-11,51.79175186555789,52.56439134137858,51.39297071178445,51.45112609863281,937900.0
2013-04-12,51.42621669249373,51.559143778454164,50.25479575708256,50.57049560546875,731200.0
2013-04-15,50.14679054824475,50.26310135007696,48.94213707212385,49.21630096435547,861200.0
2013-04-16,49.80616771325077,51.2102103148493,49.332614751855864,51.18528747558594,719500.0
2013-04-17,50.52064148571511,50.75326305496093,49.86431272193591,50.047088623046875,950100.0
2013-04-18,48.98367384643429,49.00859985222765,47.36362291605225,47.97841262817383,2157100.0
2013-04-19,47.41346798531265,48.99197967273211,47.05622589994121,48.86735916137695,1526500.0
2013-04-22,48.84244629771422,49.415693794664485,48.1362685379248,49.00860595703125,774800.0
2013-04-23,49.22460809824368,49.56523395156353,48.859059406876334,49.11660385131836,843500.0
2013-04-24,49.30769140555393,49.77293783539099,48.84244814494889,49.01691436767578,1667900.0
2013-04-25,49.41568661270685,49.490458290070784,49.07506078676703,49.24952697753906,1125800.0
2013-04-26,49.34921515230882,49.53198786347118,48.593191968724504,48.90058517456055,610700.0
2013-04-29,49.00027686036348,49.57352413069957,48.80088788339033,49.40736770629883,845100.0
2013-04-30,49.5569290568748,50.886199951171875,49.22460974868463,50.886199951171875,1170600.0
2013-05-01,50.52894691003448,50.87788242532668,49.058439517567514,49.12490463256836,648000.0
2013-05-02,49.36583680912413,49.84769942479488,49.041827269939986,49.74800491333008,465700.0
2013-05-03,50.29632918394519,51.467749986757944,50.29632918394519,50.902809143066406,466100.0
2013-05-06,50.86128007503587,51.25175164028832,50.63696500432558,51.135440826416016,563900.0
2013-05-07,51.14373676878446,51.883143745606056,51.05234881987732,51.65882873535156,686500.0
2013-05-08,51.50929157713867,52.7804069519043,51.43451989808001,52.7804069519043,807400.0
2013-05-09,52.655797366630615,53.08781122389029,52.28193891619128,52.64748764038086,534400.0
2013-05-10,52.80532874164582,53.34534356352541,52.6557853954684,53.29549789428711,600800.0
2013-05-13,53.29550130251802,53.345346974943936,52.86348751584845,53.145957946777344,710200.0
2013-05-14,53.0545657715709,54.0016715031648,53.0545657715709,53.88536071777344,557100.0
2013-05-15,53.744128826570076,54.69953797465917,53.735819102071325,54.69123458862305,635600.0
2013-05-16,54.566619542817854,55.38910487365695,54.54169670528686,55.056785583496094,837000.0
2013-05-17,55.33925531776516,56.203282876205584,55.23125424988366,55.94573211669922,715400.0
2013-05-20,55.83772312881126,55.83772312881126,54.8324620845434,55.09831619262695,887800.0
2013-05-21,55.21463419555022,56.037119459700364,55.21463419555022,55.61341857910156,431400.0
2013-05-22,55.613404376479686,56.460812259727916,54.84906836474193,55.189697265625,444200.0
2013-05-23,54.50846503159548,55.34756982678533,54.00998925745442,55.33926010131836,600700.0
2013-05-24,55.015237419730845,55.330937189139775,54.898926644766405,55.19801330566406,439500.0
2013-05-28,55.92910821651962,56.30296335807388,55.82110716947234,56.28635025024414,781700.0
2013-05-29,55.729731797425615,56.31959550455153,55.59680155096529,56.07035446166992,448800.0
2013-05-30,56.11188838007629,57.34977100792753,56.03711354297812,57.32484817504883,1031500.0
2013-05-31,56.75991606481565,56.951001710197545,55.52203324774766,55.5968017578125,992000.0
2013-06-03,55.580172442808205,55.721406035176464,54.1345912901528,54.61644744873047,933800.0
2013-06-04,54.65800192524233,55.36417638319098,54.292450109543566,54.707847595214844,345700.0
2013-06-05,54.52505491800508,54.75768276274413,53.70256992410346,53.82719039916992,450700.0
2013-06-06,53.83552123522365,54.325687267343206,52.68071346515593,53.47827911376953,1116700.0
2013-06-07,53.50320178326556,53.61120285649685,52.61425134500807,53.287193298339844,673400.0
2013-06-10,53.436733356359376,53.59458643233351,52.36500706159011,52.7554817199707,942800.0
2013-06-11,52.132385459374476,52.67240346887728,51.476056658712636,52.207157135009766,583400.0
2013-06-12,52.63248848437179,52.7909435697084,51.564994896037035,51.606693267822266,593700.0
2013-06-13,51.431552101101595,53.0077771888543,51.30645699283598,52.840980529785156,398800.0
2013-06-14,52.865990963695054,53.11618432397687,52.45734255089037,52.5240592956543,409600.0
2013-06-17,53.03280198627239,53.24129703997193,52.45735678335917,52.79094696044922,524100.0
2013-06-18,52.72421383629478,53.71665202001739,52.72421383629478,53.36637878417969,267100.0
2013-06-19,53.35804686512393,53.44978200453513,52.84098008956081,52.87434005737305,368700.0
2013-06-20,52.0653731590927,52.59911986549589,51.673401529723535,51.91525650024414,851100.0
2013-06-21,52.22384415285207,52.307244089537775,51.26476874133355,51.681758880615234,976900.0
2013-06-24,51.122976432489885,51.498268091293816,50.247298016201654,51.064598083496094,802800.0
2013-06-25,51.6483797844559,52.09872973168138,51.49826313538073,51.881893157958984,600400.0
2013-06-26,52.490715599549276,52.690872258632346,51.85689201165353,52.2572021484375,468100.0
2013-06-27,52.55742751648863,52.790940931923515,52.1654558422529,52.332252502441406,430300.0
2013-06-28,52.18212941457416,53.19958605346136,51.464906090859,51.94861602783203,996300.0
2013-07-01,52.198819065366514,53.03279923692924,52.190480663458914,52.56576919555664,780700.0
2013-07-02,52.60747190960655,53.11619715312002,52.29055854663561,52.57411193847656,540500.0
2013-07-03,52.31558411241495,52.74091584922633,52.16546740311475,52.4156608581543,272600.0
2013-07-05,52.89101517276769,53.29966681197823,52.607464999553336,53.099510192871094,338800.0
2013-07-08,53.124545929110326,53.608252850456225,52.59913744751501,52.84933090209961,530600.0
2013-07-09,53.22461876757776,54.33381401603538,53.14122201596564,53.9501838684082,466900.0
2013-07-10,54.025226975202514,54.709090366176106,53.92515344071454,54.38383865356445,518600.0
2013-07-11,55.31789379827258,55.36793056116757,54.01688069814196,54.25873565673828,599200.0
2013-07-12,54.23372010711466,54.26708007170732,53.53317993895668,54.041908264160156,654200.0
2013-07-15,54.04191001650612,54.43387529696369,53.65827359263215,53.908470153808594,587200.0
2013-07-16,54.10028515954885,54.408853688914895,53.28298195587022,53.95850372314453,645000.0
2013-07-17,54.17533677093419,54.62568670731987,53.95850020243098,54.03356170654297,689400.0
2013-07-18,52.59911991538056,52.76591655663508,50.17223817020228,52.34892654418945,2510200.0
2013-07-19,52.09039926717055,52.55742929522805,51.531634095217306,52.39063262939453,1027800.0
2013-07-22,52.30723429976283,52.47402777915276,51.78182593181582,52.173797607421875,1004700.0
2013-07-23,52.40730063775416,52.63247560796411,52.09872894437656,52.38228225708008,603800.0
2013-07-24,52.52407771478299,52.66585601686954,51.95697086920138,52.24052429199219,798000.0
2013-07-25,52.17378703149111,52.49903870430543,51.873553739237565,52.1070671081543,1172100.0
2013-07-26,51.87357462753034,52.05704812782502,51.27310780122911,51.48994445800781,1034500.0
2013-07-29,51.2313833809585,51.715090048524615,51.08126675069091,51.49825668334961,946200.0
2013-07-30,51.53997332786042,52.45735341404471,51.31479830256197,51.606693267822266,1418200.0
2013-07-31,51.61502643101033,52.532406424086034,51.573328063457225,51.71510314941406,1172000.0
2013-08-01,52.11542760721823,52.44901780085273,51.96531090659894,52.02368927001953,1296900.0
2013-08-02,51.95695283090531,52.27386611844211,51.606682761560315,51.9736328125,1831200.0
2013-08-05,51.98199251205201,52.840991184600696,51.81519581935011,52.757591247558594,1351900.0
2013-08-06,52.54074451968043,52.76591952081627,52.323911100835645,52.657501220703125,1008200.0
2013-08-07,52.38229536361963,52.815965431638084,52.182138724002705,52.64082717895508,1038500.0
2013-08-08,52.84099155495962,53.041145042498925,52.457361386024026,52.682533264160156,696000.0
2013-08-09,52.5323990925798,52.94938907267801,52.31556252135533,52.46567916870117,589000.0
2013-08-12,52.29055334618545,53.07449350148319,52.29055334618545,52.87434005737305,438400.0
2013-08-13,52.79094093193141,52.9660759935076,52.43232922600967,52.76592254638672,415900.0
2013-08-14,52.74924068303211,53.07449240905269,52.24885390167456,52.47402572631836,556700.0
2013-08-15,52.06538612158834,52.26553959563022,51.70677436743267,52.09040451049805,788200.0
2013-08-16,51.91526040268875,52.09039545738312,51.59834707892165,51.95695877075195,494300.0
2013-08-19,51.79017051475384,52.232182195763095,51.67341379269248,52.040367126464844,503600.0
2013-08-20,51.9819707695527,52.57409575866314,51.881890886962594,52.05702590942383,335600.0
2013-08-21,51.94862525980464,52.33225537230905,51.63171190620533,51.731788635253906,311800.0
2013-08-22,51.906934088426844,52.52407771478299,51.72345740856741,52.24052429199219,253900.0
2013-08-23,52.48237264350841,52.60747094225456,52.02368418374238,52.40731430053711,485200.0
2013-08-26,52.43232735810216,53.04947402439928,52.390628989885954,52.47402572631836,586600.0
2013-08-27,51.998672969305616,52.57412144046473,51.70678112261805,52.198829650878906,633700.0
2013-08-28,52.12374506063784,52.432316740610155,52.01532678012505,52.165443420410156,467700.0
2013-08-29,52.040361256960814,52.732563108845184,52.01533968978259,52.34059143066406,407500.0
2013-08-30,52.33225607022811,52.70754778589258,51.76514929575333,52.015342712402344,578100.0
2013-09-03,52.58244572725749,52.77426077235312,51.45657384214528,51.815185546875,1022300.0
2013-09-04,51.7734971641489,52.3739608007236,51.514962132776915,51.92361068725586,793500.0
2013-09-05,52.04869664941123,52.51572663936381,51.781823278404474,51.990318298339844,560300.0
2013-09-06,52.190478483668656,52.44067188841151,51.381516732997746,51.67340850830078,674500.0
2013-09-09,51.86523171896902,52.29890184007271,51.640056664854676,51.873573303222656,488100.0
2013-09-10,52.32391087249512,53.45812109275269,52.28220932398485,53.44977951049805,1054900.0
2013-09-11,53.50839346256342,53.58373713954471,52.52897036857434,53.18191909790039,602600.0
2013-09-12,53.05633579605483,53.257241555535764,52.445242388179494,52.888912200927734,678300.0
2013-09-13,52.83033338831779,53.282376299447584,52.49548607784966,52.82196044921875,432500.0
2013-09-16,53.33257358311079,53.35768919408035,52.7131105304037,53.17352294921875,838700.0
2013-09-17,53.08982489876817,53.3660743458321,52.63778528418885,53.031227111816406,641000.0
2013-09-18,53.05634322609309,53.16516586382673,52.51221726406522,52.94751739501953,1035500.0
2013-09-19,53.098194010163546,53.90182348189081,53.01448380436099,53.22376251220703,653000.0
2013-09-20,53.28237606202354,53.709306540635055,52.713137552768586,52.880558013916016,1176400.0
2013-09-23,52.73823168626022,53.089818364699,52.49546763114421,52.754974365234375,696000.0
2013-09-24,52.12713589001381,52.52058084456591,50.97191664033998,52.294559478759766,965000.0
2013-09-25,52.21085789118848,52.57081757070073,51.934611621644244,52.12714767456055,501800.0
2013-09-26,52.2694502520944,53.0730829376109,52.2694502520944,52.696380615234375,738000.0
2013-09-27,52.55407744737098,52.79684155808737,52.244345798759845,52.54570770263672,352700.0
2013-09-30,51.98483828263913,52.77172839701094,51.91787074567526,52.68801498413086,643200.0
2013-10-01,52.44525594716595,53.77626572952462,52.31968742002178,53.315853118896484,884600.0
2013-10-02,52.98937508556067,53.424675237744076,52.72987149778945,53.38282012939453,799800.0
2013-10-03,53.232127404524725,53.83484785672576,52.97262068084164,53.53348922729492,841600.0
2013-10-04,53.4749050393215,54.19482122925233,53.315851151695476,54.119483947753906,909900.0
2013-10-07,53.73440514233745,54.236672783200014,52.67963862585038,53.69254684448242,559600.0
2013-10-08,53.583715041466355,53.675798171645305,52.98099142090538,53.01447677612305,937200.0
2013-10-09,53.0395973826406,53.25724583847143,52.54569949363323,52.77172088623047,860000.0
2013-10-10,53.05633790876705,53.433040214468484,53.03122229282722,53.37443923950195,559500.0
2013-10-11,53.00612570051885,53.28237520498175,52.73824913498301,53.18191909790039,1220400.0
2013-10-14,53.07307680613391,53.7343982297554,52.98936341453281,53.56697463989258,654400.0
2013-10-15,53.57535838500059,54.04414072713161,53.26562673847256,53.77626419067383,769600.0
2013-10-16,54.05252472600403,54.27854300530185,53.70931083719153,53.92695617675781,1072700.0
2013-10-17,54.119461788062736,56.46337890625,53.59207548679535,56.46337890625,2281400.0
2013-10-18,55.99460565871758,56.42990890947235,55.61790657224178,56.337825775146484,931600.0
2013-10-21,56.45505299413426,56.49690492350564,55.710020952490964,55.910926818847656,850600.0
2013-10-22,56.09508851684933,56.45504829019884,56.00300533854956,56.24576950073242,559500.0
2013-10-23,56.086699369247526,56.455031976007035,55.91927894072773,56.41317367553711,407800.0
2013-10-24,56.33784332536757,56.73128201942984,56.22901428543735,56.58897399902344,417500.0
2013-10-25,56.57223450878534,56.90708179367392,55.81882971445624,56.58897399902344,378000.0
2013-10-28,56.48014562685159,56.73964921269072,55.90253427857211,56.187156677246094,472400.0
2013-10-29,56.17040662933799,56.44665606987884,55.45886026553125,55.952754974365234,564400.0
2013-10-30,56.01972808312142,56.19552144731374,55.232844412929126,55.46723556518555,527300.0
2013-10-31,55.54258836084203,55.802098397648955,55.18262859453201,55.408653259277344,654100.0
2013-11-01,55.35003029498163,56.095061921316564,55.3416573591018,55.89414978027344,412700.0
2013-11-04,55.91089967738388,56.39642780650925,55.91089967738388,56.22063446044922,484900.0
2013-11-05,56.019723234711506,56.30434559973209,55.458857827971286,55.82719039916992,296600.0
2013-11-06,55.99462118745881,56.46340353826582,55.85231317191819,56.1536750793457,208500.0
2013-11-07,56.23737119803998,56.52198715774631,55.61790804886584,55.735103607177734,328400.0
2013-11-08,55.63465994531871,56.37131881713867,55.63465994531871,56.37131881713867,513100.0
2013-11-11,56.254108329716416,56.53873066419247,55.99460480240953,56.379676818847656,317200.0
2013-11-12,56.2792272924852,56.823346769093845,56.01135082871465,56.287593841552734,620900.0
2013-11-13,56.10344329245235,56.580598576801265,55.977881154476684,56.42992401123047,432100.0
2013-11-14,56.56386626164597,56.84848871274567,56.32947505878815,56.54712677001953,328100.0
2013-11-15,56.51361063572548,56.65591859046639,56.35455681179281,56.572208404541016,372000.0
2013-11-18,56.73127459489956,56.77313289503783,56.29597765218908,56.53036880493164,357300.0
2013-11-19,56.48013304364345,56.66429930998796,56.01135082871465,56.287593841552734,381300.0
2013-11-20,56.36294518130936,56.57222389677239,56.13692059206872,56.32108688354492,374700.0
2013-11-21,56.42992870672296,57.20007302156567,56.162045758936635,57.03264617919922,468700.0
2013-11-22,57.00752251326985,57.2502865968414,56.681048218354945,57.16657638549805,305600.0
2013-11-25,57.13309036032127,57.501422949971456,57.02426772550629,57.342369079589844,395500.0
2013-11-26,57.34237383136669,57.46794235066923,56.85684562962633,56.915443420410156,678300.0
2013-11-27,56.948915335420594,57.78603008416805,56.722897163397406,57.76091766357422,522900.0
2013-11-29,57.9199912442193,58.17949486101255,57.49306078862324,57.51817321777344,267000.0
2013-12-02,57.65210664216762,58.45573619621388,57.350744761065265,57.668846130371094,643500.0
2013-12-03,57.451188820140246,57.82789432785389,56.697790578071654,57.14146041870117,503300.0
2013-12-04,56.94892519024683,57.501424085634056,56.34620144498069,56.856842041015625,407200.0
2013-12-05,56.72292197631807,57.52655172025462,56.42993296342684,57.174964904785156,532700.0
2013-12-06,57.70232192961013,58.33015801339958,57.626978278482355,58.19621658325195,349000.0
2013-12-09,58.212963428552165,58.422242126647326,57.98693885806914,58.221336364746094,393400.0
2013-12-10,58.07902510282786,58.598038601070485,58.05391267958182,58.17110824584961,418900.0
2013-12-11,58.29713062148472,58.675135380766484,57.104309052073006,57.25551223754883,462900.0
2013-12-12,57.09590649920163,57.465515706245455,56.65069890461639,56.73469924926758,584600.0
2013-12-13,56.9110984609693,57.10430500994053,56.71789191199806,57.06230163574219,281300.0
2013-12-16,57.34789231517769,58.23831367687927,57.0622899373887,57.17148971557617,320600.0
2013-12-17,57.22190461253309,57.801511419992565,56.969897194462106,57.76791000366211,519800.0
2013-12-18,55.44105127100079,55.7182580654709,53.45021441804866,53.601417541503906,2349100.0
2013-12-19,53.282216568234645,53.50061932416494,52.48420070590778,53.03021240234375,1333600.0
2013-12-20,52.845407202485276,53.69382196491902,52.74460617824915,53.41661834716797,1135800.0
2013-12-23,53.6182355415189,53.6182355415189,52.43380962422866,52.467411041259766,1068500.0
2013-12-24,52.33300019809631,52.887410672708555,52.09779672535383,52.635406494140625,412500.0
2013-12-26,52.929428017407396,53.39143956657167,52.9210292639717,53.231834411621094,363300.0
2013-12-27,53.34942652832433,53.71063374442269,53.23182477506578,53.39142990112305,276600.0
2013-12-30,53.391430793737,53.71903659883637,53.13942337036133,53.13942337036133,476300.0
2013-12-31,53.07221266885642,53.383017700597286,53.021810553814596,53.24861526489258,386900.0
2014-01-02,53.240217625690555,53.42501897588699,52.585002934100046,53.038612365722656,548800.0
2014-01-03,53.12261702692971,53.20661735113939,52.736207204107046,53.13101577758789,402000.0
2014-01-06,53.23182672596108,53.23182672596108,52.40861121857376,53.013423919677734,842700.0
2014-01-07,53.36622038972594,53.727427559481754,52.83701256795936,53.3746223449707,662700.0
2014-01-08,53.45862908720383,54.517051266585334,53.45862908720383,54.491851806640625,1125600.0
2014-01-09,55.06306005807581,55.760268577467976,54.60104862159803,55.29826354980469,1037300.0
2014-01-10,55.3318591020905,55.8694688573184,54.95384803716182,55.852664947509766,929800.0
2014-01-13,55.684673349095064,55.91147489784845,55.00426229402005,55.23106384277344,744800.0
2014-01-14,55.28985488938251,55.96187027752951,55.02105001588646,55.953468322753906,535700.0
2014-01-15,55.97026937941586,56.541480572987105,55.97026937941586,56.06267166137695,444400.0
2014-01-16,56.020662590022944,56.16346375533666,55.57545518709624,55.75185775756836,342000.0
2014-01-17,55.76866485823605,55.76866485823605,55.22265314581939,55.44105911254883,382000.0
2014-01-21,55.60067142262571,55.85267242416485,55.36546792432998,55.56707000732422,420300.0
2014-01-22,55.894667697095315,56.08786779606838,55.44105826946928,55.69306564331055,254500.0
2014-01-23,55.38227060277395,55.64267358467551,54.78585984527393,55.03786087036133,389800.0
2014-01-24,54.844658700503764,54.844658700503764,53.11422416755148,53.181427001953125,758500.0
2014-01-27,53.14781347960044,53.90382596798157,52.63540319942272,53.41661834716797,550000.0
2014-01-28,53.50060666107458,53.576208213388355,52.55978983570787,53.0890007019043,717000.0
2014-01-29,53.61823655690791,55.88627777453084,53.11422490511916,54.811058044433594,1610000.0
2014-01-30,54.827854307967364,55.13866260774537,53.912239730309295,54.2818489074707,723400.0
2014-01-31,53.81143482521203,54.68505242772399,53.76943786120029,53.91223907470703,646600.0
2014-02-03,54.16424773509187,54.2146466565867,52.20700843871871,52.274208068847656,1334800.0
2014-02-04,53.07220940208476,53.07220940208476,51.980189278650606,52.25739288330078,1088200.0
2014-02-05,52.165009521051466,52.59341961679898,51.17379005781766,52.492618560791016,820400.0
2014-02-06,52.54300646647943,52.95461576582874,52.33300244127015,52.820213317871094,409600.0
2014-02-07,53.00501554394867,53.39982414317964,52.77821401290873,53.324222564697266,337500.0
2014-02-10,53.04702234804121,53.853437101131135,53.04702234804121,53.51742935180664,356300.0
2014-02-11,53.425019895461155,54.13903226150718,53.307418160291874,53.845027923583984,377200.0
2014-02-12,53.828232252327055,54.2566358412307,53.828232252327055,54.15583801269531,451500.0
2014-02-13,53.89543902886825,54.65985038950318,53.42502562889371,54.441444396972656,392500.0
2014-02-14,54.491856000386065,55.00426642141347,54.256646068898874,54.819461822509766,245400.0
2014-02-18,54.92866085815066,54.92866085815066,54.02984374691165,54.164249420166016,451500.0
2014-02-19,54.18104424266804,54.72705604780675,54.0634424888,54.105445861816406,749300.0
2014-02-20,54.13903748428222,54.391044888992546,54.06343910815783,54.13064193725586,553600.0
2014-02-21,54.24824107054371,54.46664064136984,53.60982704249497,53.685428619384766,666900.0
2014-02-24,53.6938208596431,53.870223449526804,53.416617247598225,53.62662124633789,513900.0
2014-02-25,53.752632655586204,54.315445119417916,53.416624927530805,53.99623489379883,481100.0
2014-02-26,55.15545983096835,55.15545983096835,54.02983493196175,55.07145309448242,565900.0
2014-02-27,54.92023836310655,55.163843748168695,54.65983547957691,55.0882453918457,274300.0
2014-02-28,55.012651110500144,55.8358696861711,54.89504937237773,55.43265914916992,380700.0
2014-03-03,54.7942488711092,55.65106240831003,54.73544800491712,55.222652435302734,729600.0
2014-03-04,55.583862564162864,56.49108147012562,55.31505767448658,55.47466278076172,1408300.0
2014-03-05,55.525061694821616,55.76026517218661,55.16385452349279,55.47466278076172,365300.0
2014-03-06,55.59225694937563,56.24746837818972,55.58385499523838,55.92826461791992,245700.0
2014-03-07,56.09628012126176,56.272682752036275,55.60067364558312,55.903079986572266,405000.0
2014-03-10,55.693069887698044,56.02907120000818,55.063057813895185,55.415863037109375,467300.0
2014-03-11,54.98745415506216,55.533465911934684,54.979052199438605,55.054656982421875,479500.0
2014-03-12,54.696140678591966,55.008258559861645,54.52743213704087,54.83955001831055,615600.0
2014-03-13,54.86485915195262,55.18540797565242,54.08878951405708,54.15626907348633,606800.0
2014-03-14,54.02130250819268,54.66240657941739,53.5151672070296,53.591087341308594,603200.0
2014-03-17,54.04660424102913,54.41777074530634,53.658569457383926,54.282798767089844,460900.0
2014-03-18,54.443082650566545,54.679277203821506,54.139402100433344,54.628665924072266,437200.0
2014-03-19,54.67083216317655,54.890158404302724,54.05504022669263,54.240623474121094,241200.0
2014-03-20,54.223746979280605,54.358718949640554,53.70074346577133,54.05503845214844,690800.0
2014-03-21,54.3502870906749,55.03356506124445,54.147835550472514,54.544307708740234,1080700.0
2014-03-24,54.68771500539754,55.22759011315909,54.122534257556374,54.341854095458984,643500.0
2014-03-25,54.97450059534041,55.244438049811684,54.51054901449546,54.70456314086914,336100.0
2014-03-26,54.8732922788886,55.27819534751585,54.282799519731356,54.291236877441406,420500.0
2014-03-27,54.400907261677226,54.9239141315184,54.282809974264616,54.73833084106445,495000.0
2014-03-28,54.72988685530657,55.07574775215371,54.56961566226257,54.915470123291016,351400.0
2014-03-31,55.25286900620988,56.2060841240798,55.02511191992798,56.02893829345703,510900.0
2014-04-01,56.17236133146584,56.408562293008615,55.57343765957318,56.054264068603516,475300.0
2014-04-02,56.239859509098885,56.58572045087986,55.76747035527076,56.450748443603516,329400.0
2014-04-03,56.53508699750394,56.939996470834124,56.20610086609343,56.349510192871094,444500.0
2014-04-04,56.71224443521389,56.71224443521389,55.31193908420742,55.767459869384766,546000.0
2014-04-07,55.74215842362855,55.75058934626743,54.755199866099346,54.856422424316406,415500.0
2014-04-08,54.72987599911157,55.421591219778826,54.5696048378589,55.14322280883789,499300.0
2014-04-09,55.337223980440115,56.071119376340164,55.24443238662002,55.73369598388672,754500.0
2014-04-10,55.657796542669196,55.98678268356694,54.873289644570434,54.94076919555664,719500.0
2014-04-11,54.746763323221664,55.42160398605769,54.53587440936936,54.71302032470703,497300.0
2014-04-14,54.98296096866593,55.50596782132283,54.73832904254348,55.32881546020508,572300.0
2014-04-15,55.43846879577283,55.53969133740828,54.451510399920686,55.3541145324707,686200.0
2014-04-16,55.71685159404004,56.03740041457894,55.37099069866869,55.910865783691406,492600.0
2014-04-17,56.47604054914325,56.54352653660555,55.08417906368672,56.24828338623047,437400.0
2014-04-21,56.138644528416,56.72069368997429,55.80122090043096,56.68695068359375,706300.0
2014-04-22,56.85564643673706,57.243681224806885,56.67850054017159,57.142452239990234,448500.0
2014-04-23,57.18461996688557,57.555786393445615,56.36637021877828,56.5772590637207,705200.0
2014-04-24,56.60257744033911,56.67850078823845,56.298896920378255,56.38325119018555,677100.0
2014-04-25,56.18924561261738,56.29047461336953,55.46378719677501,55.54814147949219,363800.0
2014-04-28,55.860258577857095,55.936175500432725,55.14323753164872,55.69154357910156,507900.0
2014-04-29,55.9361763446412,56.5857178369696,55.9361763446412,56.17237091064453,410500.0
2014-04-30,56.18923466887837,56.71224141717185,55.90242244051808,56.551963806152344,481100.0
2014-05-01,56.973743701114046,57.32803549424498,56.73754917236008,57.142452239990234,450600.0
2014-05-02,57.21837928881188,57.89321992378793,56.906261392301076,57.446136474609375,633700.0
2014-05-05,57.19306685717797,58.12941399968299,57.19306685717797,57.84260177612305,548100.0
2014-05-06,57.63171022626579,57.99443934066556,57.42082135593609,57.56422424316406,803500.0
2014-05-07,57.749818708430674,57.943839338621686,57.361783883867474,57.78356170654297,555800.0
2014-05-08,57.64015509372047,58.10410680740897,57.33647456601021,57.47987747192383,628700.0
2014-05-09,57.395512982738396,57.78354771333277,57.09183250908762,57.58952713012695,381400.0
2014-05-12,57.867936512591456,58.69462417006354,57.867936512591456,58.50904083251953,383500.0
2014-05-13,58.509009459051974,58.956092840226844,58.239071958956714,58.26437759399414,401600.0
2014-05-14,58.120979129292685,58.492139197791744,57.952264156503894,58.1884651184082,349900.0
2014-05-15,58.053498624483794,58.31499881223763,56.94000544215877,57.08340835571289,728100.0
2014-05-16,57.13402100632487,57.26898654952564,56.535090894200984,57.12558364868164,673100.0
2014-05-19,57.0074817900944,57.901648553660685,56.914690170952504,57.26898193359375,607600.0
2014-05-20,57.29429701474045,57.42926900513329,56.72911628556257,56.91469955444336,561600.0
2014-05-21,57.142458674916014,57.63172250289946,56.95687539976237,57.420833587646484,507100.0
2014-05-22,57.36178494880841,57.75825713921503,57.17620167365477,57.420833587646484,396000.0
2014-05-23,57.4376890829781,58.10409867912721,57.30272355388655,57.918521881103516,434100.0
2014-05-27,58.15473573152382,58.45841631778397,57.80043742367388,57.85105514526367,226600.0
2014-05-28,57.71607740046021,57.8847923959623,57.26899392506292,57.73295211791992,375600.0
2014-05-29,57.893210909325944,58.53431488317373,57.53048179152205,58.48370361328125,407400.0
2014-05-30,58.357182300579915,58.61025157934444,58.08724473994666,58.36561965942383,323900.0
2014-06-02,58.44996328411024,58.89704668404109,58.08723414978217,58.762081146240234,379200.0
2014-06-03,58.52587514578387,59.31038197629657,58.33186099520891,59.06575012207031,503500.0
2014-06-04,58.90547972942697,59.81652117721115,58.75363948812961,59.76590347290039,697200.0
2014-06-05,60.00210530144057,60.61790369852304,59.681556502139905,60.288917541503906,658900.0
2014-06-06,60.381704441726164,61.00593371183852,60.28047546448454,60.88783645629883,540000.0
2014-06-09,60.78662146304911,61.318065671054484,60.75287846287264,60.930030822753906,474600.0
2014-06-10,60.84566173410043,61.09029362486236,60.46606429701854,60.92158508300781,379300.0
2014-06-11,60.722571332386295,61.28144903373535,60.37539501582833,60.629425048828125,381900.0
2014-06-12,60.56167912703502,60.8326483628896,59.90119201841551,59.9774055480957,356600.0
2014-06-13,59.96048958535621,60.290733267711374,59.90121524391858,60.12137985229492,598800.0
2014-06-16,60.17219345008249,60.28227900069904,59.59638270824544,59.647193908691406,495000.0
2014-06-17,59.61331010526466,60.71412017016614,59.49476142843555,60.409278869628906,723300.0
2014-06-18,60.4770118335699,60.671774030372674,59.76571990176954,60.189109802246094,402300.0
2014-06-19,60.18065804483455,60.59557846144968,60.18065804483455,60.39235305786133,276400.0
2014-06-20,60.65483758336689,60.824197427533385,60.18911254784837,60.56169128417969,422300.0
2014-06-23,60.51935439454408,60.62096383764818,60.129836455004686,60.282257080078125,356200.0
2014-06-24,60.23993067262744,60.86654608440456,59.672589604391135,59.740333557128906,472700.0
2014-06-25,59.79959633741491,60.45161399028543,59.74032200533578,60.30766296386719,377200.0
2014-06-26,60.36694524674101,60.51936590079344,59.774195387462214,60.1806526184082,310500.0
2014-06-27,59.94356730383757,60.84115219116211,59.70646989665145,60.84115219116211,775800.0
2014-06-30,60.908865753044715,60.908865753044715,60.07055563592658,60.54475021362305,520500.0
2014-07-01,60.81574944540467,61.45930416124095,60.756475093973684,61.069786071777344,453500.0
2014-07-02,60.90040871851832,61.17137802748322,60.65484177282858,60.908878326416016,462400.0
2014-07-03,61.018948996196364,61.43387574069038,60.98507702968153,61.357662200927734,331400.0
2014-07-07,60.95123168638574,61.31534737134925,60.89195734048094,61.154457092285156,376500.0
2014-07-08,61.095181467631676,61.34921160458419,60.89195606598585,61.18832778930664,339200.0
2014-07-09,61.476203634634125,61.63709384158271,60.8157165161955,61.03588104248047,346400.0
2014-07-10,60.206035200078745,60.90886389950265,60.01974263296239,60.629425048828125,340300.0
2014-07-11,60.61252784965958,61.01051557458979,60.451637545431566,60.96817398071289,311900.0
2014-07-14,61.32378517042484,61.637095989501795,61.09515749085055,61.49314498901367,478000.0
2014-07-15,64.38069139354585,64.59238642322892,57.85201745337055,59.300010681152344,14564100.0
2014-07-16,59.57096448466379,60.180647044403976,58.19918518566628,58.48708724975586,2726300.0
2014-07-17,58.09757563362322,59.44395271678925,57.67418563860216,58.791934967041016,2059000.0
2014-07-18,58.969740805382095,59.70644150778817,58.85119215815584,59.44393539428711,1422300.0
2014-07-21,59.05443533366527,59.57944125890555,58.529435868843684,58.537899017333984,802100.0
2014-07-22,58.656439883876004,59.037494708977675,57.99595260620117,57.99595260620117,980900.0
2014-07-23,58.11451462558357,58.50403268754167,57.54717352188933,57.91128921508789,1500100.0
2014-07-24,58.089093779727634,58.089093779727634,56.895137604869774,57.19150924682617,1654700.0
2014-07-25,57.22538701166003,58.57176394740468,57.22538701166003,58.48708724975586,1928200.0
2014-07-28,58.37700213013646,58.53788590084636,57.699575698417455,58.32619094848633,1056500.0
2014-07-29,59.27461418520562,59.29154694667363,56.92056625551755,56.94596862792969,1585100.0
2014-07-30,57.2253864369337,57.65723952873088,56.37860654811403,56.488685607910156,1572400.0
2014-07-31,56.488681698342894,56.488681698342894,50.688241153458726,51.94147491455078,5793300.0
2014-08-01,51.628178395406316,52.898348414146824,51.4418857589907,52.288665771484375,3081300.0
2014-08-04,52.32253205367419,52.585031761648885,51.69591349132324,52.474952697753906,1451700.0
2014-08-05,52.07696279087377,52.99995299231062,51.848331834898524,52.0430908203125,2230100.0
2014-08-06,51.949945110422775,52.2886583594909,51.5688967429823,51.89067077636719,1040800.0
2014-08-07,52.30560324955462,52.43261831692171,51.11164352713081,51.31486892700195,1356200.0
2014-08-08,51.36566553423215,51.670506796842645,50.916873247727125,51.5858268737793,1765200.0
2014-08-11,52.24631764945512,52.31405835808161,51.509620080769835,51.5604248046875,992100.0
2014-08-12,51.348736409303406,51.6197057388874,51.03542872763615,51.24712371826172,1243200.0
2014-08-13,51.45882296784936,52.23785904732752,51.230191971426116,51.98382568359375,1019600.0
2014-08-14,51.899139918081914,52.0092189773628,51.14550633739339,51.3741340637207,1122200.0
2014-08-15,51.36567251774682,51.83140085218348,51.06930082225329,51.7890625,1478900.0
2014-08-18,51.9838133631833,52.644300598394395,51.9838133631833,52.21244430541992,741100.0
2014-08-19,52.27172409557794,52.474952697753906,52.05156273757893,52.474952697753906,772900.0
2014-08-20,52.23785339361519,52.525758702742614,51.97535367925812,52.44108200073242,1183100.0
2014-08-21,52.500364959096736,52.906819009864584,52.24633158114304,52.432621002197266,683000.0
2014-08-22,52.29712070474797,52.63583392769958,51.95841071200505,52.33946228027344,591100.0
2014-08-25,52.63584203931296,52.77979631182497,52.305598372656675,52.754390716552734,481000.0
2014-08-26,52.94067823497317,52.95761422011818,52.57656262987764,52.78825759887695,817900.0
2014-08-27,52.593502409448995,53.008422769705646,52.593502409448995,52.83906936645508,859900.0
2014-08-28,52.576559435772296,53.92293948602166,52.17010550761137,53.52495193481445,1413500.0
2014-08-29,53.68584763766613,54.075365621390226,53.5164910094616,53.8382682800293,666200.0
2014-09-02,53.89753957691634,54.29552714622922,53.83826524491767,54.12616729736328,871200.0
2014-09-03,54.31248092867975,54.61732231424402,53.77054212332551,53.82135009765625,493600.0
2014-09-04,53.79592797478198,54.19391557595984,53.643507328807864,53.80439758300781,636000.0
2014-09-05,53.67738629226447,53.99069400303481,53.41488654683913,53.956825256347656,427000.0
2014-09-08,53.94836870181756,54.566521124033116,53.914496716724315,54.066917419433594,832400.0
2014-09-09,53.956802909761485,54.083817925205544,53.49954110166326,53.70276641845703,615700.0
2014-09-10,53.60116553703681,55.015289610517016,53.5503608117799,54.78665542602539,1633900.0
2014-09-11,54.44225338789948,55.19060470506337,54.374223514337594,54.72288513183594,1368100.0
2014-09-12,54.739892472518015,54.816424857928155,53.74492929022068,54.24666213989258,992600.0
2014-09-15,54.476269964858226,54.82493482647052,53.9490262795867,54.6718635559082,669100.0
2014-09-16,54.63786073338226,55.47974968913301,54.44226709315895,55.25865173339844,1178700.0
2014-09-17,55.2756195035231,55.65829427411975,54.96947709184881,55.2245979309082,1016700.0
2014-09-18,55.43721469731625,55.48823628670898,55.131072184970705,55.309654235839844,705000.0
2014-09-19,55.318164111914434,55.38619074016712,54.323200872775026,54.467769622802734,1136300.0
2014-09-22,54.43375092907015,54.79091504336557,53.77044104766845,53.79595184326172,1349000.0
2014-09-23,53.73643015028024,54.04257270563137,53.43879335702095,53.62588119506836,834100.0
2014-09-24,53.75343412967168,54.01705758546445,53.285717815972724,53.719417572021484,824800.0
2014-09-25,53.40476821974803,53.40476821974803,51.49988656082045,51.55941390991211,1480500.0
2014-09-26,51.550914044422726,51.92508970321409,51.28729382372619,51.77201843261719,919400.0
2014-09-29,51.11721219197534,51.47437631282416,50.89610781278538,51.04917907714844,1047400.0
2014-09-30,51.00666214317921,51.19374997280798,49.63752646779984,50.08823776245117,1877700.0
2014-10-01,49.943660455952696,49.97767700896813,48.710587983118096,49.144290924072266,2150800.0
2014-10-02,49.13578840696212,50.13075156235399,48.65956960930204,50.071224212646484,1686600.0
2014-10-03,50.10523280131282,50.40287276579401,49.5269676363716,50.15625762939453,1592900.0
2014-10-06,51.142725001785806,51.78902664209967,50.377371893832134,50.60697555541992,1072100.0
2014-10-07,50.34335123201227,50.802565005756335,49.67153884938639,49.71405792236328,1204200.0
2014-10-08,49.54398659726014,49.952178848679544,48.68508950239356,49.9096565246582,1095700.0
2014-10-09,49.74808118353457,49.90115246208065,47.83469344570632,47.87721252441406,1300200.0
2014-10-10,47.902730099983685,47.9877682636713,46.4740668908453,46.79721450805664,1671800.0
2014-10-13,46.805704838851,47.40098152039393,45.13893272572837,45.20696258544922,1113300.0
2014-10-14,45.69169215152907,46.22744154860151,44.93484163090141,45.50460433959961,1590600.0
2014-10-15,44.688226231380426,45.97232362535613,43.6677522760878,45.683189392089844,2058200.0
2014-10-16,44.773282613298285,46.13391284666035,44.59469725942084,45.8277702331543,1971100.0
2014-10-17,46.38050415927263,47.32444231587338,46.13388904297219,46.42302322387695,1935200.0
2014-10-20,46.36349613481725,47.1033382437142,45.79373028525536,47.07782745361328,1406500.0
2014-10-21,47.46902790432387,48.268397687290964,47.30745409274486,48.07280731201172,1795400.0
2014-10-22,48.44698577687385,48.58304879540613,46.907770243978874,46.97580337524414,1849800.0
2014-10-23,48.67658580648245,49.62052103856182,47.596584331222864,48.30241012573242,2413700.0
2014-10-24,48.25137084830547,48.71058127478401,47.69861329191911,48.64255142211914,847100.0
2014-10-27,48.157848721262305,48.44698302471816,47.22241268349428,48.07280731201172,1046000.0
2014-10-28,48.523505959497264,49.39941115933277,48.038781407743905,49.31437301635742,1824900.0
2014-10-29,49.373897705429115,49.39940849814799,48.30239899527779,48.63405227661133,1701100.0
2014-10-30,48.47247438099801,49.04223699642813,48.200348468554246,48.770111083984375,1264300.0
2014-10-31,49.49296296373397,49.76508895749214,49.07626821104304,49.646034240722656,1302000.0
2014-11-03,49.7140614622573,50.19028354790103,49.54398191424186,49.943668365478516,1306200.0
2014-11-04,50.19878706502165,50.36036409865242,49.79059808805558,50.003196716308594,1421500.0
2014-11-05,50.45390608595251,51.67847297005207,50.18177686771067,51.66146469116211,1551700.0
2014-11-06,51.559406955071765,51.8570436603819,50.93861950971293,51.75499725341797,1168000.0
2014-11-07,51.75501556022007,52.20572365739912,51.49989783057151,52.02714157104492,1043600.0
2014-11-10,51.96759873476688,52.37578762945957,51.78901670158826,52.25673294067383,1113500.0
2014-11-11,52.16320322229633,52.937062153739674,51.95060457910862,52.758480072021484,1344500.0
2014-11-12,52.65642769670068,52.89454037082114,52.24823871191979,52.35028839111328,1412700.0
2014-11-13,52.45231507116657,53.08160496919488,52.129164363424316,52.62239456176758,1624300.0
2014-11-14,52.40981302119999,52.81800198473844,51.97611001719209,52.50335693359375,3264700.0
2014-11-17,52.39280599362574,52.664931975817794,52.239734723143016,52.384300231933594,1322900.0
2014-11-18,52.350281749372286,52.70744584924261,52.27374612168617,52.46083068847656,1207900.0
2014-11-19,52.50335482333503,52.53736813593134,52.01012448471861,52.34177780151367,1336400.0
2014-11-20,51.91658057608464,52.57989045367215,51.70398196337013,52.34177780151367,1183700.0
2014-11-21,53.124131456888016,53.183658796685016,52.31625624593294,52.537357330322266,1298600.0
2014-11-24,52.82650019205289,52.8690192640361,52.375792189835856,52.596893310546875,770300.0
2014-11-25,52.74145972748069,52.78397879759307,52.044136596846876,52.146183013916016,1221600.0
2014-11-26,52.22271224007835,52.4778298734961,51.78050682828913,52.44381332397461,678000.0
2014-11-28,52.163193332414,52.163193332414,49.90964684428636,50.2072868347168,757200.0
2014-12-01,50.1732788630659,50.496429703045706,49.390917427743815,49.61201858520508,1527500.0
2014-12-02,49.722562631217954,50.13925407917053,49.203821517483426,50.071224212646484,1026600.0
2014-12-03,50.30934425799423,52.38430590804071,50.03721824631594,52.214229583740234,1702600.0
2014-12-04,52.018621524182805,52.55437088012695,51.4828754122357,52.55437088012695,1273500.0
2014-12-05,52.426819854199,53.89800188345813,52.426819854199,53.047607421875,1572100.0
2014-12-08,52.84350757838472,53.18366663650773,52.443821171689756,52.57988739013672,1164700.0
2014-12-09,52.001623507703876,53.064616602759166,51.93359039250154,53.01359176635742,942600.0
2014-12-10,52.76698155583167,52.76698155583167,49.75658404875657,50.17327880859375,1922700.0
2014-12-11,50.36551572859351,51.25406843072807,49.28045674296191,49.442787170410156,1480800.0
2014-12-12,48.89598441624757,49.12666654591366,47.39228266558097,47.50334930419922,1332300.0
2014-12-15,47.973257701008706,48.2210244912599,46.53790444387966,46.78567123413086,1429500.0
2014-12-16,46.52081161884573,48.05868901550417,46.38411147823583,46.965087890625,1156200.0
2014-12-17,47.02490360846253,48.904533370361506,46.948009559956105,48.870357513427734,1601700.0
2014-12-18,49.562392094638234,50.27152633666992,49.12666140146817,50.27152633666992,1300200.0
2014-12-19,50.37404986935794,50.80978381513268,49.75035526426583,50.143367767333984,1902100.0
2014-12-22,50.254438958421815,51.262603759765625,50.01521451714992,51.262603759765625,1929500.0
2014-12-23,51.63852791905885,52.450186457027414,51.38221555422366,51.963191986083984,999600.0
2014-12-24,51.92046898327051,52.13406314400841,51.672698974609375,51.672698974609375,429800.0
2014-12-26,52.02299499511719,52.296395269204055,51.80940082728754,52.02299499511719,768500.0
2014-12-29,51.90338919020936,52.54417177280454,51.82649514993039,52.06571960449219,569000.0
2014-12-30,51.99736973554529,52.37329433374892,51.91193010468856,51.94610595703125,571700.0
2014-12-31,52.04863147408993,52.091352920113366,51.339500446905575,51.37367630004883,517100.0
2015-01-02,51.57871488679488,51.809396961942994,50.9977385329081,51.5274543762207,740900.0
2015-01-05,51.17716951350306,51.33095759189707,49.78453447435228,49.81871032714844,1544700.0
2015-01-06,49.92978173391173,49.981045518007484,48.810550150927924,48.844722747802734,1625500.0
2015-01-07,49.53676894612682,49.53676894612682,48.48588582076189,48.648216247558594,953900.0
2015-01-08,49.152287202550376,50.33132788183222,49.00704473772844,50.17753982543945,1533700.0
2015-01-09,50.203187471870876,51.014846215278155,49.07541017379379,50.42532730102539,5402600.0
2015-01-12,50.3911306218938,51.70687134577431,49.946854406329415,51.006282806396484,8195200.0
2015-01-13,51.43347067587976,53.1678540872387,51.21987653126165,52.108428955078125,2911700.0
2015-01-14,51.16862705467615,51.45911530285786,50.049395510155456,50.852508544921875,1580300.0
2015-01-15,51.057553786456715,51.236975383190874,49.43423989660599,49.6222038269043,1632700.0
2015-01-16,49.5282128729734,50.04938312389528,48.964324443606195,49.99811935424805,1460000.0
2015-01-20,50.40821762359801,50.40821762359801,49.18645886791814,49.382965087890625,1505000.0
2015-01-21,49.263368810277804,50.092115393843095,49.00705640831413,50.07502746582031,1685100.0
2015-01-22,50.34842299966215,51.0404693523105,49.92123461735325,50.878135681152344,1380000.0
2015-01-23,50.5363861263615,50.7841529071732,48.05869224473524,48.562774658203125,3089100.0
2015-01-26,48.89597820092826,49.13520263423762,48.41752607512107,48.81908416748047,2054300.0
2015-01-27,48.00742485678734,48.579858931707044,47.91344615895995,48.16121292114258,1614500.0
2015-01-28,48.63112620053014,49.3488028474569,46.73441190872922,47.30684280395508,3878300.0
2015-01-29,45.97401184471772,47.99033813849033,40.104441512363564,40.813575744628906,10098600.0
2015-01-30,40.18133670567204,41.71921743225536,39.96774252244531,41.23221969604492,6710200.0
2015-02-02,41.38601449306192,41.659414831278866,40.420570974628575,40.94173812866211,3066300.0
2015-02-03,41.60815236925108,42.32582903848162,40.86484543800162,42.18912887573242,3064900.0
2015-02-04,41.770473455265616,42.24892554751329,41.38600331499412,41.736297607421875,1878900.0
2015-02-05,41.89009287835675,42.676121218201075,41.76193831565272,42.505245208740234,2318000.0
2015-02-06,42.52232876483181,43.692823931664485,42.51378317268331,43.641563415527344,2703800.0
2015-02-09,43.49632005633167,44.55574865657988,43.42797161135459,44.547203063964844,2196100.0
2015-02-10,44.7693473693384,44.7693473693384,44.085843295335884,44.572837829589844,1429700.0
2015-02-11,44.222539980671655,45.922751179306694,43.983315529096586,45.43575668334961,1821500.0
2015-02-12,45.23069312564276,46.238857709626025,45.068362755376526,46.10215759277344,1660100.0
2015-02-13,46.230326189281534,46.73440859915395,45.563913371181556,46.64042663574219,2322400.0
2015-02-17,46.48664190078639,47.1786882872029,46.033823236384215,46.81130599975586,1030600.0
2015-02-18,46.4695471114845,46.888193118797254,46.32430464027069,46.8711051940918,1070400.0
2015-02-19,46.42683672942655,46.78567343096368,46.08508469627686,46.50373077392578,1293000.0
2015-02-20,46.58915307701534,47.392269134521484,45.94837065284577,47.392269134521484,1080100.0
2015-02-23,47.01635153738026,47.58878565499708,46.98217894434341,47.469173431396484,904300.0
2015-02-24,47.35809084700391,47.96469739505774,47.27265449852988,47.91343688964844,975200.0
2015-02-25,47.67421144017673,48.28081801613166,47.67421144017673,48.12703323364258,770900.0
2015-02-26,48.13557812917189,48.46024215213763,47.75110800450037,48.101402282714844,738200.0
2015-02-27,48.07576473519374,48.6909168413601,47.93051903937663,48.33207702636719,751100.0
2015-03-02,48.332089209394866,48.76782314749365,47.69985228241212,48.42607116699219,1315800.0
2015-03-03,48.17830307383147,48.571315585718054,48.10140903809813,48.47733688354492,886700.0
2015-03-04,48.40044470369165,48.40044470369165,47.212858270897726,47.33247375488281,1602200.0
2015-03-05,47.366657764593924,47.452097416604545,46.734420635662694,47.229957580566406,943700.0
2015-03-06,46.64896854024966,47.14450861215976,46.580620096062276,46.84547805786133,1369700.0
2015-03-09,46.9992559416985,47.05051971167128,46.77711945685939,46.905277252197266,1003300.0
2015-03-10,46.31577182421069,46.61480570026006,46.17907164804761,46.426841735839844,969400.0
2015-03-11,46.401210135922796,46.47810418650092,45.58100584335974,45.74333953857422,1686600.0
2015-03-12,45.95809642274552,46.714043599204565,45.74333896282615,46.086952209472656,952800.0
2015-03-13,45.88936172640972,46.09553028155038,45.30522458687687,45.477027893066406,794100.0
2015-03-16,45.57153281169723,45.70038859975952,45.15919887761225,45.34818649291992,1185700.0
2015-03-17,45.11623538526267,45.30522294755848,44.48055203377362,45.0904655456543,1474600.0
2015-03-18,44.99597979127926,45.623071123472904,44.240032684181536,45.313819885253906,2347500.0
2015-03-19,45.099062715485736,45.27086932407529,44.222851960923684,44.38606643676758,1211200.0
2015-03-20,44.45478917537123,45.124831325915956,44.44620031979894,44.88430404663086,1732800.0
2015-03-23,44.88429430121264,45.279447110509466,44.575043136741144,44.59222412109375,928600.0
2015-03-24,44.60081646248895,44.97019946261067,44.30874953646875,44.66954040527344,949400.0
2015-03-25,44.66952990080147,44.92723807176481,43.93076407428596,43.965126037597656,554200.0
2015-03-26,43.853467188659124,44.08540560966632,43.67307173129966,43.810516357421875,788000.0
2015-03-27,45.51997109447368,45.554329781319844,44.12834105368151,44.28296661376953,1493300.0
2015-03-30,44.635191525060755,45.142019282462414,44.36030222717567,45.038936614990234,930400.0
2015-03-31,44.910066964024395,45.45984539013691,44.566457086173024,45.3911247253418,1126100.0
2015-04-01,45.14200633108862,45.279450940597904,44.86711711207007,45.15918731689453,1047000.0
2015-04-02,45.11623815973126,45.92372486085055,44.90148074462036,45.434078216552734,931100.0
2015-04-06,45.356769364143574,47.435623027380046,45.356769364143574,47.24663543701172,1530900.0
2015-04-07,47.24663022416749,47.658964058345845,46.92019804325787,47.461387634277344,1199400.0
2015-04-08,47.61602229756092,48.165800847807105,47.47857765999937,48.002586364746094,1365400.0
2015-04-09,48.1915650921422,50.70852238746211,48.17438738176483,50.691341400146484,2317900.0
2015-04-10,51.10367810746328,51.438699164924685,50.31336908235333,50.467994689941406,1231600.0
2015-04-13,50.347722889367404,50.6312009393347,50.07283369312252,50.150146484375,766600.0
2015-04-14,50.278992111965046,50.65696716308594,49.88383935573617,50.65696716308594,830300.0
2015-04-15,50.76865978454239,51.26689864064188,50.21888123776961,50.949058532714844,1122100.0
2015-04-16,50.8889303659403,50.906108079440074,50.28760880834353,50.459415435791016,1291700.0
2015-04-17,50.184507005229115,50.7428775487294,49.943979768983,50.7256965637207,890400.0
2015-04-20,50.90609815545461,51.08649688142267,50.5023564281409,50.84596633911133,594300.0
2015-04-21,50.94905249987521,51.03495415878492,49.969755892838016,50.467994689941406,974800.0
2015-04-22,50.49376950788343,50.93187653153345,50.26183107364611,50.6312141418457,815300.0
2015-04-23,50.382092773042885,50.74288367094208,50.296187837634825,50.639801025390625,755500.0
2015-04-24,50.7428825168532,51.249710154949774,50.44222344210869,50.6827507019043,709600.0
2015-04-27,50.7514701994247,51.017767277441976,50.16732981089837,50.27041244506836,805500.0
2015-04-28,50.2102909054002,51.112271511988766,49.78077601874483,51.06932067871094,756600.0
2015-04-29,50.48517857473445,51.799493037730585,50.45940873097011,51.75654220581055,852700.0
2015-04-30,51.75653084789729,52.21181546482719,51.08648884155702,51.28406524658203,1485500.0
2015-05-01,51.66205716030101,52.2032469095916,51.3785790000605,51.91976547241211,735100.0
2015-05-04,52.13450207938771,52.30630864434547,51.53318401744205,51.64485549926758,885900.0
2015-05-05,51.65345333555209,52.143099969759355,51.18957654200688,51.541778564453125,1174000.0
2015-05-06,51.99706322648563,52.16886981042141,51.335610008342584,51.541778564453125,1487400.0
2015-05-07,53.50035147724026,55.44175981053389,52.77876663001437,53.97282028198242,3725400.0
2015-05-08,54.737367265900225,55.82833197629323,54.221947538746164,54.256309509277344,1781800.0
2015-05-11,54.256320611804746,54.634292534178876,53.869756556570664,54.33363342285156,1268200.0
2015-05-12,54.17899992200695,54.29926354904905,53.26842731064266,53.84397888183594,1059900.0
2015-05-13,53.88692354204669,54.08449994628132,53.6378041848622,53.72370910644531,860700.0
2015-05-14,53.95565302320122,54.8576334924065,53.78384643931974,54.660057067871094,1085300.0
2015-05-15,54.40234792648122,55.66512252854713,54.050142633061064,55.304325103759766,1142500.0
2015-05-18,55.18406906449622,55.18406906449622,54.213367810620916,54.342220306396484,1318800.0
2015-05-19,54.31643725511556,54.41951988205826,53.405864765798384,53.86115264892578,1140500.0
2015-05-20,53.93846649499656,54.01577928595252,53.55190254021677,53.72370910644531,909500.0
2015-05-21,53.45741333383805,53.955652090790466,53.302787738710606,53.869747161865234,669900.0
2015-05-22,53.50037254262527,53.68936013893464,52.96777500758982,53.148170471191406,1022300.0
2015-05-26,52.78737317161645,52.95917975870864,52.2204137280689,52.53825378417969,825400.0
2015-05-27,52.5382603246581,52.890462397420514,52.36645371617774,52.67570495605469,642900.0
2015-05-28,52.66709769204169,52.8818550583455,51.77370626175292,52.0485954284668,867500.0
2015-05-29,52.05720363428976,52.108746601061966,51.45588540664019,51.6706428527832,1374100.0
2015-06-01,51.86821368498103,52.160283911138535,51.3613860359706,51.412925720214844,1272000.0
2015-06-02,51.40433390136747,52.280544529320885,51.34420208859069,52.10873794555664,840600.0
2015-06-03,52.323507135687855,53.21689895084198,52.28914515581145,52.787384033203125,617800.0
2015-06-04,52.44375627536693,53.00212682455305,52.289130685651934,52.63274383544922,1100600.0
2015-06-05,52.43517270150743,52.710061938251684,52.014246714465074,52.51248550415039,688800.0
2015-06-08,52.546840048114404,52.83891024868931,52.08296654585608,52.13450622558594,647300.0
2015-06-09,52.16886852444967,52.503889552550206,51.9455222646953,52.057193756103516,499100.0
2015-06-10,52.46093901586998,52.75300921988885,52.14309897168231,52.54684066772461,758700.0
2015-06-11,52.65851866978459,52.9849508653626,52.564024880780046,52.795963287353516,600400.0
2015-06-12,52.70102168510902,52.70102168510902,51.42363082013819,51.596248626708984,857600.0
2015-06-15,51.380466319944645,51.380466319944645,49.654262141428404,49.99087142944336,1206000.0
2015-06-16,49.990880069319836,50.413801614837645,49.7492124961518,50.042667388916016,997100.0
2015-06-17,50.42242699226268,50.84534850258398,49.9218294477221,50.44832229614258,805000.0
2015-06-18,50.52600692492289,51.52720541154109,50.25844403990963,51.47541809082031,1274000.0
2015-06-19,51.440895415507306,51.46679072321468,50.53463866512421,50.57779312133789,918400.0
2015-06-22,50.78494151135237,51.00071709505246,50.413807243990284,50.93166732788086,649200.0
2015-06-23,51.02661172134436,51.104291067148395,50.40518024738637,50.88851547241211,489000.0
2015-06-24,51.05250435471703,51.17333815463768,49.731955545289864,49.74921798706055,881200.0
2015-06-25,49.93046409113038,50.46558985934392,49.77510542196823,50.29296875,805900.0
2015-06-26,50.534625272023675,51.095642931537874,50.310220183701844,51.00933074951172,1577700.0
2015-06-29,50.63821400684206,50.923039366738564,48.4286740669264,48.54087829589844,1295800.0
2015-06-30,48.95516573746016,49.05873709628081,47.39294931807565,47.70366668701172,1213900.0
2015-07-01,47.86764547290897,48.18699564582215,46.452158443421126,47.00454330444336,1871900.0
2015-07-02,47.07359891006021,47.582829384456666,46.86645291518967,47.496517181396484,1462100.0
2015-07-06,46.83192898220279,47.39294678979464,46.60752383465042,46.823299407958984,1247700.0
2015-07-07,46.79740739275363,46.98728765838287,45.71852952621079,46.823299407958984,1092100.0
2015-07-08,46.49533290545097,46.80605034663054,45.709909725791455,45.80485153198242,986600.0
2015-07-09,46.51258033083296,46.74561833646164,46.10692121446372,46.124183654785156,918500.0
2015-07-10,46.76287972405057,46.96139284456741,46.45216239020724,46.607521057128906,528500.0
2015-07-13,46.89233139326491,48.031625724989475,46.77149435234758,47.798587799072266,878900.0
2015-07-14,47.69502720325153,47.82449385317243,47.31526341194318,47.75544738769531,692200.0
2015-07-15,47.66049708934987,47.72091397051021,46.64203638911401,46.84054946899414,571700.0
2015-07-16,46.88371519858985,47.194432543616806,46.27954294909007,46.97002410888672,977500.0
2015-07-17,46.80602591645641,46.80602591645641,45.71851873242182,45.7530403137207,668000.0
2015-07-20,45.64947835229209,45.847991478507204,45.243819233410775,45.52864456176758,809900.0
2015-07-21,45.55454290993359,46.0637734497129,44.85543208398991,44.95900344848633,557400.0
2015-07-22,44.87270198366132,45.06258230137957,44.441150718658704,44.63103103637695,592900.0
2015-07-23,44.74321274606737,44.95035869759988,44.2685072522105,44.29439926147461,694000.0
2015-07-24,44.19947218806454,44.28578440174138,42.63725898396811,42.99113082885742,800700.0
2015-07-27,42.64588855909865,43.25006088493936,42.317908732075246,42.99113082885742,842700.0
2015-07-28,43.06881088501395,43.99233018549949,42.80124795691582,43.828338623046875,893700.0
2015-07-29,43.949169508895515,44.88995118983483,43.62982256544981,44.80364227294922,1146400.0
2015-07-30,44.829532590137994,46.2104982552775,44.44976876077349,46.089664459228516,1830700.0
2015-07-31,46.46079681947642,47.306636649798605,46.037875258078394,46.78014373779297,2140100.0
2015-08-03,46.6938273132687,46.87508127603575,45.744416218182636,45.99471664428711,889900.0
2015-08-04,46.09828633164572,46.78876740261509,46.00334456704866,46.288169860839844,985200.0
2015-08-05,46.81466554653432,46.82329511998785,45.338758257983756,45.96882247924805,1484800.0
2015-08-06,46.331333237391746,46.331333237391746,42.76671970032399,44.68280792236328,3863700.0
2015-08-07,44.82090797147595,45.77031929609771,44.06137693629391,44.22536849975586,955900.0
2015-08-10,44.22536431661701,45.51138492937356,44.156314550643316,45.47686004638672,849100.0
2015-08-11,44.86405088529164,44.98488466359888,44.372082906484415,44.88131332397461,785400.0
2015-08-12,44.40660568158248,44.7345854160848,43.40540733268312,44.12178039550781,979600.0
2015-08-13,44.05274206715652,44.30304252369666,43.258686241143614,43.517616271972656,966800.0
2015-08-14,43.54351555753338,44.25988881801766,43.40541930897772,44.113162994384766,600700.0
2015-08-17,43.8628600521454,44.83816660482453,43.543513112630215,44.68280792236328,1194100.0
2015-08-18,44.55334375775772,44.648285545978666,44.00959163108659,44.113162994384766,807200.0
2015-08-19,43.87149204330043,44.233993433489786,42.64588504973968,43.051544189453125,946600.0
2015-08-20,42.64588612875452,43.10332931151254,42.30064387867073,42.568206787109375,831300.0
2015-08-21,42.14528027453355,42.16253942044756,40.280976438367745,40.40181350708008,1381200.0
2015-08-24,38.209533977380595,39.555974566067555,36.586900953958896,38.26995086669922,2099600.0
2015-08-25,39.366091345291665,39.46103311282487,36.923510571386636,36.940773010253906,1288400.0
2015-08-26,37.60536784116251,37.68304718170725,36.51786036601025,37.1738166809082,3192700.0
2015-08-27,37.75208613040102,39.875316440276364,37.631249074475775,38.95179748535156,2054100.0
2015-08-28,38.7878200591713,40.203310738532814,38.641094233872316,39.09853744506836,1459800.0
2015-08-31,38.796438418007526,39.288406330870465,37.95922836270918,39.020843505859375,1435800.0
2015-09-01,38.09733526005115,38.451207073812256,36.76815691861715,36.98393249511719,2076100.0
2015-09-02,37.54494879351382,37.67441545117065,36.59553761227658,36.8803596496582,1618600.0
2015-09-03,37.16518170981449,37.16518170981449,36.491959758690726,37.001190185546875,2688500.0
2015-09-04,36.39701721888663,36.69910495628077,36.15534966295014,36.62142562866211,1528800.0
2015-09-08,37.34643658382241,37.34643658382241,36.91488543766196,37.13066101074219,2991800.0
2015-09-09,37.536319404911424,38.0023921313358,37.035718504804265,37.13928985595703,1483200.0
2015-09-10,37.09613166758578,37.32916965358359,36.67321343899511,36.940773010253906,1659400.0
2015-09-11,36.664578549518154,36.96666627431045,35.905047743650535,36.25028991699219,873900.0
2015-09-14,36.276378267042006,36.70223708691159,35.954807614068635,36.39805221557617,1203300.0
2015-09-15,36.71091850525278,38.7011621985596,36.71091850525278,38.475196838378906,4852000.0
2015-09-16,38.70115665191224,39.23131002775185,38.37089988939325,38.883670806884766,1408200.0
2015-09-17,38.75331615374222,39.75278627164229,38.72724411574402,39.15310287475586,1665400.0
2015-09-18,38.60555238596641,39.7614609289368,38.55340832953238,39.7266960144043,2980200.0
2015-09-21,40.056969919720004,41.012982192311256,39.631107857885,40.326393127441406,2045500.0
2015-09-22,39.874445243485084,39.978736671717876,39.2052355578756,39.7266960144043,1777900.0
2015-09-23,39.587645539973074,40.143870993487184,39.266078321291204,39.37906265258789,1409000.0
2015-09-24,38.73593147750527,39.57026979945322,37.771226342280414,39.30084991455078,1622000.0
2015-09-25,39.526810506019615,40.01350945914138,38.93582010414511,39.222625732421875,1426700.0
2015-09-28,38.9531968547382,39.01403380053975,36.198141889435604,36.31112289428711,1738200.0
2015-09-29,36.085151590095855,37.1106932427734,36.067769134837754,36.96294403076172,1479700.0
2015-09-30,37.39751336183961,38.57949436208549,37.3453692864773,38.32745361328125,1366800.0
2015-10-01,38.49258439726888,39.30954027272535,38.327452655107344,39.25739288330078,1621200.0
2015-10-02,38.709862544120185,40.1091194152832,38.51865875341735,40.1091194152832,1231400.0
2015-10-05,40.39590906281447,41.37799643024197,40.309000084613096,41.2215576171875,1024800.0
2015-10-06,41.551842616224285,42.447018226826884,41.317184255942955,41.378021240234375,1637200.0
2015-10-07,41.63004639198629,42.68166051341054,41.43014972988942,42.50783920288086,1903300.0
2015-10-08,42.36009289231012,44.31557515996474,42.26449100654405,43.9505500793457,1726100.0
2015-10-09,44.64582861114218,45.089073081434144,43.933164281815365,44.08091354370117,1927900.0
2015-10-12,44.393806637606616,44.55024221135973,43.72459657089814,43.898414611816406,1161600.0
2015-10-13,43.611595299807796,44.25472975897818,43.342172136154325,43.681121826171875,917200.0
2015-10-14,43.58553936644374,44.950031518428105,43.516009499031426,44.70668029785156,905800.0
2015-10-15,44.95870384654226,45.036923259690305,43.463845424319665,44.73273849487305,1460100.0
2015-10-16,44.93261880431819,45.82779369476491,44.810944933620306,45.58444595336914,2035000.0
2015-10-19,45.26289127355321,45.54100400176287,45.054305069713344,45.41932678222656,1555600.0
2015-10-20,45.358496676022085,46.01032410277367,45.245515642448474,45.280277252197266,939800.0
2015-10-21,45.541012302904115,45.92341654505511,44.341648871778666,44.48070526123047,1160100.0
2015-10-22,45.03692198834163,46.16675534552413,44.63713536147731,45.532310485839844,1463700.0
2015-10-23,45.94948614366146,46.636078480617456,45.619229308342554,45.69744873046875,1266200.0
2015-10-26,45.56708696472398,46.03640354942054,45.236826777489426,45.78436279296875,1085400.0
2015-10-27,45.40195724000704,45.627922636206286,44.341650167353336,45.13253402709961,1697700.0
2015-10-28,45.23682475921337,46.992413770948126,45.00216647733455,46.56655502319336,1772600.0
2015-10-29,46.34928205404108,47.44435078809752,46.140695796648096,47.18362045288086,1433500.0
2015-10-30,47.21837521958652,47.2531368255324,46.00162949661549,46.514400482177734,1412200.0
2015-11-02,47.15753493752213,47.68768838360412,46.983716961741145,47.14015579223633,2509400.0
2015-11-03,47.305283530409234,48.2178411518932,47.15753427463384,47.51386642456055,1563700.0
2015-11-04,47.74853193931544,48.06140964356038,46.74037228972944,47.122779846191406,2019500.0
2015-11-05,45.627920736101515,45.90603351154944,41.856012489302486,42.959774017333984,5880300.0
2015-11-06,43.003225709980185,44.18520658616707,42.881551793084284,44.04615020751953,2224200.0
2015-11-09,43.78541771608868,44.167821909350025,43.00322355332069,43.38562774658203,2509600.0
2015-11-10,43.40302721280478,43.74198035971665,42.81203657279953,43.090152740478516,1199000.0
2015-11-11,43.32477918444945,43.446456378011284,42.099344201318004,42.4991340637207,1645300.0
2015-11-12,41.838627271173344,42.46438263240555,40.71748335408749,40.7783203125,1314500.0
2015-11-13,40.63057321715569,41.925538399842964,40.40460785160719,41.38669204711914,2017100.0
2015-11-16,41.22154853780652,41.777773832658156,40.865216501081925,41.699554443359375,1024500.0
2015-11-17,41.81255969148303,42.525224121993524,41.43015212315433,42.16889190673828,1743000.0
2015-11-18,42.27318193226521,44.202592225650335,42.13412554362088,44.15913772583008,1593600.0
2015-11-19,43.88972307434355,44.44594873730234,43.72459461670468,44.05485153198242,1066300.0
2015-11-20,44.27211031641539,45.16728875569382,44.106981922453926,44.90655517578125,1304600.0
2015-11-23,44.819654395963255,45.323735872998945,44.53285204707789,45.288970947265625,1609500.0
2015-11-24,45.14991582725449,46.14069303090887,44.90656465565514,46.071163177490234,1567700.0
2015-11-25,45.96687397422572,46.244986770851206,45.67137871339038,45.97556686401367,649700.0
2015-11-27,45.975562541298665,46.357966771862785,45.85388530327006,46.15807342529297,312000.0
2015-11-30,46.31451317148134,46.66215248363767,46.14938143149371,46.549171447753906,814900.0
2015-12-01,46.653453485478444,46.75774492652103,45.914717195432026,46.01900863647461,1255800.0
2015-12-02,45.84520913268317,46.12332198446727,45.0195601534762,45.436729431152344,934900.0
2015-12-03,45.42802346986575,46.027703468599235,45.01954391566678,45.91472244262695,1451100.0
2015-12-04,45.636618492803144,46.51441479143994,45.14122981549976,46.05379104614258,1189800.0
2015-12-07,45.65399268760765,45.76697703847447,44.21997431350967,44.41117477416992,968500.0
2015-12-08,43.93316011868092,44.07221647914407,43.16834847845101,43.26395034790039,731400.0
2015-12-09,44.12437307118937,44.68928820305859,43.12490299234759,43.4725456237793,1564900.0
2015-12-10,43.39432534441853,43.42039738088533,42.61213109675669,42.76856994628906,833800.0
2015-12-11,41.938017728562244,42.313947684010444,41.361009502644755,41.9205322265625,1399600.0
2015-12-14,41.81563361893199,41.9380288303119,40.51299172277576,41.754432678222656,1586600.0
2015-12-15,42.051680455357925,43.13575854270024,41.96425625550008,42.55875015258789,1032400.0
2015-12-16,42.96965541465192,45.513738564560875,42.61995191111689,45.312660217285156,2259400.0
2015-12-17,45.45253020353405,46.42295069307982,44.87552189366028,45.82845687866211,1716100.0
2015-12-18,45.47002653163416,46.60656133575393,44.56080335736638,44.7443962097168,2112400.0
2015-12-21,45.11158056448965,45.34762993974232,44.40343577375157,44.98918533325195,841100.0
2015-12-22,45.11157739924154,47.88296875718047,44.96295558174377,47.480812072753906,1159400.0
2015-12-23,47.69938000878167,49.35172232612146,47.638182392215,49.21184158325195,1068400.0
2015-12-24,49.17686103872808,49.395424865566866,48.78344548341438,48.91458511352539,380700.0
2015-12-28,48.713516337288304,49.64896943263652,48.19770547148714,49.61399841308594,856400.0
2015-12-29,50.19100195994209,50.69807168850172,49.1681247513244,49.59650802612305,759600.0
2015-12-30,49.32548144352501,50.007402831766676,49.185600731709656,49.25554275512695,733700.0
2015-12-31,49.01074881522909,50.26093404615673,48.809670514907594,48.96703338623047,663000.0
2016-01-04,48.057821590195495,48.6872832259031,47.44584212810163,48.56488800048828,1284700.0
2016-01-05,48.56486995373959,49.04570958991156,47.10486554308779,47.821754455566406,1232100.0
2016-01-06,46.746435904908076,47.42835402927479,45.321398711789826,45.7322998046875,1240000.0
2016-01-07,44.814332241692014,45.1990067684575,43.258158630743864,43.66905975341797,1521000.0
2016-01-08,44.10618954457307,44.65697142967438,42.81229183696968,42.847259521484375,1127400.0
2016-01-11,43.0483365585413,43.30186808518611,41.42222101134136,41.999229431152344,1313200.0
2016-01-12,42.6549114784317,42.99587046859237,42.00796117106151,42.79479217529297,1299100.0
2016-01-13,43.38054360444519,44.82306606880575,41.36101615636324,41.710716247558594,1463300.0
2016-01-14,41.99048639336149,43.40678256276475,40.95012365313838,42.75109100341797,1303200.0
2016-01-15,41.64952878562186,41.98174678788471,40.02341312746456,41.88557815551758,1446900.0
2016-01-19,42.383892671040385,43.27563339576138,41.58832055413523,42.33143615722656,1699800.0
2016-01-20,41.579579759576106,42.654913287623025,40.35562110886208,41.972991943359375,1356500.0
2016-01-21,41.95552408170277,44.35972677370752,41.45719536459597,43.21445083618164,1844300.0
2016-01-22,44.28976776581449,45.69731915448534,44.28102668132796,44.84054946899414,1533300.0
2016-01-25,44.66570595429456,44.805586676860564,43.45049155168624,43.695281982421875,1634100.0
2016-01-26,44.03624896444828,45.87218753060493,43.78271740197216,45.35637664794922,1524200.0
2016-01-27,45.0678590256902,45.688579474205326,44.097435131099914,44.525821685791016,1429600.0
2016-01-28,45.15530334329096,45.915904786021066,44.83182636814719,45.251468658447266,1176700.0
2016-01-29,45.277689576469555,46.03829086771086,44.71816663417619,46.02080535888672,2887700.0
2016-02-01,45.34761098191672,46.291808088200455,44.560783395032146,46.17815399169922,1463300.0
2016-02-02,45.60989562965882,46.35301460682325,44.89300657828931,45.3388786315918,1279500.0
2016-02-03,46.038285753210204,46.877570073412194,44.7269027522623,46.79014587402344,1447600.0
2016-02-04,46.89505073864436,47.437088055935085,44.78809573472006,45.41756057739258,2213800.0
2016-02-05,44.91924706555904,46.07326402129374,44.342238587691696,45.05912780761719,1380300.0
2016-02-08,44.50833108943057,44.50833108943057,41.51837997403292,42.654911041259766,1940700.0
2016-02-09,42.15659147713818,43.738991429867625,42.03419626919439,43.61659622192383,1709400.0
2016-02-10,44.237315406877656,44.63073094608305,43.19695283432936,43.791446685791016,1101400.0
2016-02-11,42.646171079441814,44.43839705415312,42.33143864807751,43.791446685791016,1186000.0
2016-02-12,44.307267181787374,45.47876963693405,43.74774421843731,44.919246673583984,1183300.0
2016-02-16,45.62738514773464,46.003315212002896,44.63073459037954,45.74103927612305,1652000.0
2016-02-17,46.283066966811106,47.42834242694406,45.907136981233826,46.13444519042969,1782800.0
2016-02-18,44.88426462085599,48.60859051450249,44.543305607320214,47.67313766479492,3044500.0
2016-02-19,47.576983775833924,47.68189683940045,46.57159192930576,47.62944030761719,1036900.0
2016-02-22,47.944158260424125,48.51242550950408,47.778050962779105,47.93541717529297,1382600.0
2016-02-23,47.62068366113939,48.59984858937197,45.90714086795856,46.03828048706055,1223900.0
2016-02-24,45.43504986649252,46.650264222845315,44.61324773455599,46.60655212402344,971000.0
2016-02-25,46.86008568155092,48.48620117502231,46.562838727529055,48.46871566772461,833000.0
2016-02-26,48.905842889832876,49.71015954294191,48.56488383825059,49.44788360595703,885000.0
2016-02-29,49.48285322384284,50.66309998904362,49.054469954822245,49.150638580322266,1441700.0
2016-03-01,49.93745957422569,51.45866519576532,49.83254987671166,51.2838134765625,1483700.0
2016-03-02,50.93412123483267,51.948257427120176,50.15603441510604,50.45328140258789,1144900.0
2016-03-03,50.25220348142866,50.610648086919106,48.98453239639467,50.024898529052734,1257200.0
2016-03-04,50.28716743069541,52.35041056151625,50.1385422890586,51.72968673706055,1393700.0
2016-03-07,51.59855674746622,52.42910008695241,50.63687375726437,51.406219482421875,1807600.0
2016-03-08,50.995309485954145,51.6947130073288,50.75051575220872,51.12644577026367,1502500.0
2016-03-09,51.40621226136195,52.752566257509514,51.23136052997587,52.66514205932617,1418000.0
2016-03-10,52.359153068732105,52.92742038773771,51.51986872206313,51.91328430175781,1364600.0
2016-03-11,52.271719841604956,54.11639886955375,51.97447293660346,53.539390563964844,1109500.0
2016-03-14,53.05175470962414,53.56135908113037,52.48064306832245,52.73544692993164,1350700.0
2016-03-15,52.13797583098546,52.753018344736056,51.698660228551034,52.00617980957031,1318000.0
2016-03-16,51.92710336532811,54.202758341842845,51.92710336532811,54.14125442504883,1461300.0
2016-03-17,54.009443289630234,55.23952455668917,53.385612794157986,54.852928161621094,1335400.0
2016-03-18,54.7914399132589,55.13410553088211,53.33291231535503,53.930381774902344,1907600.0
2016-03-21,53.930393686445385,54.41364026294843,53.552581934410924,54.158836364746094,1155200.0
2016-03-22,53.9128032089676,54.967161167563376,53.76343418357502,54.61570739746094,1225700.0
2016-03-23,54.43119783532442,54.642067424380336,53.82494022543737,53.93916320800781,1054500.0
2016-03-24,53.30654963737442,54.55420759865253,53.01660310416031,54.40483856201172,711000.0
2016-03-28,54.46633915591199,54.70356658507853,54.05338149826764,54.58055877685547,811800.0
2016-03-29,54.554210579577386,55.35376482633372,54.04460288187827,55.31861877441406,798000.0
2016-03-30,55.608574982207806,56.45206021367431,55.27469415452684,56.22361755371094,1074200.0
2016-03-31,56.126963731785345,56.52234845436615,55.92487895173563,56.170894622802734,1224800.0
2016-04-01,55.74035766514136,57.55033899905616,55.70521496725204,57.286746978759766,2455900.0
2016-04-04,57.44491326169805,57.90180530180393,57.102247583331135,57.40098571777344,1470100.0
2016-04-05,56.77716058796965,57.532784089738456,56.28512247071363,56.671722412109375,822600.0
2016-04-06,56.61021303615948,58.059955973418,55.99517047636155,58.016021728515625,1237200.0
2016-04-07,57.90179649504646,58.806785544031136,56.44326550871949,56.838653564453125,1328200.0
2016-04-08,57.673344528013644,57.74363662442119,56.63655956798367,56.979225158691406,1559600.0
2016-04-11,57.22525412208888,57.93695003299892,57.14618052277934,57.330692291259766,1117900.0
2016-04-12,57.62063801830042,57.85786550231855,57.33947629114869,57.3746223449707,1070000.0
2016-04-13,57.81393052842468,58.2708157625121,56.610203477647154,57.11102294921875,2325100.0
2016-04-14,57.321893143500304,57.893004719673954,57.01437358815251,57.506404876708984,1849600.0
2016-04-15,57.76121981465642,57.857869793979965,57.146180585711015,57.43613052368164,1499200.0
2016-04-18,57.014387474776896,57.59428738046681,56.891379622677555,57.54156494140625,939500.0
2016-04-19,57.85787484488366,57.85787484488366,56.75958562344158,57.40977096557617,1958200.0
2016-04-20,57.313113060202966,57.778786498749284,56.67170936900086,57.68213653564453,1518300.0
2016-04-21,57.68213184622153,57.98086319631462,57.576693703199936,57.673343658447266,1288100.0
2016-04-22,57.69092620394799,58.61348491621622,57.69092620394799,58.20052719116211,1269600.0
2016-04-25,58.31476338024478,58.75407904219304,58.121463416439546,58.508056640625,1004900.0
2016-04-26,58.84192947288923,59.70298425014015,58.674987408485514,59.536048889160156,1231400.0
2016-04-27,59.456985956928804,60.40590948936573,59.11432024300864,59.62392807006836,817100.0
2016-04-28,59.281257760329346,59.43941167014118,58.12146465618428,58.35869216918945,649500.0
2016-04-29,58.38503853419498,58.38503853419498,57.611845518237246,58.13024139404297,1069200.0
2016-05-02,58.358688002808194,60.06323483092972,58.14781837258868,59.65906524658203,1176900.0
2016-05-03,59.3602997309905,59.82597302188776,58.71890294657707,59.15821838378906,871900.0
2016-05-04,58.85951051086861,59.36911828755059,58.30597519004681,58.508056640625,788400.0
2016-05-05,58.6749845526948,59.861135212520416,58.6749845526948,58.956146240234375,1051400.0
2016-05-06,58.84192896826331,60.68705303568672,58.578336942878394,60.300453186035156,1424500.0
2016-05-09,60.07201504255693,61.69748135382844,58.92979184900192,59.11430358886719,1778600.0
2016-05-10,59.20218204339894,60.10717802735356,58.92102026009456,59.62392807006836,1516100.0
2016-05-11,62.17193154344698,66.55629836399825,62.092851267531806,65.58980560302734,5794600.0
2016-05-12,66.43332001361378,67.15379748613829,65.68648467190583,66.6617660522461,2190900.0
2016-05-13,66.41573865078018,67.06593065786049,65.32623768454769,66.91656494140625,2189200.0
2016-05-16,67.49644427505636,68.88468309265498,67.43494036305762,68.36628723144531,1842500.0
2016-05-17,68.37508940053873,68.7616893283926,66.73204641058477,66.92534637451172,1829700.0
2016-05-18,66.62661494184283,67.8742698137394,66.57389250404682,66.92534637451172,1598100.0
2016-05-19,66.50359003392198,67.36464475709636,65.89733243046624,66.5738754272461,1619700.0
2016-05-20,67.14500852340541,67.98849384470671,66.88142313117557,67.09229278564453,1246300.0
2016-05-23,66.65296280418903,67.4349440292972,66.65296280418903,67.10106658935547,1177900.0
2016-05-24,67.55796458897638,68.07636057604374,67.04835679244921,67.07471466064453,1827400.0
2016-05-25,67.56673358318972,69.44700361907398,67.11862984090376,69.29763793945312,1200200.0
2016-05-26,69.64908763420502,70.05326385829045,68.66502504595844,69.44700622558594,1216800.0
2016-05-27,69.41187062969705,70.47501366657639,69.24492854258037,70.36957550048828,1091700.0
2016-05-31,70.29048069267516,70.35198459514434,68.5420068624032,68.9725341796875,1486700.0
2016-06-01,68.97254571771987,70.29049245117949,68.12027242420152,70.00933074951172,1293200.0
2016-06-02,69.52608264171548,70.24655993891477,69.5173011564083,70.14990997314453,629900.0
2016-06-03,70.29048156738281,70.59800108355557,69.5436465414139,70.29048156738281,855100.0
2016-06-06,70.71224816744736,72.1883489818833,70.37836399178317,71.13398742675781,1048000.0
2016-06-07,71.51178908183685,71.88960074616237,70.99339991866336,71.4239273071289,853800.0
2016-06-08,71.70510684377574,72.37286856381415,71.01098725511122,71.35365295410156,1524300.0
2016-06-09,70.8528289034161,71.18670639081657,70.14113968137234,70.51895141601562,1124600.0
2016-06-10,70.29049423145918,70.6595177173526,69.63152084803924,70.14112854003906,1024700.0
2016-06-13,69.9956033283363,70.3572202569072,68.89310202431025,68.92838287353516,1109400.0
2016-06-14,68.79604789585876,69.21941115142,67.9316843332728,69.14884948730469,1162900.0
2016-06-15,69.30763217924068,70.60417457595088,69.16650880557813,70.30429077148438,1434100.0
2016-06-16,69.95149335588343,70.60417890539615,69.59869835835933,70.55125427246094,909000.0
2016-06-17,73.37365816273287,74.96125576988513,72.5092943065036,73.02967834472656,3531100.0
2016-06-20,73.6559129598489,74.07045454909061,72.90621337866897,73.21491241455078,1736500.0
2016-06-21,73.16199144241673,73.94697191408383,72.32409305598298,73.75293731689453,1203400.0
2016-06-22,73.75293768920001,73.97343797402037,73.0385121905705,73.48833465576172,1014000.0
2016-06-23,74.04398295459914,74.71430561411279,73.90286629051582,74.44088745117188,799000.0
2016-06-24,71.68021480728505,72.72979809933102,69.32527386732643,69.66043853759766,2465400.0
2016-06-27,68.30215078697826,68.87544597975518,66.02658688537959,66.44994354248047,2709400.0
2016-06-28,67.74649259356296,69.22825449760354,67.15555355655117,69.0518569946289,2707400.0
2016-06-29,70.08378973053162,70.4277695384108,69.31644653572965,69.7839126586914,1928400.0
2016-06-30,69.79273187140586,71.00107558016492,68.72551154285216,69.95149230957031,24895500.0
2016-07-01,70.0749826560997,72.57104731116922,70.0749826560997,71.72432708740234,1588400.0
2016-07-05,70.63065378689186,70.74531151403305,70.05735169291637,70.47189331054688,1366400.0
2016-07-06,70.0220684211674,71.40680991124641,69.51050615626318,71.31861114501953,1341100.0
2016-07-07,71.60084747534056,72.50048561023843,71.33624446141721,71.72432708740234,865300.0
2016-07-08,72.50048557863174,74.07926830831532,72.3152661606198,73.7176513671875,1267800.0
2016-07-11,74.01752273717305,74.0880844325771,73.30310407632454,73.7617416381836,1277100.0
2016-07-12,74.42325433161152,75.91383842276858,74.31741850066007,75.16413879394531,1297800.0
2016-07-13,75.42871162849193,75.63157478991297,74.98771119239915,75.4551773071289,955300.0
2016-07-14,75.82564269374917,76.70764387575554,75.69334117062122,75.88738250732422,707600.0
2016-07-15,76.22253692979629,76.9898803443464,75.86091996142302,76.16079711914062,899500.0
2016-07-18,76.05495152811486,76.23134904188241,75.26996442318797,76.03730773925781,700900.0
2016-07-19,75.80796834754842,76.1695919164042,75.46398856353709,75.78150939941406,630100.0
2016-07-20,75.88736360809497,76.63706308026585,75.76388401169663,76.39892578125,948500.0
2016-07-21,76.08142782864519,76.38130501624805,73.95580163869948,74.32624053955078,1257500.0
2016-07-22,74.64371726130524,75.34932051714345,74.18507985540234,74.9788818359375,875000.0
2016-07-25,74.97008206290339,76.05494621122054,74.77604077384395,76.02848052978516,1229800.0
2016-07-26,76.02848717437436,76.03730906895716,74.86424606740101,75.42872619628906,909200.0
2016-07-27,75.29643599714935,75.41991561227358,74.19393462701551,74.81133270263672,841100.0
2016-07-28,74.67021038270067,75.97556813796264,74.30858673064446,75.06710815429688,1037700.0
2016-07-29,74.78485720229197,74.79367909545905,73.47949290801087,74.2380142211914,1702200.0
2016-08-01,74.28212328844555,74.52026059118873,73.71764320203695,74.00870513916016,1782700.0
2016-08-02,74.31740806010556,74.75840857147483,73.79702395754028,74.4144287109375,2035300.0
2016-08-03,74.53789838945113,74.59963818365549,73.30309577623122,74.07925415039062,2404000.0
2016-08-04,74.23801419063805,74.67019947692009,70.90405186293575,72.42991638183594,2906600.0
2016-08-05,72.51812979463594,72.89739052778488,71.87426604612385,72.61515045166016,1723300.0
2016-08-08,72.61515294849755,72.90621492957821,71.91837126460801,72.47402954101562,1495500.0
2016-08-09,72.75627304382539,72.91503352013149,72.07713511854276,72.33291625976562,1487400.0
2016-08-10,72.35052448817804,72.6151274196145,71.79486640711994,72.4034423828125,1297800.0
2016-08-11,72.42994308542377,73.30312241481076,71.98894247252233,72.83566284179688,1133100.0
2016-08-12,72.6857131060199,73.84995427644157,72.50930885042008,73.21491241455078,1139600.0
2016-08-15,73.6294388012233,74.78485783801733,73.45303458204639,74.15863800048828,1135700.0
2016-08-16,74.33503578816459,74.37913852541864,71.99773202549191,72.0859375,1066100.0
2016-08-17,72.13003870605957,72.1741414464918,70.71883849096238,71.04518127441406,1183200.0
2016-08-18,71.4508962213592,71.72431435250193,71.26567683615288,71.68903350830078,1070100.0
2016-08-19,71.44206607033703,73.135506021457,71.28330565434878,72.97674560546875,1755900.0
2016-08-22,72.57103877480158,73.95578002929688,72.09475744324396,73.95578002929688,1089000.0
2016-08-23,74.52907613350942,76.29307793548598,74.22919905715717,74.2380142211914,1299800.0
2016-08-24,73.946957272793,74.44970428007231,72.27997599635448,72.49166107177734,1566100.0
2016-08-25,72.59749823544657,73.54123901130592,72.43873779048268,72.82682037353516,753400.0
2016-08-26,73.13550584794405,73.664704990272,71.73312778431838,72.13884735107422,879000.0
2016-08-29,72.26234747014104,73.16198559494386,72.01538824878867,72.98558807373047,740900.0
2016-08-30,72.98557546943925,73.64707615345229,71.97127307479266,72.0859375,760400.0
2016-08-31,71.6625829721686,71.6625829721686,70.30430059203083,70.53362274169922,1308200.0
2016-09-01,70.51597362588114,71.70668029785156,70.17199379193114,71.70668029785156,1181500.0
2016-09-02,72.72980361247028,72.75626256652194,71.53028168181416,72.28880310058594,895200.0
2016-09-06,72.4387167515756,73.24134063720703,72.19175762649868,73.24134063720703,956200.0
2016-09-07,72.95030892845784,73.26782985736945,72.43874668419646,73.1619873046875,924700.0
2016-09-08,72.99441417657204,73.24137341216131,71.3274326072099,71.37152862548828,984300.0
2016-09-09,70.48070432287857,71.00108169162806,67.48189952672219,67.75531768798828,1849100.0
2016-09-12,66.67928421814531,68.54912904004675,66.2471055477217,68.30216979980469,1525900.0
2016-09-13,67.98782041149471,68.651936927766,67.05806134216043,67.3768310546875,1372700.0
2016-09-14,67.34140717990073,67.68674717522399,66.52675257651158,67.0491943359375,1657700.0
2016-09-15,67.2085684945605,68.45710358068251,66.75696753519121,68.40397644042969,1789900.0
2016-09-16,68.03209762765434,68.31545373803128,67.10233180149177,67.94355010986328,2304900.0
2016-09-19,68.28005108470738,69.05042887630711,68.21806713060701,68.74935913085938,776700.0
2016-09-20,69.00610686674968,69.56396209098779,67.99665069580078,67.99665069580078,958300.0
2016-09-21,68.67848516493879,71.04274456906079,68.6342147938561,71.00732421875,1483300.0
2016-09-22,71.74228414339882,72.43297093338401,71.6448866116714,71.90167236328125,1587400.0
2016-09-23,71.52091114515086,71.79541720465494,71.02503969171157,71.50320434570312,1194000.0
2016-09-26,71.6006065982922,72.769451245158,71.52976589102963,72.34441375732422,1350700.0
2016-09-27,72.08763364224703,73.37158947181676,72.08763364224703,73.27418518066406,831400.0
2016-09-28,73.88517911443265,75.2576825427287,73.51326872695115,75.15142822265625,1027700.0
2016-09-29,75.15141353604254,75.54102389307222,73.55753148901694,73.62837219238281,1199900.0
2016-09-30,74.31904156614688,76.01032089452019,73.92942450891853,75.70040130615234,1380500.0
2016-10-03,75.44360843764494,75.66498053606026,74.46071578022169,75.11598205566406,966400.0
2016-10-04,75.23994626138423,75.60299297229011,73.08820929833914,73.15904998779297,1056200.0
2016-10-05,73.86744880036014,74.31904982544985,73.24760955473981,73.88516235351562,974600.0
2016-10-06,73.52209977285496,74.26591353174102,73.41584548997143,74.06224822998047,979600.0
2016-10-07,74.23049537943653,74.23049537943653,72.28241681486581,72.93768310546875,974000.0
2016-10-10,73.69034151110546,74.80605872285247,73.58408047712099,73.92057037353516,623000.0
2016-10-11,73.52211711139655,73.67264855147454,71.99907564398163,72.36212921142578,522600.0
2016-10-12,72.35326274337913,72.35326274337913,71.07815717292793,71.85739135742188,807800.0
2016-10-13,71.06930291427246,71.68028533389541,70.02442630206994,71.22869110107422,662900.0
2016-10-14,71.84855220888714,72.41526443351995,71.52091895950088,71.60061645507812,621200.0
2016-10-17,71.55634472905257,72.1761909161901,71.50321756514536,71.95481872558594,595900.0
2016-10-18,73.02624167030476,73.2387570303214,72.28242777663428,72.30899810791016,503400.0
2016-10-19,72.43295453817301,73.18561833446374,71.73341788457043,73.13248443603516,552900.0
2016-10-20,72.56579489616212,73.88517789845054,72.50381095855909,73.51326751708984,436700.0
2016-10-21,73.39815209811393,73.39815209811393,72.20274379716832,72.78716278076172,594400.0
2016-10-24,73.53096736966914,73.9294345006041,72.78715350131827,73.81432342529297,607800.0
2016-10-25,73.66377896682289,73.66377896682289,72.61004565463226,72.69859313964844,424600.0
2016-10-26,71.98136200989546,72.61005804323945,71.44121347667549,71.80426025390625,697200.0
2016-10-27,72.39755014555043,72.97311908922649,71.96365586551077,72.65434265136719,634700.0
2016-10-28,72.83142974994433,74.41645498923388,72.81372295231849,73.41585540771484,647900.0
2016-10-31,73.4601023792656,74.53154232146801,73.2652938887308,73.9825439453125,1104600.0
2016-11-01,74.0002887338067,74.61127808498001,72.80488036668969,73.40701293945312,1071200.0
2016-11-02,73.06164212052789,73.43354558818379,72.43294623308874,72.83141326904297,626800.0
2016-11-03,73.14135857836254,74.80608150575996,72.87571604610736,74.20394897460938,1009200.0
2016-11-04,74.02682465177965,74.74407480862986,73.22988378624608,73.92057037353516,845400.0
2016-11-07,75.2842156618022,76.93122451395098,74.99200964409056,76.39993286132812,1412300.0
2016-11-08,76.14316649129614,76.93125084281007,73.21220124590708,73.27418518066406,1818200.0
2016-11-09,72.53036600045651,72.79600849599622,70.13954300615246,71.21098327636719,2626400.0
2016-11-10,71.48550557903388,72.61007325323405,70.9276433754862,72.1850357055664,1302200.0
2016-11-11,71.72456149953126,72.1495989105728,70.963040923398,71.21983337402344,1115400.0
2016-11-14,71.47664973780692,71.72458549563844,67.58049806343851,68.25347137451172,1933600.0
2016-11-15,68.40400323230352,70.98077863565557,68.40400323230352,70.94535827636719,1270800.0
2016-11-16,71.09589119140294,72.45068787212927,70.69741720806155,72.21160888671875,1076200.0
2016-11-17,72.54807006930355,73.6903509976637,72.41524544865872,73.46897888183594,899900.0
2016-11-18,73.45127490209931,73.74348775445321,72.76945166901524,73.01738739013672,529800.0
2016-11-21,73.32729826989474,74.292484218221,73.12363970436797,74.24820709228516,743300.0
2016-11-22,74.38987505903657,74.91230992089743,73.9559809215789,74.64666748046875,653900.0
2016-11-23,74.29247093475745,74.54926335664105,73.5309504438584,74.2747573852539,536100.0
2016-11-25,74.31907379470482,74.82380213056291,74.12426518161166,74.38105773925781,200200.0
2016-11-28,74.46959470257534,75.07172725956522,74.30135645165007,74.34562683105469,547000.0
2016-11-29,74.00913123658476,77.18803174255586,73.58409377954919,76.10773468017578,1158600.0
2016-11-30,76.69218258469915,78.56942120120023,76.69218258469915,77.72820281982422,1720700.0
2016-12-01,78.17980720845974,78.17980720845974,75.62074510887439,75.84211730957031,1159000.0
2016-12-02,75.86866324536986,76.13431252671121,74.70867534537913,75.14256286621094,677900.0
2016-12-05,75.76238017588474,76.55046425768562,75.62956232953394,76.39993286132812,1173800.0
2016-12-06,75.92177126206292,76.70985537412024,75.79780343021616,76.43535614013672,1332600.0
2016-12-07,76.36453052532778,78.69336973138337,76.36453052532778,78.63138580322266,805200.0
2016-12-08,79.6939449370492,81.6774367860976,79.08295586402853,81.28782653808594,1564400.0
2016-12-09,81.18157854281831,81.18157854281831,79.80906879075648,80.30494689941406,869400.0
2016-12-12,80.49091227930361,81.11075157535359,80.27839691433529,80.8628158569336,710700.0
2016-12-13,81.26704334202415,81.5069233967028,80.21866535290681,80.95608520507812,974000.0
2016-12-14,80.98275325377844,81.56025092030218,79.85441051207538,79.90772247314453,1428600.0
2016-12-15,80.26309572966012,80.66290491670668,79.35687377343858,79.80110168457031,811200.0
2016-12-16,80.00543461261655,80.41412340137192,78.25517588403939,79.27690124511719,1634600.0
2016-12-19,79.48126734798223,79.65896260249428,78.52173330875969,79.07257843017578,811200.0
2016-12-20,79.16142152390033,79.79222441694243,78.77938520519811,79.37464904785156,460200.0
2016-12-21,79.37464765371809,79.95214535022443,79.14365399782007,79.32134246826172,396100.0
2016-12-22,79.07257226569207,79.54345279127276,78.37069131644489,78.55726623535156,379100.0
2016-12-23,78.61059451654,78.9393189178377,77.93536601861707,78.91266632080078,226900.0
2016-12-27,78.97484190057918,79.48126147636066,78.71718888435628,79.08145904541016,228700.0
2016-12-28,79.11700309572998,79.43684777206418,76.85143776809285,76.92251586914062,604200.0
2016-12-29,77.05576219224014,77.4200254872226,76.68260566435389,77.35783386230469,355200.0
2016-12-30,77.59772857387458,77.95311225988031,76.05181733488665,76.47827911376953,470100.0
2017-01-03,77.42894201363247,78.29074542104459,77.27790611994081,78.22855377197266,975600.0
2017-01-04,78.82379297954944,80.98274066169533,78.79714039234925,80.58293151855469,1147600.0
2017-01-05,80.52963195201242,81.19597379193644,79.72114071099541,80.3075180053711,913200.0
2017-01-06,80.51186969362128,80.84948046854784,79.83664136538809,80.68067169189453,550900.0
2017-01-09,80.60961093466392,80.83172492108567,80.28976625194615,80.38749694824219,936100.0
2017-01-10,80.72510568030454,81.00052484726484,79.15253490120286,79.85441589355469,825000.0
2017-01-11,80.4674565663639,83.63035763611927,80.03211504098748,82.8929443359375,1807500.0
2017-01-12,83.09727087590844,83.79026532359421,81.9156230210699,83.29273223876953,1042200.0
2017-01-13,83.66589030703565,84.35000514454565,82.9284702847152,83.51485443115234,603400.0
2017-01-17,84.52770196519252,85.10519971176483,83.43490489831348,83.82582092285156,844600.0
2017-01-18,84.26115058273948,84.41219323064107,82.00447866133328,82.27101135253906,1104800.0
2017-01-19,82.40429787844624,83.87913816148422,82.21772292307065,82.67083740234375,609600.0
2017-01-20,83.1239241088706,83.55927233984067,82.48423483578634,82.94623565673828,701600.0
2017-01-23,82.96403110110965,83.43491854454285,82.49315043605881,83.24833679199219,349400.0
2017-01-24,83.46155316784984,85.14961403104739,83.25720531917408,84.8919677734375,921900.0
2017-01-25,85.13184389474795,85.16738294408177,82.84851250749954,83.51485443115234,1083700.0
2017-01-26,83.59481300286814,85.19403634618641,83.55039427456413,84.82977294921875,795800.0
2017-01-27,84.7053958887695,85.17628328541552,84.19009653538271,84.77647399902344,452800.0
2017-01-30,84.21673212649164,84.27003730922749,83.07950970559152,84.02127075195312,677400.0
2017-01-31,84.05680817430036,84.1189998124162,82.19993193047553,82.30654907226562,1453700.0
2017-02-01,82.79520786705743,83.19501031252554,81.43587141840912,82.99066925048828,855100.0
2017-02-02,82.981781613356,82.981781613356,81.2937140640012,82.54644012451172,588900.0
2017-02-03,82.96400505823105,83.91465254917915,82.6263942745305,83.75473022460938,446800.0
2017-02-06,83.55039274128139,83.93242904526419,83.31050585499563,83.77250671386719,478100.0
2017-02-07,83.51483645883638,83.91463881563874,81.96892542658705,82.44869232177734,756200.0
2017-02-08,82.54644891231955,83.86135997569707,81.91563919728836,83.82582092285156,661600.0
2017-02-09,83.82579904016545,84.27002691719693,83.20388272367316,83.43488311767578,498300.0
2017-02-10,83.91467889047148,83.91467889047148,82.86630038439544,83.24833679199219,637800.0
2017-02-13,83.80804826185785,84.76758227885104,83.20389796727483,84.18119812011719,660400.0
2017-02-14,83.84358530720266,83.84358530720266,80.27198881103105,81.01829528808594,1654700.0
2017-02-15,81.1248972493293,82.63527618232258,80.86724425290609,82.41316223144531,1510500.0
2017-02-16,82.51978723585266,83.50597389505293,81.80014007636423,82.10221862792969,593700.0
2017-02-17,82.12887101171968,82.44871569920166,81.35591188724143,81.6668701171875,1016700.0
2017-02-21,82.1910684373647,83.36383011447323,82.10222419090134,83.31940460205078,790200.0
2017-02-22,82.99066372774757,83.20389123258231,82.075548513639,82.12886047363281,652200.0
2017-02-23,82.73302154697454,82.83963192415443,81.5336005766524,82.10221862792969,738600.0
2017-02-24,81.67576815823962,82.75079920759235,80.86726986733501,82.56422424316406,700000.0
2017-02-27,82.61752520864195,82.9817954384314,81.93341704076883,82.14664459228516,930600.0
2017-02-28,85.11409610653402,91.12005439260653,85.06078413185104,90.18717956542969,4246500.0
2017-03-01,91.42211270916007,92.69260490678201,90.62250105010072,91.2088851928711,2591800.0
2017-03-02,91.3421560272243,93.09241537114397,90.75577861229216,91.56427001953125,2040100.0
2017-03-03,91.866323712861,93.46553995766065,91.58201815078245,93.08350372314453,1153200.0
2017-03-06,90.55142131690214,91.21776322435686,87.62840066946178,90.72023010253906,2329000.0
2017-03-07,90.72023105965717,93.12794569725648,90.24046406782247,92.21283721923828,1396700.0
2017-03-08,92.03513143445217,92.30167088107214,90.83571748142167,91.27994537353516,1285100.0
2017-03-09,91.47540790777393,91.83967803761693,90.6491437466747,91.06671905517578,1457100.0
2017-03-10,91.24442439554127,92.40830631263036,90.94235262271486,91.55538940429688,1422600.0
2017-03-13,91.42170325261051,93.17741453932915,91.0384768966288,93.13285064697266,1336600.0
2017-03-14,92.6961400715736,93.03480248774689,91.84947383189879,92.64266204833984,752600.0
2017-03-15,93.13283898163753,94.03297645842856,92.56245658829329,93.77452087402344,781700.0
2017-03-16,93.66758201751303,94.2290571353914,92.42878198207586,92.69615173339844,1017400.0
2017-03-17,93.12393961766851,94.94203633468862,93.04373276814341,94.65684509277344,1436900.0
2017-03-20,94.505338358207,94.63902323971438,93.68541439088858,94.53207397460938,1032400.0
2017-03-21,94.5320759288759,95.85999703377807,92.74962893725045,92.91004943847656,1249500.0
2017-03-22,93.22195995569237,93.99732670890774,92.06337369399068,93.77452087402344,984800.0
2017-03-23,93.73887855872327,94.81725806914781,93.44477320147249,93.71214294433594,690000.0
2017-03-24,94.05970903925086,94.63009141421229,92.7139599360633,93.08827209472656,527400.0
2017-03-27,92.34857444906318,93.53389644571683,91.48408663231547,93.22196960449219,841100.0
2017-03-28,93.20414128122772,93.9884153957679,92.80308668668862,93.47150421142578,805000.0
2017-03-29,93.57848597920815,94.42514575160217,93.48936497150832,93.6141357421875,916300.0
2017-03-30,93.64974533095216,94.54987596192531,93.43584684483507,93.70321655273438,671400.0
2017-03-31,93.5428020780307,94.90637271674814,93.02589090272114,94.14883422851562,936800.0
2017-04-03,94.22904688109956,94.7370439137345,92.53572117248495,93.60518646240234,991500.0
2017-04-04,93.55172341541824,94.3983829439876,93.40912440456715,94.0240707397461,884000.0
2017-04-05,94.19339228547123,95.09352291836919,93.4982392028395,93.7656021118164,1168300.0
2017-04-06,93.8725681154727,94.62119255366328,93.48934175797172,94.49642181396484,705100.0
2017-04-07,94.48748379181302,94.73703200762654,94.03296484044192,94.41619110107422,1211600.0
2017-04-10,94.43401857113352,94.65682439263945,93.20413288423866,93.45367431640625,984200.0
2017-04-11,93.18629090936336,94.20228476208649,92.98131339143299,94.12207794189453,645700.0
2017-04-12,94.4696871164282,94.5409866253761,92.5089982168288,92.794189453125,689600.0
2017-04-13,92.68723422380485,93.40912300682494,92.17032301644714,92.34857177734375,499300.0
2017-04-17,92.46442128419565,93.24869537353516,92.2059657003294,93.24869537353516,721100.0
2017-04-18,92.64267542714687,94.30035159740105,92.64267542714687,94.26470184326172,890800.0
2017-04-19,94.51424266729178,95.29851679801014,93.90821049371561,94.32707977294922,948500.0
2017-04-20,94.59445397781246,94.69248909872135,93.92603640770385,94.0418930053711,888800.0
2017-04-21,94.11318369313702,94.48749586544655,93.48041593532962,93.66757202148438,1106600.0
2017-04-24,94.48749322137763,95.30742384188996,94.36272250076594,95.20938873291016,934000.0
2017-04-25,95.75303905752835,96.6620838842478,95.69065369490541,96.33232879638672,706500.0
2017-04-26,96.35015848792024,96.7512062821801,95.57479171292385,96.51949310302734,671200.0
2017-04-27,96.50166522741547,97.34833150696053,96.05605354328482,96.41254425048828,759300.0
2017-04-28,96.46601604129502,97.18791159746783,96.43036629041657,97.06314086914062,1206100.0
2017-05-01,97.2235512976079,98.1504243909679,95.3608977730872,97.49092102050781,854800.0
2017-05-02,97.44634805037063,97.44634805037063,96.25211214492217,96.59077453613281,831000.0
2017-05-03,96.56404678969479,96.8135882350649,95.530231258948,95.94019317626953,968600.0
2017-05-04,99.80810699864341,100.4676172125033,96.64426799767352,96.88489532470703,1977000.0
2017-05-05,97.46420615104094,98.8366912083384,97.00968024517393,98.04350280761719,1116500.0
2017-05-08,98.05239511304606,98.31085071402816,96.89380877703431,97.6424331665039,864000.0
2017-05-09,97.58896056706365,97.96327275653802,96.87597913992646,97.43745422363281,709800.0
2017-05-10,97.5889556906541,98.56930000435995,97.28594301893361,98.54256439208984,819200.0
2017-05-11,98.54257781098906,98.87233293937807,98.10588021895688,98.69408416748047,549000.0
2017-05-12,98.42670800461147,98.69407092734716,98.11477439551145,98.37322998046875,601900.0
2017-05-15,99.00599192451558,100.54781120646952,98.67624365921763,99.861572265625,654200.0
2017-05-16,100.21808989970447,100.60131631509371,99.54967220771134,100.14679718017578,759900.0
2017-05-17,100.1467713737237,100.1467713737237,98.47126710587108,98.51583099365234,981300.0
2017-05-18,98.016739683339,98.63167912512382,97.02748129497473,98.03456115722656,921000.0
2017-05-19,98.43563505215012,99.6387922435995,98.1771862149381,98.31977844238281,897000.0
2017-05-22,98.84558084989634,98.97925890717154,97.80284440668983,98.55147552490234,797800.0
2017-05-23,98.84558103143779,99.81701118005788,98.56038304340883,99.55855560302734,592100.0
2017-05-24,99.55855281158748,100.30718391018469,99.4159606210653,99.861572265625,548600.0
2017-05-25,100.28936324708955,101.33209294260764,100.04873593254484,100.34283447265625,635900.0
2017-05-26,100.2626474485604,100.76173045113231,99.99527766889919,100.58348846435547,601000.0
2017-05-30,100.52109512050751,100.61021610683112,99.31794480640033,100.22698974609375,772000.0
2017-05-31,100.06656629363827,101.35884435537368,99.71898969760139,101.24298095703125,1136200.0
2017-06-01,101.31428211349596,101.85792896219984,100.61021477174022,101.02909088134766,813600.0
2017-06-02,101.0647403154323,101.95596376301197,100.76172080751766,101.67967987060547,605100.0
2017-06-05,101.42121907132075,102.03615855383805,100.85083667622078,101.25188446044922,689500.0
2017-06-06,101.15384513561439,101.5638070400485,100.36957107489185,100.42304229736328,754600.0
2017-06-07,100.42304190588219,100.85973941984963,100.15567219557892,100.52999114990234,1068500.0
2017-06-08,100.5299877634598,102.27678455998132,100.14676148466465,101.84008026123047,1440700.0
2017-06-09,102.26789423556939,103.95230606725441,101.67968347555465,102.8471908569336,1131500.0
2017-06-12,102.68676009457053,102.84718057676727,98.89906068667027,99.09513092041016,1804700.0
2017-06-13,100.40008359196766,100.9184867912213,99.19346062889997,100.69503784179688,1111600.0
2017-06-14,100.65034340398117,100.69503592066168,97.03046776472002,97.6650619506836,1710400.0
2017-06-15,96.49417925670606,96.52993190163068,92.62404238739454,94.78703308105469,2579100.0
2017-06-16,94.92110111428056,96.63719404988623,94.60827398145038,96.6103744506836,1704100.0
2017-06-19,96.97684141099779,97.62931532597332,95.54676953742471,96.82489776611328,1114700.0
2017-06-20,96.39584918444956,97.54884626799438,95.63612432698422,96.29753112792969,804900.0
2017-06-21,96.14559832970318,96.19029084009831,94.626148443944,94.91216278076172,1274100.0
2017-06-22,95.16243769057134,95.36800690105404,93.94687488548185,94.02731323242188,1180000.0
2017-06-23,94.1256227417059,94.66190561561642,93.33014511629064,93.7144775390625,3099700.0
2017-06-26,93.94686208625323,95.24286306171685,93.17819727542994,93.86641693115234,1826300.0
2017-06-27,94.19713020696953,94.46527165011005,93.22289614719129,93.37483978271484,1313000.0
2017-06-28,93.96476358700305,95.93111872282265,93.51786562237884,95.56465911865234,1201500.0
2017-06-29,95.79701785368323,95.86852314213306,92.74917141992611,93.5535888671875,985700.0
2017-06-30,94.04519289905302,95.21606318669751,93.95581468503264,94.33120727539062,807200.0
2017-07-03,95.04623954750637,95.21606292706647,94.15244377149843,94.7691650390625,555400.0
2017-07-05,94.74234901027285,97.11984896616124,94.74234901027285,96.54781341552734,1356400.0
2017-07-06,96.40481498354939,97.4952469443879,95.90429152052349,96.57463836669922,1173700.0
2017-07-07,96.81594144001942,98.71972365877222,96.66399782096578,98.30857849121094,1567300.0
2017-07-10,98.50521874368216,100.01573558925878,98.3175224736178,99.51520538330078,1443600.0
2017-07-11,99.8191136148369,101.07042907857955,99.07726147615338,100.95423126220703,1321700.0
2017-07-12,101.44580894265326,104.69028478258802,101.3385510069497,104.16294860839844,2115100.0
2017-07-13,104.21656859447572,106.36167946001417,104.21656859447572,105.18186950683594,2336800.0
2017-07-14,105.79859639581876,106.35274534951212,104.58303373353938,105.08355712890625,1723100.0
2017-07-17,105.16399859238784,105.26230983949401,104.09143972968498,104.44895935058594,863700.0
2017-07-18,104.41319006283464,105.62875248866214,103.8322216238685,105.22654724121094,688900.0
2017-07-19,105.44108818690819,106.88903297156715,104.27021790911695,106.50470733642578,1215400.0
2017-07-20,106.36170058299417,106.50471118468711,105.14613774508743,105.38746643066406,928700.0
2017-07-21,105.45896999778847,106.25444775548242,105.10145029543676,105.77179718017578,1017200.0
2017-07-24,105.9416002249535,106.71026505068026,105.32487902732812,106.00416564941406,1596600.0
2017-07-25,106.80859959255952,106.80859959255952,105.82542556264465,106.18294525146484,1128000.0
2017-07-26,106.50469121075278,106.61194232278775,104.57408936468885,104.75284576416016,870700.0
2017-07-27,105.2980781253702,105.74497601310252,102.96527060587785,104.01101684570312,955900.0
2017-07-28,104.0020664152989,104.55622219468583,103.5909212186389,104.127197265625,1388000.0
2017-07-31,104.39532141561833,104.5830176600336,103.43896046410116,103.50152587890625,925200.0
2017-08-01,103.73393996819073,105.18189164143975,103.0546600594653,104.95844268798828,916200.0
2017-08-02,105.02101676295224,107.21975382752458,104.6188113412959,106.763916015625,1527100.0
2017-08-03,107.06780119647614,107.21974484801044,105.89693086423287,106.18294525146484,1321400.0
2017-08-04,106.33485287316371,107.24652129258635,106.13821676998352,106.89794158935547,1077200.0
2017-08-07,107.8096255040347,110.36588141285867,107.2554697885775,110.00836181640625,3815400.0
2017-08-08,106.47787590119758,106.5136285463554,101.60669221869995,103.15296173095703,5311600.0
2017-08-09,102.48260005038496,103.42108127738628,99.41688107060972,101.14190673828125,2603600.0
2017-08-10,100.55201971636393,100.56095958302572,98.54097932203665,99.16663360595703,2603500.0
2017-08-11,98.31753503584545,98.56779676124104,97.06621958974694,97.7455062866211,2137700.0
2017-08-14,98.44267352313418,99.64036349773168,98.36223517050716,99.05939483642578,1620100.0
2017-08-15,99.21132598239197,100.48945414844346,98.32647011947026,99.99786376953125,1179300.0
2017-08-16,100.10512501323473,101.74970593670291,99.44371806089389,101.37431335449219,1289000.0
2017-08-17,101.83907008665534,101.83907008665534,100.10510448752125,100.20342254638672,1046000.0
2017-08-18,100.14087037820862,101.28492777551688,99.71184544465804,100.63245391845703,872700.0
2017-08-21,100.6860807177269,101.52624398656373,100.31068818362195,101.42793273925781,686000.0
2017-08-22,101.79442085922345,103.85015428518582,101.68716288964492,103.51944732666016,974200.0
2017-08-23,103.29595427696344,104.04674610551997,102.88480913096876,103.13507080078125,609300.0
2017-08-24,103.34958897662806,103.92161764943428,102.5362384777491,102.66136932373047,948100.0
2017-08-25,102.90268951814414,103.19764371576036,102.12509167603537,102.74180603027344,605600.0
2017-08-28,103.61773525008515,103.68030067600415,102.30385448666624,103.17083740234375,594800.0
2017-08-29,102.60772702641601,102.60772702641601,101.41897736441499,102.3038330078125,627300.0
2017-08-30,102.38428191513322,103.26913759107555,101.76756080993039,102.93843078613281,717600.0
2017-08-31,103.87692893618963,104.70815914266609,103.64454016364796,103.91268157958984,909200.0
2017-09-01,104.62772397464039,106.23655898558047,104.24339154531137,106.0309829711914,909300.0
2017-09-05,106.3616899367454,107.28229843085298,103.82331338286124,104.27914428710938,1177800.0
2017-09-06,104.5293961363916,106.9426484273751,103.87692914560087,106.05779266357422,1263000.0
2017-09-07,106.13822531258617,107.01414798294665,105.36956056689812,105.5483169555664,891800.0
2017-09-08,105.5394137268445,106.36170425762532,105.28021211666164,105.71817016601562,688600.0
2017-09-11,107.362740151491,111.1166793013468,106.82645728512311,110.69659423828125,1724200.0
2017-09-12,111.27756385057698,112.90427174012585,111.07198784064104,111.40269470214844,1402000.0
2017-09-13,111.42057126702878,112.7523249032459,111.2239351289726,112.26073455810547,1284400.0
2017-09-14,112.26074414541168,113.08513495052466,111.78582350413004,112.90592193603516,1220500.0
2017-09-15,113.17475069757784,114.5457501134968,112.27867193302548,114.0618667602539,1617800.0
2017-09-18,115.14609122524159,117.9777026645361,114.84142780626102,117.40421295166016,1694500.0
2017-09-19,117.83431784540676,121.20356794286295,117.58341696969578,120.6569595336914,1990900.0
2017-09-20,121.23049038561788,122.71798442055231,120.14624273434268,121.93840026855469,2917300.0
2017-09-21,122.31476546611025,122.31476546611025,120.14625624660137,120.87207794189453,2017900.0
2017-09-22,120.43297319675662,120.86310082232131,119.41144401392351,120.33440399169922,1324200.0
2017-09-25,118.53328881308468,118.86483355522056,114.0797766001167,115.4955825805664,2642500.0
2017-09-26,115.59415969305618,116.40959464374717,114.16939775047088,115.07443237304688,1422100.0
2017-09-27,115.73752759766526,117.49383418400396,115.49558252140787,116.5081558227539,1235600.0
2017-09-28,117.00098482529872,118.77521655599561,116.66942645847303,118.56912231445312,1299900.0
2017-09-29,118.99925415728376,123.19289591241584,118.73042781252701,122.14448547363281,2103600.0
2017-10-02,122.09071175630434,122.655245661277,119.93115900443473,122.42225646972656,1180300.0
2017-10-03,122.95990902034396,123.50651752408929,122.15344373360638,123.13912200927734,889400.0
2017-10-04,123.56923582828166,124.1875322617697,122.84341433612599,123.85598754882812,1113100.0
2017-10-05,124.26814224846454,125.5405855708764,123.86490971508627,125.14630889892578,820000.0
2017-10-06,121.58893387060586,122.95993333298973,120.55843505259962,122.93305206298828,1988400.0
2017-10-09,123.25561381474154,123.74845977795742,121.17670490556705,122.35953521728516,893400.0
2017-10-10,122.97783820090866,123.79325937657892,121.714364029522,123.4527587890625,832400.0
2017-10-11,123.65884924833641,123.85598763808552,122.19823672603377,123.13912200927734,1205400.0
2017-10-12,122.76279746163993,123.9545839244821,122.72696032525053,123.03162384033203,932000.0
2017-10-13,124.33093302650289,124.98506671955003,123.23771580082006,124.50119018554688,906400.0
2017-10-16,125.30763912892373,126.6248758802596,124.20546618275051,125.59439086914062,1332600.0
2017-10-17,126.05136388947331,126.07824515125345,124.45634521617741,124.92230987548828,1049200.0
2017-10-18,125.50473477902405,125.70187311499936,124.823720137609,125.14630889892578,719900.0
2017-10-19,123.85599481574447,125.02089982093159,122.89718407612051,124.9940185546875,798300.0
2017-10-20,126.0782830643054,126.60696626905941,125.5047931854196,126.14997100830078,925000.0
2017-10-23,126.34711245065648,126.70553850610817,123.4527817173053,124.13379669189453,1535500.0
2017-10-24,124.46533424451741,124.98506156587678,123.53341835064744,124.30404663085938,1332800.0
2017-10-25,125.00299423309632,125.8453105037931,122.65527212180936,124.13379669189453,1778700.0
2017-10-26,124.9133634101475,125.23595228416217,123.30043271314977,124.59077453613281,1375900.0
2017-10-27,125.12838097589947,125.42408847389031,123.54231845870154,124.62657928466797,1204800.0
2017-10-30,124.62660228408573,125.60332458998862,124.13375636314795,125.01190948486328,834800.0
2017-10-31,124.5728572046996,126.24851989746094,124.5728572046996,126.24851989746094,1576300.0
2017-11-01,127.24317179114895,127.61952319370583,126.21268678460575,127.53887939453125,906700.0
2017-11-02,127.69121312329382,128.7575489504015,121.51723150586952,122.68213653564453,2364000.0
2017-11-03,122.35954865541132,125.76465043432546,121.19464361616757,125.48685455322266,1395300.0
2017-11-06,125.6660207307413,127.24311355389307,125.5764074350672,127.21623229980469,950800.0
2017-11-07,127.24316408831909,128.65001408532916,127.11771362839444,128.2557373046875,1560600.0
2017-11-08,128.61421383154564,129.92249514757594,127.69125358369932,129.5550994873047,1750000.0
2017-11-09,127.3417053726613,127.63741289332921,122.21613569389385,126.20368194580078,2589200.0
2017-11-10,126.36505446068959,127.86150463211564,125.82740163378278,126.0066146850586,1056300.0
2017-11-13,125.03881172725308,128.7306651492301,125.02089999844851,128.47079467773438,948500.0
2017-11-14,125.02092206950522,125.11052174857211,122.59254242639264,123.34524536132812,1715600.0
2017-11-15,121.8666760120233,122.04588897742642,117.5206898173654,120.55839538574219,1987100.0
2017-11-16,121.4186433580295,122.53874154398919,120.68385238496464,121.26631164550781,1915200.0
2017-11-17,121.79498493147518,122.1534245260551,120.64800557496436,122.05485534667969,1441700.0
2017-11-20,121.4007284582141,122.04590616297243,120.97957041002255,121.32904052734375,1009300.0
2017-11-21,122.126561965102,123.40796163664822,121.91151182442229,122.49395751953125,958500.0
2017-11-22,123.43480672501371,123.51545050413159,121.12292267879653,121.19461059570312,715400.0
2017-11-24,121.51719446435929,123.21973798446133,121.41862529173835,122.8165054321289,415500.0
2017-11-27,122.81651595434045,123.07638637400149,122.03693204150272,122.07276916503906,773900.0
2017-11-28,122.54771285708597,123.24665311939617,121.77708466106762,122.6642074584961,690700.0
2017-11-29,122.89717782705024,122.89717782705024,117.05475504248615,118.2375717163086,1529700.0
2017-11-30,118.30923222986188,120.80032913374323,118.06728722896072,120.36125946044922,1291000.0
2017-12-01,120.84520424108598,121.3290808439052,116.49921599032757,118.41682434082031,1240100.0
2017-12-04,119.56374890490322,119.98490689802172,115.74645937848291,115.90776062011719,1595600.0
2017-12-05,115.1460965295166,116.71423403089133,113.96327308765541,114.68909454345703,1414300.0
2017-12-06,114.2769165326941,114.8772876262603,113.18369941513299,114.23211669921875,1675300.0
2017-12-07,113.8557648578395,116.97411510869841,113.80200232002626,115.66584777832031,979500.0
2017-12-08,116.4274930764847,118.14797612632304,116.39165594643919,117.02787780761719,1557300.0
2017-12-11,117.31461087802383,118.41678374829587,116.6425519153818,117.51174926757812,970900.0
2017-12-12,117.38629492467349,117.49381997975512,116.59774139254387,116.81280517578125,1025700.0
2017-12-13,116.82176536727154,117.47591260478349,116.29308226276845,116.579833984375,960800.0
2017-12-14,116.7774551454638,116.83135023936781,114.5496976010414,114.60359954833984,1015000.0
2017-12-15,116.04984333599383,118.60995623009754,115.87018845502338,116.39119720458984,2133700.0
2017-12-18,118.24168520449606,119.30165874652816,117.79254108530469,118.64591217041016,1387600.0
2017-12-19,118.68180818731487,119.46332808118892,118.21470828827704,118.59198760986328,1047100.0
2017-12-20,119.0231633131916,119.30163040785722,117.94522042454284,117.97216796875,832300.0
2017-12-21,118.29556960360861,118.54708919105775,115.40308064115398,115.56476593017578,1102100.0
2017-12-22,115.31322512979678,116.29236945808994,114.98086295897782,116.1396484375,781100.0
2017-12-26,116.09475341568915,116.23846908764357,115.03476638094902,115.91508483886719,326200.0
2017-12-27,115.87917255371052,116.41815093202499,115.14256968380005,115.36714172363281,667800.0
2017-12-28,115.47495087988669,115.70850087749993,114.41497052948901,115.38511657714844,998200.0
2017-12-29,115.67254737150371,116.05880462481144,114.54968053972243,114.88204956054688,714600.0
2018-01-02,115.8162556043981,118.49316349009383,115.42102043105255,118.15180969238281,1118600.0
2018-01-03,118.60997856433777,120.31673452191093,117.33441085043293,118.38540649414062,1042100.0
2018-01-04,118.79860622059883,119.43639682940555,116.87627015403423,116.97508239746094,820600.0
2018-01-05,117.71168190940239,119.2836862889482,117.23559025099746,118.32252502441406,806500.0
2018-01-08,120.64009402544174,124.56560861850579,119.99332549982539,123.46969604492188,1945200.0
2018-01-09,123.53257963050375,123.94578446826108,121.27786779504531,121.66413879394531,1198100.0
2018-01-10,121.36772320682628,121.4934830106544,118.83454382098604,119.43640899658203,884600.0
2018-01-11,119.74179011094563,121.05328288195373,119.11299126821663,120.99040985107422,838400.0
2018-01-12,121.56530629660777,121.99648066186194,119.5531364141118,119.93940734863281,990100.0
2018-01-16,120.46942176452103,121.1521158094547,112.91481529519842,114.98088073730469,2879600.0
2018-01-17,116.05880668844223,116.2833786881129,113.18428783401514,114.03765869140625,2017000.0
2018-01-18,103.48280054825605,106.6717264812646,101.09335743884127,105.91716766357422,8622300.0
2018-01-19,106.8064554792567,107.2555995251296,103.75227459664205,104.21040344238281,4275100.0
2018-01-22,104.00379905834305,104.13854364912244,101.56045423731132,101.98265075683594,3648000.0
2018-01-23,102.68331656652808,103.30313758512514,100.71607017195454,101.50656127929688,2972100.0
2018-01-24,102.40484227618504,102.54857166023699,100.64419844191407,100.96758270263672,2727500.0
2018-01-25,101.20116250595477,105.04583530827414,101.20116250595477,105.00990295410156,2499800.0
2018-01-26,105.09971833724683,105.83631437966268,102.41383856535668,102.77315521240234,1916700.0
2018-01-29,102.61145345370208,102.81805588036211,99.98844697330613,100.32081604003906,2250800.0
2018-01-30,100.94960914063758,102.17128144355128,99.75489123622133,100.04234313964844,2146000.0
2018-01-31,100.47353946911086,100.6801487822638,99.03627963868433,100.23998260498047,2606200.0
2018-02-01,99.6380890726018,100.22197755981765,97.87744566668097,98.09303283691406,1961800.0
2018-02-02,97.48220011006417,98.02117833398128,94.24836503352559,94.77835845947266,2738600.0
2018-02-05,93.67351135983061,98.72189453289168,92.38895869968962,94.45502471923828,3838000.0
2018-02-06,92.98179843064132,97.48221664877782,92.8021367077235,96.60189819335938,2903900.0
2018-02-07,96.5300427766893,98.34458865879442,95.72158207938477,95.78446197509766,1668300.0
2018-02-08,96.06294568863598,97.64392804194306,94.44602413025906,94.4819564819336,2377500.0
2018-02-09,95.21854645445637,97.65290658385632,93.19739806273442,96.76360321044922,2573800.0
2018-02-12,98.16493893897078,100.74302868567635,97.9224041267782,100.23998260498047,2637100.0
2018-02-13,100.24895093649371,101.14723903960459,97.08697982903698,97.41934204101562,2763500.0
2018-02-14,96.27852157566186,100.75199945663034,95.7844603652255,100.35675048828125,2051700.0
2018-02-15,100.99455859337112,102.98875980971084,100.05135309264952,102.95282745361328,1760200.0
2018-02-16,102.72821796916224,102.93482037476305,100.57232536194854,100.82384490966797,1668900.0
2018-02-20,100.60825756430684,103.65345338338356,100.60825756430684,102.92584228515625,1431700.0
2018-02-21,103.6175241738852,104.65055679186565,101.38977366977866,101.51553344726562,1775000.0
2018-02-22,102.29704073301657,103.07855380424442,101.65027909344869,102.11738586425781,1021900.0
2018-02-23,104.05770049326514,106.74358711202287,103.85109804775762,106.67172241210938,2142300.0
2018-02-26,102.71924425196461,103.21330545499664,96.22462503912904,98.90151977539062,7152000.0
2018-02-27,99.31472724856077,101.59637977847335,99.31472724856077,100.22200012207031,2665700.0
2018-02-28,101.14721131743835,101.41670041586848,88.86761795828667,90.21504974365234,6717200.0
2018-03-01,90.96961863854155,91.00555097932696,85.0678670190562,86.24462890625,7170800.0
2018-03-02,85.95718965065657,86.10091218150136,81.28608746380169,85.35533142089844,5718000.0
2018-03-05,84.63671941272233,87.72683316394574,83.98995078075507,86.63092041015625,2503300.0
2018-03-06,88.3915701201792,90.62830606897485,87.84361370872465,89.95458984375,3587400.0
2018-03-07,88.93054330590616,90.38577284540716,88.55326385790825,89.87374877929688,1567900.0
2018-03-08,89.97252753416662,91.04148557205198,88.61611076288767,89.1820297241211,1274400.0
2018-03-09,89.56831182411602,92.00267192109565,89.00239274919284,91.40980529785156,1510000.0
2018-03-12,91.61640606809752,93.39501961221511,91.26607423951893,92.51469421386719,1509000.0
2018-03-13,92.52365929829247,93.77227900657078,92.11943246019119,92.64043426513672,1373100.0
2018-03-14,92.94236790601842,94.00580265258752,90.2116855749776,90.4189682006836,1965700.0
2018-03-15,90.59920705321424,90.95969468381956,88.18394886660715,88.38221740722656,1506900.0
2018-03-16,88.2380295077115,89.0491181097384,86.96731211327088,88.652587890625,2101800.0
2018-03-19,87.93159829129658,88.3191212411594,86.34545704584313,87.33679962158203,1186300.0
2018-03-20,87.3818704047873,87.3818704047873,84.71427285074505,85.90387725830078,3660000.0
2018-03-21,86.22831483871111,89.01306793470043,85.26401435513726,87.84149169921875,1780300.0
2018-03-22,86.7960562134788,88.0487451161779,84.75931428398032,84.81338500976562,1536200.0
2018-03-23,84.71427614072093,86.13819860262318,83.84009580808815,84.02935028076172,1356700.0
2018-03-26,85.22794307518062,85.91286872827027,83.93920473320848,85.03868865966797,1691600.0
2018-03-27,85.41722425005098,86.29140459251497,83.64182819382704,84.2005844116211,1644700.0
2018-03-28,84.20056665962288,84.57006144898418,80.46052086088659,80.71286010742188,2906300.0
2018-03-29,81.52396482141151,84.43489432294513,81.15446998959362,83.5787353515625,2275700.0
2018-04-02,82.95688612629844,83.31736681094559,79.87472401703015,80.17212677001953,1919800.0
2018-04-03,80.73088209852196,81.69518236021678,78.9104230292521,81.48789978027344,1883800.0
2018-04-04,79.10870989283312,82.58740290624063,78.1804588589474,82.55135345458984,2280800.0
2018-04-05,83.16415505193451,88.76070179624723,82.78564623847826,86.30939483642578,2884300.0
2018-04-06,85.17389929655401,86.17424929198539,82.2179128463796,82.73160552978516,2707900.0
2018-04-09,83.60576519749029,83.60576519749029,81.81234814281524,82.2088851928711,1161400.0
2018-04-10,83.6958857092529,84.3808045366742,82.6234370672361,83.209228515625,1453300.0
2018-04-11,82.76762699051415,84.70524166188542,82.19986370920797,84.09241485595703,1072800.0
2018-04-12,84.3988152816389,84.79534534313169,83.20019726738926,84.16449737548828,1185400.0
2018-04-13,86.64283250057484,86.91319982248179,85.11076934503986,86.06605529785156,1999300.0
2018-04-16,86.9222501774792,87.93161422121379,85.20093179233996,87.30076599121094,1415800.0
2018-04-17,87.99467933236551,88.2830680122972,86.37248871041943,87.0844497680664,1164200.0
2018-04-18,87.65222350617306,89.92328359399286,87.46296907183213,89.03108215332031,1145700.0
2018-04-19,89.22035470533774,89.8512029479117,87.34582439064631,88.8508529663086,1526400.0
2018-04-20,88.5264051472524,88.60751124516146,87.51704127143454,88.09381866455078,912300.0
2018-04-23,88.02171458822471,88.76972508940673,87.44493722907262,87.72431182861328,804900.0
2018-04-24,88.18396741714085,88.76975908063645,84.81342214476607,86.31845092773438,1328600.0
2018-04-25,86.3364537934511,86.71496268020856,85.14684952383548,86.03003692626953,870800.0
2018-04-26,86.37249056097086,87.69727845132265,85.21893581652891,87.01235961914062,1030400.0
2018-04-27,86.88619814383925,88.01271762889643,86.64286608465851,87.37284851074219,857100.0
2018-04-30,87.38185119628906,89.07613380559974,87.1565473286597,87.38185119628906,1441900.0
2018-05-01,86.76001522754804,87.9766616821289,86.21028008511578,87.9766616821289,1221600.0
2018-05-02,87.95862933875169,89.91426527719528,87.92257989451925,88.17491912841797,1398300.0
2018-05-03,88.18395176888318,89.4366409977742,86.97632607369955,88.22000122070312,1384000.0
2018-05-04,87.96763091541517,90.8244819264247,87.88651795848907,90.17560577392578,1294300.0
2018-05-07,90.22069549560547,92.26645191016456,89.84218658862213,90.22069549560547,1388200.0
2018-05-08,90.12154764599246,91.37423660821348,89.6709399077625,90.77042388916016,1680600.0
2018-05-09,91.67164169812314,92.61791384704605,90.27475492377636,91.69867706298828,1934900.0
2018-05-10,91.43730099326604,91.82482383661653,87.09344364199447,88.67057037353516,3860700.0
2018-05-11,88.31912129568084,89.24737218469231,88.10283149526283,88.80577850341797,1683200.0
2018-05-14,89.49068495609623,91.13990378327887,89.20229632572897,89.43660736083984,1525200.0
2018-05-15,89.29244052268653,91.69868444971789,88.3461614218081,90.8515396118164,1728400.0
2018-05-16,91.15796202789411,92.73508937482747,91.08586312757349,92.23941802978516,1545800.0
2018-05-17,92.482752560329,95.41170342542806,92.37460420697032,94.44740295410156,2770400.0
2018-05-18,94.62764852777843,95.79923168841441,93.86161655769958,94.55554962158203,2305800.0
2018-05-21,95.07824355751623,95.88933895353188,93.2848264810194,93.78950500488281,1853900.0
2018-05-22,94.2130707134451,94.75379864701388,92.04113802309206,92.23039245605469,1034200.0
2018-05-23,91.32918498867873,92.14929447950657,90.84253461859747,91.77979278564453,907200.0
2018-05-24,89.74303876274035,90.09451224837098,85.57040670781365,85.63349151611328,3516900.0
2018-05-25,85.07476862108192,85.89487138250078,84.14651749383319,85.45327758789062,1741900.0
2018-05-29,85.2369593365992,85.4262137569564,83.46156379112155,83.84007263183594,1612200.0
2018-05-30,84.34475708007812,85.1198029760833,83.81304322448763,84.34475708007812,1241000.0
2018-05-31,84.31774705086602,85.0026729759727,84.03837235640299,84.23664093017578,1430000.0
2018-06-01,84.26365971994635,85.68758203704671,84.26365971994635,84.9485855102539,1242800.0
2018-06-04,85.22794196728898,85.61546487279496,84.56104448190473,85.11078643798828,962300.0
2018-06-05,85.1648727446837,85.92189053539751,84.97561829700525,85.30005645751953,973300.0
2018-06-06,85.43526122384884,86.22832865846681,84.66922228758345,86.21931457519531,1738000.0
2018-06-07,86.19224479947249,86.90420582767707,85.33609287512915,85.81373596191406,887500.0
2018-06-08,85.7957169651049,86.33645179162542,85.29103846112994,85.94892883300781,1044200.0
2018-06-11,86.02102085091214,86.85915158114423,85.28202438049355,85.94892883300781,815800.0
2018-06-12,87.51703925238225,88.09381663219202,85.93991210039927,86.2823715209961,1584600.0
2018-06-13,86.36347159730273,86.54371192318223,84.80436596310713,84.87646484375,1598200.0
2018-06-14,85.18852336576812,85.89397981032802,84.42879626374447,84.70917510986328,1148200.0
2018-06-15,84.2298301122902,84.67300718370136,83.38870727303812,84.41072082519531,1698900.0
2018-06-18,84.21172131931202,84.23885319371335,83.46104059293336,83.99465942382812,1675600.0
2018-06-19,83.03596733727298,83.09023799365418,81.61600821685418,82.66515350341797,1841100.0
2018-06-20,83.28015645257369,83.77759024831418,82.5837394781545,82.85507202148438,1333700.0
2018-06-21,82.67419161739865,83.71428364177078,82.52947908167211,83.18067169189453,1319600.0
2018-06-22,83.55149316050965,84.67299471454069,83.3525237560275,84.52828216552734,1380200.0
2018-06-25,84.7001243414048,85.89397523794037,82.56566260210275,83.171630859375,1414900.0
2018-06-26,83.50627831266581,84.2026885011263,83.10832569053163,83.67811584472656,1070700.0
2018-06-27,84.78152795054757,87.12401246888021,84.35644343446145,84.48307037353516,1967800.0
2018-06-28,84.33834238448074,84.79960495587187,83.66001791490046,84.69107055664062,943700.0
2018-06-29,85.13423386067699,87.6847333880472,84.83577636193544,85.31512451171875,1768400.0
2018-07-02,84.96240967209674,85.73117608365797,84.09415511195152,84.54637145996094,1182400.0
2018-07-03,87.42246964057908,88.47160800299524,86.71700632586982,87.38629150390625,1726500.0
2018-07-05,87.62142930486345,88.06460625465178,84.3835657856062,85.72212219238281,1850900.0
2018-07-06,85.36035488842869,87.06973212231563,84.87196040727902,86.40950012207031,1171900.0
2018-07-09,86.59943440497521,87.29584457503559,86.35524060256485,86.80745697021484,1003600.0
2018-07-10,86.80745295492927,87.58525872305758,85.95728401498417,86.65369415283203,1124600.0
2018-07-11,85.92110917600687,86.11103922088935,85.1071183406004,85.6316909790039,1173300.0
2018-07-12,86.79840639173041,87.0878245766141,85.80353181245981,86.23765563964844,996500.0
2018-07-13,86.37333548556182,86.82555190171661,85.79449902490572,86.4366455078125,847300.0
2018-07-16,86.36428939911981,86.56326572667268,85.62265475114316,85.88494110107422,2343000.0
2018-07-17,85.78545030810496,87.99226856383767,85.46890020591576,87.70285034179688,1103900.0
2018-07-18,87.64858609094604,88.50779449211852,86.87981268957893,87.49482727050781,1394600.0
2018-07-19,86.8164732709639,87.3229601603957,85.95726516074376,87.01544952392578,976000.0
2018-07-20,86.51802708610413,86.56324457659771,84.61871307826958,84.92622375488281,1803800.0
2018-07-23,84.78151796216576,84.78151796216576,81.417027269829,82.23101806640625,2490600.0
2018-07-24,83.06309847397763,83.59671737193948,81.99587447860219,82.21293640136719,1318400.0
2018-07-25,81.88732730751731,83.14448805223154,81.6793047762538,83.01786804199219,1115600.0
2018-07-26,83.11736557420507,84.50114648558073,82.4209485388929,84.16650390625,1209000.0
2018-07-27,84.35642094910551,85.14327975213953,83.21684090367067,84.34738159179688,889900.0
2018-07-30,84.34738873809427,84.34738873809427,82.86411978162515,83.58766174316406,1272200.0
2018-07-31,83.77758901073013,85.49601232579688,83.48817085558112,85.19754791259766,989500.0
2018-08-01,85.01666772432544,85.1613802581151,81.48033280791641,82.31241607666016,1763100.0
2018-08-02,81.98683028950823,83.53340946627581,81.47130389725237,83.22589874267578,1494900.0
2018-08-03,83.44294858530048,84.03083111996803,83.03594979963555,83.7594985961914,786700.0
2018-08-06,83.47911416869609,84.04890410266339,83.0992473124462,83.8047103881836,1110100.0
2018-08-07,84.11224359610917,84.77248252282288,83.75046912531839,83.94039916992188,1603600.0
2018-08-08,88.10079600524617,90.88644358410312,87.29584452305623,89.33081817626953,5215100.0
2018-08-09,89.67450847355165,93.2560613327628,89.19516022046439,91.13064575195312,3463900.0
2018-08-10,90.48848989145088,91.16681438269032,88.82433021813453,89.08661651611328,1340100.0
2018-08-13,88.75196426425023,89.01425053360592,86.4185335132396,86.49088287353516,2108700.0
2018-08-14,86.5994219516795,88.10982274636386,86.46375568083896,88.02842712402344,1152900.0
2018-08-15,86.97929023327468,87.4586384554381,84.6006347401562,86.40950012207031,1930600.0
2018-08-16,87.26871432990023,88.77007601072172,87.26871432990023,87.78424072265625,1116900.0
2018-08-17,87.37723818607188,87.47672632881671,85.2699084719653,86.31905364990234,1334900.0
2018-08-20,86.46376387544011,87.12400277595924,86.21052382601594,86.40950012207031,1129700.0
2018-08-21,86.34618706708352,86.47280708733382,85.41462253226764,85.7763900756836,1384300.0
2018-08-22,85.92108657171664,86.23763656324219,85.28798658866553,85.49600219726562,1236100.0
2018-08-23,85.46888603106386,85.55932791665047,83.57862509129122,84.80864715576172,3337400.0
2018-08-24,85.25181269734276,87.71187029705288,85.01665830612183,86.82552337646484,1612700.0
2018-08-27,87.0968659600014,88.62535242885198,86.91597529190402,87.63047790527344,883900.0
2018-08-28,87.67571258544922,88.73389724196348,87.16922555561756,87.67571258544922,1058300.0
2018-08-29,87.54910188891392,87.92896202658861,86.44569271733748,87.47674560546875,753800.0
2018-08-30,86.99738421494986,87.24157800949627,85.52315448771117,85.9663314819336,985200.0
2018-08-31,85.65883765811037,87.2144633234063,85.42368317607661,86.39142608642578,762900.0
2018-09-04,87.72996312182785,88.25453569140538,85.93014416099263,87.34105682373047,1488400.0
2018-09-05,87.34106309155091,87.60334939516201,85.97536782111848,87.23252868652344,1333800.0
2018-09-06,87.44960343904042,89.077578223436,87.40437904213742,88.326904296875,1355700.0
2018-09-07,87.63953861438809,88.60728142238884,86.62657140683771,87.90182495117188,1280100.0
2018-09-10,88.10981925096681,88.56203553564671,87.57620734717553,88.08268737792969,1227000.0
2018-09-11,87.802315283165,89.95486230908425,87.17825460368606,89.39411163330078,1536400.0
2018-09-12,89.37603577713584,90.51562286836005,88.77006754698812,89.95487213134766,1221000.0
2018-09-13,90.62189604248202,91.87422897732871,90.38594684944889,91.3025131225586,1415100.0
2018-09-14,91.53844262915736,92.15553559265737,90.26795630152868,91.56566619873047,1250400.0
2018-09-17,91.56566302415159,93.91605676372208,91.32063705930165,92.9722671508789,1769500.0
2018-09-18,92.97228692621545,93.63475723934019,91.86515566610825,93.5258560180664,1301500.0
2018-09-19,93.78903689858396,96.51150535383223,93.77996006512645,95.73106384277344,1644800.0
2018-09-20,95.83087580600346,97.10136230499329,95.65845753425376,96.73836517333984,1523400.0
2018-09-21,97.07411429160328,97.48248163465311,94.86891540723036,95.6675033569336,2066900.0
2018-09-24,95.41342104845108,96.28460991457861,94.79632806949488,95.23192596435547,1230600.0
2018-09-25,95.55860181078069,95.69471963236472,92.85428133663942,93.04485321044922,1454700.0
2018-09-26,92.63650160989366,93.09024622170905,91.77438269328842,91.94680786132812,1491500.0
2018-09-27,92.02849702535241,92.34611690871078,90.50391466163805,91.61104583740234,1079100.0
2018-09-28,91.42045942491005,91.80161014815384,90.49482349381645,90.54927062988281,1421000.0
2018-10-01,91.35692084520392,91.77436497665717,90.83965236453447,91.51119232177734,758200.0
2018-10-02,91.78346360477455,92.5729817569285,91.26619500125125,92.42778015136719,1035500.0
2018-10-03,92.59113614058747,95.28638058490705,92.35518697386608,94.41519165039062,1352400.0
2018-10-04,94.37888823134794,95.0232048105576,93.11747864445111,94.57853698730469,1168100.0
2018-10-05,94.52409990408927,95.51326003384591,92.53669588830977,93.5258560180664,1521000.0
2018-10-08,92.68187028696092,93.0357905240652,91.22988893940571,92.790771484375,2145400.0
2018-10-09,91.83789615425995,91.83789615425995,87.9992210547204,88.2805404663086,2716200.0
2018-10-10,88.24426953036014,88.34409392075109,86.64709313129474,86.81951141357422,1833300.0
2018-10-11,85.84846407690927,87.48194716168364,85.3311955873294,85.63066864013672,1614000.0
2018-10-12,86.73784192272304,87.22788704881467,85.40383134451723,86.29316711425781,1048200.0
2018-10-15,86.3566799131024,87.7632840892758,86.3022258503364,87.16434478759766,759200.0
2018-10-16,87.54551002467923,88.40762224923989,86.57449657154024,88.15352630615234,993400.0
2018-10-17,87.55457967795482,88.35316785125454,87.20065244499825,87.40937805175781,1183100.0
2018-10-18,87.33678010760237,87.8903492093722,85.8031276911862,86.81951141357422,1202400.0
2018-10-19,86.7196562766896,87.38212636680544,86.27498855580198,86.7831802368164,880100.0
2018-10-22,87.36398606318008,88.95209223272128,86.55632119370088,88.26240539550781,1317800.0
2018-10-23,86.78317750265752,87.82679132065445,85.08617736833841,87.26415252685547,1497800.0
2018-10-24,87.36398137234863,87.49103622879595,84.83209262218693,84.97728729248047,1538100.0
2018-10-25,85.63975233696279,86.72873653174489,85.01358261698711,86.58354187011719,1135900.0
2018-10-26,85.31303747240722,86.91021302714597,84.07885195600561,86.42924499511719,1621200.0
2018-10-29,87.57272958976694,88.84321617060688,85.26770561740179,86.35669708251953,1448600.0
2018-10-30,86.21147350297686,88.36222538707095,85.01358804282658,88.1353530883789,1305700.0
2018-10-31,89.01560946576116,90.97578939857118,88.82503757067012,90.04107666015625,2166800.0
2018-11-01,91.09375726624928,96.04864713359244,90.74891388597594,95.6675033569336,2981900.0
2018-11-02,96.02143226684692,98.43535691824253,95.82178353043454,96.59315490722656,1710800.0
2018-11-05,96.30274397870733,96.96520713207366,95.27727688383688,96.38441467285156,829800.0
2018-11-06,96.42074857673465,97.90903063617269,96.28462378226034,97.81828308105469,1222100.0
2018-11-07,98.00884795009914,98.68038811781753,96.7928155673768,97.99977111816406,1751800.0
2018-11-08,94.65113173891862,97.10134994951571,92.20090660472799,96.07588958740234,2643900.0
2018-11-09,94.37887985611012,94.83262447080295,91.19359072236026,92.90874481201172,1455000.0
2018-11-12,92.79987293361206,92.81801967619857,88.8885887028951,88.99748992919922,1241600.0
2018-11-13,89.27880059236567,91.59290122586512,89.2334302785995,90.02294158935547,1453900.0
2018-11-14,90.74892040329372,91.67455634502632,90.26795223293117,90.69447326660156,785700.0
2018-11-15,90.50389040353005,93.80715015225998,89.90494427808282,93.19912719726562,1139600.0
2018-11-16,92.6546587600674,93.28082861028845,90.62188460930724,91.63827514648438,1379700.0
2018-11-19,91.32973250385518,92.74541374985178,90.1227699422839,90.39501953125,981100.0
2018-11-20,88.80689038977894,89.06098624863039,86.24777121712921,86.88301086425781,1643800.0
2018-11-21,87.12807023287232,87.72700971222159,84.6596976454553,86.68339538574219,1202700.0
2018-11-23,86.16610356731219,89.0065494184651,85.8666373696212,87.81773376464844,482900.0
2018-11-26,88.33500973296074,88.94303285751526,87.01915294896087,87.67254638671875,977600.0
2018-11-27,86.81042540400621,87.98108044948431,85.86663574854704,86.60169982910156,1014200.0
2018-11-28,86.34760737206402,87.74514171020492,85.33121687425414,87.6816177368164,1093400.0
2018-11-29,87.75420267919442,87.90848110478876,85.65790484731569,87.50010681152344,894300.0
2018-11-30,87.1189817229584,88.289643870692,86.4111411042345,87.40937805175781,1037800.0
2018-12-03,89.46937340798199,91.07563346548103,88.57096087286904,89.35140228271484,1698000.0
2018-12-04,89.09729329022292,90.58557508041548,84.40557561109645,84.56892395019531,2421500.0
2018-12-06,83.52531655171742,83.52531655171742,79.87720566453129,82.75395202636719,2034900.0
2018-12-07,82.87192363256275,83.69774222918672,79.93166020250064,80.44892883300781,1523500.0
2018-12-10,80.74840167298751,81.50161253670325,79.17844212375128,80.80284881591797,1088000.0
2018-12-11,82.60875865828646,83.57069520305723,80.50338353528228,80.83915710449219,1060200.0
2018-12-12,81.91905933298595,82.16408533097447,80.50337818405384,80.56690216064453,973000.0
2018-12-13,80.70809576240002,81.16355906461426,79.45101955022335,80.10688781738281,955700.0
2018-12-14,79.31434908829264,79.8335767778983,76.52691695986397,77.40140533447266,1719900.0
2018-12-17,77.00060503587508,77.0734808135179,72.60082899557678,73.33868408203125,2762400.0
2018-12-18,73.98542561062233,75.30626579453575,73.45708675713087,73.81234741210938,1690000.0
2018-12-19,74.08565679486144,75.27896833233916,72.02696087882997,72.69194030761719,1764700.0
2018-12-20,70.65145886915333,71.1797979202194,67.10795525221276,69.37616729736328,4684500.0
2018-12-21,69.5310065114595,70.74254016476661,67.955100946279,68.17372131347656,2776000.0
2018-12-24,67.37213679558866,68.16464551355548,65.98753129216587,66.6160659790039,870200.0
2018-12-26,66.88934179262161,69.51280794875763,65.48651396786947,69.48548126220703,1500300.0
2018-12-27,68.57455132257853,70.42373115431292,67.40856642078452,70.34175109863281,1657000.0
2018-12-28,70.66967708662096,71.4075253020854,69.33061406609852,69.90449523925781,1202500.0
2018-12-31,70.14134406233237,70.82453897203041,69.25774420048535,70.20510864257812,1040100.0
2019-01-02,69.04822793721786,71.99051648935777,68.4379019316709,71.1524658203125,1052300.0
2019-01-03,70.00471478586344,70.03204147461163,66.1150608747431,66.21526336669922,1968100.0
2019-01-04,67.9277825682579,70.39639232182631,67.74560006497094,69.44902801513672,2089500.0
2019-01-07,69.49460420609495,70.26889057162057,68.63833081725829,69.75877380371094,1413300.0
2019-01-08,70.39639120760788,70.78808983831043,69.77696097649262,70.44194030761719,1622800.0
2019-01-09,70.85185563690621,71.12513634206654,69.16664315459626,69.9955825805664,1113900.0
2019-01-10,69.43994099194883,71.0340626157787,68.81139938489677,70.38729858398438,1929400.0
2019-01-11,69.88628240273698,70.91562684890697,68.65653301399178,70.51482391357422,1526200.0
2019-01-14,69.77696836563814,70.57858813186255,69.3123939056506,70.114013671875,1374900.0
2019-01-15,68.29215359688027,69.2486221508684,66.61604540017925,67.08061981201172,2128200.0
2019-01-16,67.33569927298831,68.25573717605825,66.95311173105316,67.34481048583984,2634300.0
2019-01-17,67.26281621223937,68.98447386482101,66.99865361641966,68.58366394042969,2020800.0
2019-01-18,69.07556888702666,70.36908304989015,69.02090856266457,69.80430603027344,1457300.0
2019-01-22,68.76585430196981,68.96625928696436,67.4996667511252,68.65654754638672,1435800.0
2019-01-23,68.90246482016596,69.08464730035624,66.93486762480956,67.3356704711914,1271100.0
2019-01-24,67.38123091847666,68.49256230439548,67.0897347311715,67.42677307128906,1660300.0
2019-01-25,69.03002960685168,70.46929557324785,68.85695129638817,69.75877380371094,2234900.0
2019-01-28,69.43991452863365,70.63322575119173,69.24861389083759,70.22330474853516,1273500.0
2019-01-29,70.58769457403594,71.7627906268911,70.58769457403594,71.34376525878906,1815100.0
2019-01-30,72.0451667141721,73.3022496127961,71.37108311407125,73.0654067993164,1592500.0
2019-01-31,73.54822779927514,74.28608323228215,72.50977180448595,73.53912353515625,1971400.0
2019-02-01,73.6848511137633,74.59577770134827,73.33870151241561,74.05833435058594,969200.0
2019-02-04,74.05833444349656,74.69598027567868,73.75772700126,74.64132690429688,885100.0
2019-02-05,74.01278875855809,74.6413303578035,73.00165964230183,74.07655334472656,1410600.0
2019-02-06,73.72128728227239,75.49759130647641,73.64841148901833,74.86905670166016,1154500.0
2019-02-07,74.12210999825037,74.4955863410051,72.22738074528283,73.4571304321289,1222800.0
2019-02-08,72.71928792450842,73.81239730176273,72.43689589135877,73.79418182373047,712500.0
2019-02-11,74.3042580601354,74.59575419832764,73.1564889754589,73.65750122070312,659900.0
2019-02-12,73.18383987618282,73.68485228726095,71.43486246812202,73.28404235839844,1947500.0
2019-02-13,73.80325595828722,74.84171847750127,73.74860259668225,74.45001983642578,886600.0
2019-02-14,74.15853618490634,74.56845036581981,73.23849839351462,73.2567138671875,1362500.0
2019-02-15,74.51381489017793,74.51381489017793,73.17475138453844,74.12211608886719,1549800.0
2019-02-19,73.83058959538185,76.03502987799207,73.25670149921098,75.72531127929688,1616100.0
2019-02-20,75.89840477773197,76.67269100535547,75.37006567659837,75.43383026123047,1770900.0
2019-02-21,80.6989772322098,83.80524000753196,78.18482503585267,81.3093032836914,5503500.0
2019-02-22,81.82851556490917,81.89228013132023,80.17062988840495,81.23641204833984,1511000.0
2019-02-25,81.97427808774127,83.80524239470506,81.92873593024365,83.41354370117188,1607600.0
2019-02-26,83.09472258373644,84.06941373278592,82.7667884635125,82.89431762695312,1265400.0
2019-02-27,82.90343657324821,84.84370784074699,82.57550242242887,84.06031036376953,1128300.0
2019-02-28,83.96920178067168,83.96920178067168,82.81232822860649,83.15847778320312,1338800.0
2019-03-01,83.80524615616417,84.24249397663814,82.53905875392064,82.7030258178711,1320900.0
2019-03-04,82.89429912900403,82.89429912900403,79.34168491922624,80.60787200927734,1691500.0
2019-03-05,80.48036583440738,80.76275781370288,79.58766163485267,80.0977783203125,960800.0
2019-03-06,80.11598593772067,80.37105120525439,78.48543355663503,78.67672729492188,754600.0
2019-03-07,78.0937281747977,78.33967526013666,76.48138445487162,77.06437683105469,1296800.0
2019-03-08,75.73443042562715,75.82552168779448,73.60286570167715,75.57957458496094,1779500.0
2019-03-11,75.94397343439789,77.90246058780538,75.69801929478635,77.89335632324219,1016000.0
2019-03-12,78.21215625490298,78.45810337213679,77.46519674168778,77.85689544677734,850400.0
2019-03-13,78.36702351528287,79.12309435028145,77.99354717920428,78.53099060058594,1013400.0
2019-03-14,78.51999280311067,78.85847600617448,77.37645337738535,77.51367950439453,787300.0
2019-03-15,77.82473825551085,78.67553207927354,77.82473825551085,78.14492797851562,1498800.0
2019-03-18,78.30044638948362,79.07805896322776,77.76069900542461,79.06890869140625,759800.0
2019-03-19,79.91054618565454,79.91054618565454,77.65091080988408,77.97110748291016,891600.0
2019-03-20,77.98940933634027,78.07174084642266,76.76353809991859,77.24839782714844,734500.0
2019-03-21,77.24840225107079,78.77616973784646,77.08373224186298,78.2272720336914,916900.0
2019-03-22,77.76070402561234,78.11748787394906,75.48277476785952,75.67488861083984,890500.0
2019-03-25,75.14427679546004,75.24490884285898,73.96414304110066,74.63197326660156,1013400.0
2019-03-26,74.85152225290085,75.81209823783617,73.54331276788797,74.13795471191406,1568200.0
2019-03-27,74.1471031841086,74.42154847342618,73.00356369625752,73.3237533569336,1091900.0
2019-03-28,73.18650782386578,74.48556666263318,73.00354434614984,74.2568588256836,975000.0
2019-03-29,74.39408697193781,75.35466270541562,73.92752101742492,74.99787902832031,1794400.0
2019-04-01,75.40957486702952,77.3581638122379,75.40957486702952,77.02882385253906,1439100.0
2019-04-02,77.18434209930507,77.30326769078478,75.0344823253992,75.83953857421875,1782900.0
2019-04-03,76.5896983626812,77.34901022309755,76.28780227654784,77.0379638671875,1976500.0
2019-04-04,77.25752699222267,78.65722522418584,76.9556378641785,78.26384735107422,1544500.0
2019-04-05,78.54745236006282,79.25186971632563,78.14492416813427,78.80360412597656,1424500.0
2019-04-08,78.85847345295632,79.54459708617675,78.47424589345941,79.53545379638672,964300.0
2019-04-09,79.32504289603018,79.4897128542833,77.45878569569854,77.55941772460938,1484000.0
2019-04-10,77.65090486533427,78.49255525452024,76.9739314254252,78.26384735107422,821500.0
2019-04-11,77.94365458551981,78.03514333514501,75.59253750015232,75.66572570800781,1404700.0
2019-04-12,76.00421651505368,77.07456788957059,75.69317011909827,76.53482055664062,1090200.0
2019-04-15,76.46162091898776,76.50735830770131,75.00703515752787,75.25404357910156,1352400.0
2019-04-16,75.50106021264718,76.34270371411891,75.11683256801166,76.1231460571289,1399300.0
2019-04-17,76.71776364401195,77.95278466838116,75.10765838623047,75.10765838623047,1357500.0
2019-04-18,75.18085208071297,75.6108239974837,74.2751708604661,75.53763580322266,790800.0
2019-04-22,75.43700914166153,75.53764117101893,74.61365934674237,75.17170715332031,576400.0
2019-04-23,74.68684656285463,74.68684656285463,71.02752039326994,72.31743621826172,2307300.0
2019-04-24,72.3631956083481,72.89379973936514,70.14930427776196,70.25908660888672,1653900.0
2019-04-25,70.07610115446795,70.21332729428786,68.42940841546321,68.49344635009766,1545300.0
2019-04-26,68.33790867648118,69.39911654213263,67.30415161806715,69.12466430664062,1622300.0
2019-04-29,69.06978805076172,69.6278359033156,68.34707022565733,69.26190185546875,1191800.0
2019-04-30,69.38997703421539,69.81079874218429,68.54833361827761,68.6672592163086,1239900.0
2019-05-01,68.61236742678042,68.97830144897877,67.66094176090908,67.7615737915039,1045500.0
2019-05-02,67.58777297276698,69.68273869745683,67.01143143350805,69.60955047607422,2306400.0
2019-05-03,70.23162660025424,70.80797503871703,69.81080485543448,70.48778533935547,1515800.0
2019-05-06,69.21616983359672,70.64330505338651,68.69470906370678,70.48778533935547,1968300.0
2019-05-07,70.0029197043081,70.3048158451215,68.70386034516278,69.38998413085938,2447500.0
2019-05-08,65.895323073656,67.22183316279839,65.16346193652619,66.39848327636719,3919100.0
2019-05-09,65.4470641458716,66.8833497122848,63.132540938175055,66.42593383789062,3164500.0
2019-05-10,66.53571788691929,66.83760706734768,64.22118763955142,66.44422912597656,2037100.0
2019-05-13,65.20919439230364,65.40130818798401,62.620219326476054,62.711708068847656,3315500.0
2019-05-14,62.99531495417354,64.55052613957035,62.90383317496414,64.23948669433594,1605800.0
2019-05-15,63.37954699241558,64.65116265621346,63.15998931122511,63.65399932861328,2012600.0
2019-05-16,64.12969556731287,64.41329811742297,63.32464624933606,63.49846649169922,1497200.0
2019-05-17,62.88551796764957,63.11422585214892,61.8426105727014,61.98898696899414,1406300.0
2019-05-20,61.796897716575764,62.36408902835492,61.34862505967568,62.00730514526367,1206300.0
2019-05-21,62.29088171913941,63.498466159198365,62.117068457297805,62.66596603393555,1100100.0
2019-05-22,62.28172594972733,62.76658549493963,62.08046191670864,62.17194366455078,734100.0
2019-05-23,60.836298732559,61.49497857241618,60.36058939244598,60.68992233276367,2144900.0
2019-05-24,61.266283271836244,61.687105038304644,60.45208357459769,61.11076354980469,1544400.0
2019-05-28,61.35775191032054,62.02558201427519,60.92777996416477,61.68709182739258,1514500.0
2019-05-29,60.836309898570796,61.22053754913906,59.884884064107354,60.19593048095703,1783800.0
2019-05-30,60.01294416357132,60.83629389796205,59.73849890518131,59.98550033569336,1167400.0
2019-05-31,59.464058530594265,59.464058530594265,57.7533242853982,57.908843994140625,1593200.0
2019-06-03,57.82650984582684,59.58298500210886,57.72587780232624,59.509803771972656,2087900.0
2019-06-04,59.857421027070636,61.81515973815739,59.857421027070636,61.787715911865234,1452700.0
2019-06-05,62.49216224049929,62.49216224049929,60.5069787756778,61.632225036621094,1044400.0
2019-06-06,61.42179418818107,62.70255984751069,61.330312422431376,62.629371643066406,1177000.0
2019-06-07,63.0959316941088,63.7088671436483,62.43725187625891,63.196563720703125,1311800.0
2019-06-10,63.88270919695008,65.09943722182166,63.71803918621849,64.88902282714844,1278800.0
2019-06-11,66.08742705405295,67.56030635970077,65.62086800414755,67.17607879638672,2485400.0
2019-06-12,67.12120661989175,67.6426604274065,65.87703490729307,66.03255462646484,1366300.0
2019-06-13,66.2973874482565,66.92266129917556,65.76406418989426,66.9042739868164,920600.0
2019-06-14,66.87666155929628,66.98699941809623,64.86291145166625,65.17554473876953,966800.0
2019-06-17,65.00084495034034,66.07668123475459,64.15488155826279,65.50657653808594,1008100.0
2019-06-18,66.05830307944022,66.6376050784912,65.03764249355658,65.07441711425781,1230200.0
2019-06-19,65.39625429953134,65.44222608283302,62.6836665310616,63.391700744628906,1805400.0
2019-06-20,64.29281270880178,64.53188978383493,62.71123777691496,63.89741897583008,1999900.0
2019-06-21,63.45604928129073,63.56638714296378,61.83769282810083,62.8399658203125,1889800.0
2019-06-24,62.77559575506028,63.31811593032583,62.14113204447307,62.53652572631836,988000.0
2019-06-25,62.665263770848426,62.92272814307579,62.08596191795887,62.33423614501953,1372700.0
2019-06-26,62.72963573890592,63.81466927732531,62.5365374416506,63.59398651123047,1252100.0
2019-06-27,64.00776728798174,65.25831464921751,63.851450621671916,63.92500686645508,778900.0
2019-06-28,64.36637128634554,65.22152478547925,62.86755688049948,64.74337768554688,2059500.0
2019-07-01,65.46977717700044,66.01229726024967,64.12727972143827,64.6697998046875,932000.0
2019-07-02,64.99161924200187,64.99161924200187,63.81463575395571,64.24681091308594,682500.0
2019-07-03,64.5411124497862,65.83763203000944,64.24686632399658,65.78246307373047,626300.0
2019-07-05,65.51578508804533,65.5893483549931,64.33880087839798,64.83534240722656,732900.0
2019-07-08,64.76179000020481,65.39626100711033,63.95261497422624,64.54110717773438,787900.0
2019-07-09,64.13651567769212,64.95488786130966,63.93422016886435,64.9365005493164,926300.0
2019-07-10,65.22152353489994,65.22152353489994,64.19165908852939,64.81693267822266,1376500.0
2019-07-11,64.68821896016453,65.21234498526431,64.47673332682196,64.89971160888672,813300.0
2019-07-12,65.10199801422343,66.9502275728715,64.88130823363193,66.78471374511719,1272600.0
2019-07-15,66.97781035276051,67.13413403058246,65.34106643922638,66.59161376953125,975400.0
2019-07-16,66.2054378102542,67.33645045961352,65.71809334883406,67.17093658447266,1188200.0
2019-07-17,67.14333744743755,67.17092893630327,65.95716299526481,66.7939224243164,1101700.0
2019-07-18,66.64679180144982,67.49274825265834,66.55483421796218,67.12493896484375,736700.0
2019-07-19,67.3640056967362,69.1202844283323,67.13412580411938,68.47662353515625,1455300.0
2019-07-22,68.55019554792621,69.26741978212003,67.19850048407854,67.29045104980469,1548900.0
2019-07-23,67.82376070440185,68.77086467280783,67.36400095155412,68.57776641845703,818700.0
2019-07-24,68.36629089496296,69.80993659831445,68.1088264916206,69.45132446289062,856800.0
2019-07-25,68.89039546407567,69.01912762575914,67.98927033229135,68.6053466796875,781300.0
2019-07-26,68.60535088116757,68.99154738986915,67.4651486584108,68.57776641845703,930600.0
2019-07-29,68.38467841456053,68.65133995302843,67.10654667128972,67.20768737792969,1074900.0
2019-07-30,66.82149736797325,67.860559156954,66.260589769155,67.67665100097656,1056200.0
2019-07-31,67.56631183485679,68.36628949812872,66.55483453470818,67.0881576538086,1361500.0
2019-08-01,66.7111408182762,67.48353381106327,63.60316049823537,63.989356994628906,1568800.0
2019-08-02,63.43767112535966,64.4123669158938,62.01241959768375,63.15262222290039,1457500.0
2019-08-05,61.79172427592302,61.79172427592302,59.17109439650011,60.145790100097656,2421400.0
2019-08-06,60.50439746583138,60.688298594815834,58.94120980795,60.182559967041016,1731500.0
2019-08-07,59.40096416294451,62.536529334971775,59.318210767153346,62.150325775146484,2620800.0
2019-08-08,68.69732339580416,68.89961887420492,64.08133708793846,67.57550811767578,4385400.0
2019-08-09,66.11346119719812,66.50885490912718,63.814662177931,64.59625244140625,2188000.0
2019-08-12,64.18246057640852,64.38474896299721,61.66297222604638,61.957218170166016,1516600.0
2019-08-13,61.97562867977296,65.45141199508562,61.4239182673291,62.94112014770508,1597200.0
2019-08-14,61.111277040778695,61.561839719302796,58.858456632779756,59.11592102050781,2087400.0
2019-08-15,59.16188375210112,59.16188375210112,56.31137809291818,56.697574615478516,2688300.0
2019-08-16,57.26768850786927,59.16189693472836,56.31139064038726,58.01250076293945,1666700.0
2019-08-19,59.04235144263662,60.072215898691496,58.79408073489243,59.69520950317383,1388200.0
2019-08-20,59.263041479292816,59.47453409570486,58.582598869956776,59.005577087402344,1091500.0
2019-08-21,60.06303234971655,60.95496766769808,59.49292755487804,60.605552673339844,1003800.0
2019-08-22,59.50211663731194,59.87912306707113,57.64468649443131,58.13203430175781,1850400.0
2019-08-23,57.53434261249579,57.64468398526014,54.90451592573739,55.12520217895508,1778100.0
2019-08-26,55.952778492409834,56.513686132296655,55.31831109243555,55.91600036621094,805200.0
2019-08-27,56.486097230922255,56.49529088482857,54.371202555841116,54.52751922607422,1066600.0
2019-08-28,54.30682870019044,54.93210230721001,53.911434992584276,54.545902252197266,2283800.0
2019-08-29,55.704499152993215,56.46769859838292,55.263126657424316,55.621742248535156,2307100.0
2019-08-30,56.357364035695646,58.178012645998635,56.357364035695646,56.7619514465332,1403500.0
2019-09-03,56.09069808580478,56.09069808580478,54.720612277702756,55.382667541503906,1372100.0
2019-09-04,56.642417195822155,56.99183569530611,55.9619745211156,56.37575912475586,898800.0
2019-09-05,57.31365722919537,58.306736553747555,57.31365722919537,57.90214920043945,1854400.0
2019-09-06,57.9665278558811,58.64697052974729,56.9458603373922,58.1412353515625,1023700.0
2019-09-09,58.38030689425487,60.17337099844195,58.18720509274112,60.09980773925781,1216400.0
2019-09-10,60.21935175735892,62.98710841249147,60.21935175735892,62.784812927246094,2358000.0
2019-09-11,63.262965263140686,63.79628141728164,61.79172796579094,63.6767463684082,1839300.0
2019-09-12,63.97069096482121,64.67326125287725,62.69497735609474,64.04464721679688,986700.0
2019-09-13,64.60855129561264,65.08925988059806,63.04625897369457,64.04464721679688,1169900.0
2019-09-16,63.711876661244126,64.51613535477024,63.453036728484236,63.63792037963867,1003000.0
2019-09-17,63.0370324859123,63.471516738106594,62.13108584805422,62.6395263671875,1120500.0
2019-09-18,62.26051918183136,63.1202415745758,61.50248491478804,62.30674362182617,1131000.0
2019-09-19,62.30672679605477,63.295868890238204,61.66886637124746,63.12947082519531,1238600.0
2019-09-20,63.48076201512877,65.09851848066941,63.35134206211419,63.65640640258789,2741900.0
2019-09-23,62.833673082615874,64.16485803210105,62.53785498860358,63.064781188964844,990400.0
2019-09-24,63.32360882389101,63.5177387491249,61.90922861657384,62.75970458984375,1382700.0
2019-09-25,62.694983335353484,63.33284372697804,62.29747725914437,63.13871383666992,999500.0
2019-09-26,62.95382800825463,62.981559844299106,61.715092312550986,62.11259841918945,989000.0
2019-09-27,62.278993150752875,63.064759025619544,61.72432824815785,62.99080276489258,1667600.0
2019-09-30,63.092506934441744,64.59008985784894,62.85215255227192,64.26653289794922,1387800.0
2019-10-01,64.6640288907139,65.486772975857,62.77819342900599,63.1479606628418,1721400.0
2019-10-02,62.28823556707522,62.37143812784625,61.10496354658893,61.53944778442383,1202800.0
2019-10-03,61.05874035273472,62.14957046508789,59.995642073710194,62.14957046508789,1122100.0
2019-10-04,61.983165148821016,62.25124420815445,60.95704511876519,61.308326721191406,974100.0
2019-10-07,60.901592761784435,61.47474328330435,59.78303061004023,60.71670913696289,1073600.0
2019-10-08,60.08809465335751,60.08809465335751,58.66446817984267,58.88633346557617,1148000.0
2019-10-09,59.49645855775302,59.83850101998899,58.02661117913055,58.793888092041016,1144100.0
2019-10-10,59.17289354625344,60.81838135698073,58.96951738036915,60.5133171081543,1093100.0
2019-10-11,61.502472159806075,64.06315326269807,61.243632276378264,63.7026252746582,1318400.0
2019-10-14,63.07402209645343,63.39757200711301,62.27900971434184,62.454647064208984,1194500.0
2019-10-15,62.768954221975974,63.53623471927863,62.05713740544165,62.7412223815918,803200.0
2019-10-16,62.73197298845009,63.721115212877415,62.36219867823668,62.4731330871582,721600.0
2019-10-17,63.184954865236826,63.86903288522907,62.63029682057123,63.064781188964844,1062800.0
2019-10-18,63.07400605625239,63.54546135495063,62.03863955258424,62.057125091552734,908400.0
2019-10-21,62.77820376500395,63.02779739422278,61.76132254595931,62.15882873535156,1153100.0
2019-10-22,62.158820043958755,62.74121685213382,59.977159456466104,61.742828369140625,1271000.0
2019-10-23,62.29746884779128,63.00928540233586,61.8814772894203,62.362178802490234,766400.0
2019-10-24,63.01854066995479,64.41443525099803,62.91685256487401,64.20181274414062,1374200.0
2019-10-25,58.969536056766565,60.54106811346794,57.777017567823655,58.78464889526367,5988000.0
2019-10-28,58.00810864034892,59.69982091170921,57.86019965977329,58.92329788208008,2780700.0
2019-10-29,58.65522349983029,59.60739105900579,58.00812025780406,58.26696014404297,2192200.0
2019-10-30,58.10980268205215,58.645971469186414,57.148392446550254,57.93415832519531,2227400.0
2019-10-31,57.60136340466946,57.77700422800835,55.650811177703346,56.15000534057617,2912300.0
2019-11-01,56.81559848349125,59.62587303570294,56.50129141480404,59.61662673950195,2339900.0
2019-11-04,60.23599426796258,62.639516127721784,60.18052355039704,62.58404541015625,2246900.0
2019-11-05,63.203447006110565,63.4715332538791,61.69661764978599,62.279014587402344,2004600.0
2019-11-06,61.74282199616305,62.70423224504842,61.215895971114634,61.6781120300293,2319200.0
2019-11-07,62.528588276699764,66.817952766018,61.93695228181845,65.99520874023438,3003500.0
2019-11-08,64.2295514168617,64.32199322493376,61.206654217614116,62.84290313720703,3410000.0
2019-11-11,62.38991331729741,62.759687525569674,61.58566199612589,62.61178207397461,1164300.0
2019-11-12,61.936953057318476,62.72271896165326,60.06960324750437,60.37466049194336,1820100.0
2019-11-13,58.90481603019332,60.52257224610729,58.581262671153304,60.254486083984375,1554000.0
2019-11-14,59.505707656182864,60.63350909923439,59.19139701743915,60.5872917175293,1079200.0
2019-11-15,61.104970563457464,62.27900347534283,60.66124703124978,61.14194869995117,1028800.0
2019-11-18,61.12346401473591,62.26975805067172,60.30995910619048,62.02940368652344,1190100.0
2019-11-19,62.639508449625545,62.639508449625545,60.5133122268879,61.437744140625,926100.0
2019-11-20,60.74443320214794,61.511713547401754,59.847732925508815,60.13431167602539,1496800.0
2019-11-21,60.356179750673775,61.234387527770934,59.65360929728122,60.20826721191406,1386700.0
2019-11-22,59.26534519184774,60.513327173060446,58.93254905647668,59.99564743041992,1147000.0
2019-11-25,60.189786012979745,60.92008835685792,59.77379431021074,60.2175178527832,1086300.0
2019-11-26,60.22675002101882,60.80913967883734,59.459469719788714,60.63349533081055,1417100.0
2019-11-27,60.76294221801067,60.95707216756134,59.847749102167086,60.55031967163086,930000.0
2019-11-29,60.38390934281423,60.87385726673316,60.0141350625248,60.43937301635742,440500.0
2019-12-02,60.707454535951165,61.77055286540387,60.06035488473155,60.125064849853516,1128200.0
2019-12-03,58.84934973385794,59.04347963639554,57.41648062597815,58.84010696411133,1559200.0
2019-12-04,59.34853605033246,60.26372887734214,58.13753229600631,58.16526412963867,1550100.0
2019-12-05,58.48881898124223,59.13592215200368,57.878693940565114,58.867835998535156,1379600.0
2019-12-06,59.43174415163852,59.9956483309897,58.81237277341664,59.44099044799805,1195900.0
2019-12-09,59.3947698803958,60.550310150442414,59.16366182638648,59.829254150390625,908900.0
2019-12-10,59.72757218764929,60.56880192330947,59.26535603207414,60.36543273925781,1020600.0
2019-12-11,60.40240557597742,61.06799798775552,60.0973482646283,60.70746994018555,1034600.0
2019-12-12,61.07745773535169,63.40156201892829,60.984494982529306,63.23422622680664,1771700.0
2019-12-13,63.46662433348875,63.62466878446714,61.65382618128457,61.942012786865234,1536000.0
2019-12-16,62.80660326045617,63.1133867836542,61.35636419458138,61.54228973388672,1431800.0
2019-12-17,61.63523005644059,64.10807258855344,61.35633478854306,63.93143844604492,1525600.0
2019-12-18,64.05230712890625,64.64727718057856,63.75482210307009,64.05230712890625,1382100.0
2019-12-19,64.14527795934285,65.48396429073613,63.47593479364621,64.56361389160156,1945900.0
2019-12-20,65.41889770836843,65.99527109998304,64.67518141212501,65.40959930419922,2492200.0
2019-12-23,65.40958826094106,67.54776693219384,64.76813324104461,67.33394622802734,2011200.0
2019-12-24,67.31536089675885,67.82665959135238,66.96209250102143,67.231689453125,640700.0
2019-12-26,67.24097813529889,67.39901550391104,66.65529939234415,67.38971710205078,730300.0
2019-12-27,67.4548107275658,67.79878076724525,66.76687774081138,66.94351196289062,741600.0
2019-12-30,67.02715509989187,67.72438627033306,66.65529705713612,66.8691177368164,802200.0
2019-12-31,66.57164356230491,68.19851655827013,66.46938240657883,67.90103149414062,1016000.0
2020-01-02,68.32866225119359,68.68192352990349,67.11083394192772,67.50128173828125,1620800.0
2020-01-03,66.38572297830817,67.29676795172908,66.20908877030448,66.53446197509766,1337600.0
2020-01-06,66.00455298459383,67.09223194422803,65.25154556524745,66.46007537841797,1330000.0
2020-01-07,66.608826862546,68.31936412546578,66.12540922382307,67.33394622802734,1574400.0
2020-01-08,65.63270398856345,66.46938295476652,64.71236067204181,66.1718978881836,2029500.0
2020-01-09,66.30204191249173,67.92891479307703,65.75355674577237,67.62213134765625,1301100.0
2020-01-10,67.87313021340854,68.63543598567671,66.79474263221834,67.02715301513672,1493300.0
2020-01-13,67.81736035632989,70.65277042763833,67.7615841229938,70.52262115478516,2668000.0
2020-01-14,70.85727815727189,73.32082961658877,70.2808978585413,72.67937469482422,3835800.0
2020-01-15,73.34876095157412,75.23593322426154,72.51208166765684,74.48292541503906,3101800.0
2020-01-16,74.70601117949597,75.76580220115912,72.98617537013763,74.76178741455078,2178700.0
2020-01-17,75.28238848060722,75.57987354285463,74.16681417772693,75.20801544189453,2151400.0
2020-01-21,75.1057484055921,75.69142008123544,74.91052451371098,75.59845733642578,2312700.0
2020-01-22,75.46829512334381,76.19341433805846,75.08713871465444,75.65422058105469,2138400.0
2020-01-23,74.67811248717939,76.32357502172329,73.91580664809422,76.13764953613281,1654700.0
2020-01-24,76.2306133448617,76.3514642029251,74.72459135715062,75.46830749511719,1409600.0
2020-01-27,73.09771631575761,74.05525311972416,72.5213430641185,73.38591003417969,2060800.0
2020-01-28,74.09242261035868,75.50548162211578,73.91579555334023,74.55724334716797,1130900.0
2020-01-29,75.14295819596617,75.86807775971573,74.12964481366117,75.04999542236328,1084500.0
2020-01-30,74.45499580219936,75.28238338987268,73.79495108661523,75.09645080566406,1261400.0
2020-01-31,74.18540592719307,74.70600297749104,73.18139125081595,74.63162994384766,5676000.0
2020-02-03,75.10575103759766,75.56127346795024,74.11103473880965,75.10575103759766,2220200.0
2020-02-04,76.69543846070322,85.4619597708853,76.62106542421354,84.06749725341797,4739800.0
2020-02-05,82.51499191822941,82.73810392040062,79.53084317850481,81.41801452636719,3418600.0
2020-02-06,81.40873215399058,81.79918000782169,79.52156043453613,80.83235168457031,1849600.0
2020-02-07,79.50293248796123,79.68886503072665,76.32356047898612,76.73260498046875,2337700.0
2020-02-10,77.26252041024914,78.74064727351852,77.26252041024914,77.39266967773438,1553700.0
2020-02-11,77.8760660478097,79.38208784494554,77.40195398513883,78.74993133544922,1311100.0
2020-02-12,80.89740649469941,81.8921226932813,80.04213795047248,80.72077941894531,1311800.0
2020-02-13,79.89340799298905,82.43132579940408,79.1125052961361,81.74339294433594,1725100.0
2020-02-14,82.31047208623507,84.16975537593741,82.26398716695137,83.33307647705078,2105500.0
2020-02-18,82.54287705811781,83.27729476026664,80.59063115109812,82.4592056274414,1448800.0
2020-02-19,82.7381091944541,84.31849720719455,82.44992254442101,83.05418395996094,2041200.0
2020-02-20,82.73811194524892,92.40638711916947,82.13384341701575,87.67450714111328,4973600.0
2020-02-21,85.66648216529828,86.75416122784542,84.09538545766144,85.9267807006836,2263400.0
2020-02-24,81.687601549434,84.16044426312035,81.07403475204757,83.30517578125,1682200.0
2020-02-25,84.03030902173514,84.75542838121595,79.65169765728311,79.79114532470703,2195600.0
2020-02-26,79.19616791238094,81.60393618318382,78.37807878847384,79.6238021850586,1583900.0
2020-02-27,77.26252130038154,78.96376729259958,75.05926794524981,75.11505126953125,2530000.0
2020-02-28,72.61431331367994,76.23061893732273,71.27562700417197,76.09117126464844,2580200.0
2020-03-02,76.68612608924681,78.36878204345703,74.51076836269908,78.36878204345703,1661200.0
2020-03-03,77.82030311653214,79.2426537326474,75.18941549591733,76.96503448486328,1932300.0
2020-03-04,79.0752994911951,80.293134614031,77.4112404440815,80.20016479492188,1198000.0
2020-03-05,77.93185161851896,80.67429131103879,77.63436661088086,78.80570983886719,1490200.0
2020-03-06,76.56528673297885,78.05271195196327,74.96630196284448,76.78839874267578,1490700.0
2020-03-09,70.18794312001876,70.97813708761763,64.69375767796267,67.82665252685547,2627400.0
2020-03-10,71.68465198861236,72.16806241655182,67.13870591551095,69.89974212646484,2771400.0
2020-03-11,68.21711141884202,68.21711141884202,64.20105920377519,65.13999938964844,2059300.0
2020-03-12,59.79773724693918,64.08836394289064,56.61949128783328,60.56425476074219,2619400.0
2020-03-13,64.92965883460995,65.22878741632572,58.06839030545367,63.57423400878906,2067800.0
2020-03-16,57.33926632841075,58.90969320631517,55.08645213280527,55.11449432373047,2388300.0
2020-03-17,56.35775296829005,63.80793298375718,53.57211562384412,62.686195373535156,3062400.0
2020-03-18,58.33948870237569,64.60250135693545,54.79667959912315,64.16315460205078,2762300.0
2020-03-19,62.20946069085592,63.40597504237418,56.3203581479786,57.90013122558594,2016200.0
2020-03-20,58.59187360278132,59.27426097834851,49.561920072042106,49.96387481689453,2963600.0
2020-03-23,48.96367509141087,50.83323118507105,45.701298138979936,47.580204010009766,2507500.0
2020-03-24,50.37517865827662,54.09559413927079,49.58996510773197,52.37560272216797,1839500.0
2020-03-25,52.712114065748594,59.69490464349184,51.767990155354546,56.1053581237793,2295600.0
2020-03-26,56.086661897558905,56.75970298141567,53.46928505551828,56.516658782958984,2245100.0
2020-03-27,54.21710605364441,54.21710605364441,51.17907855925916,51.43146896362305,2439600.0
2020-03-30,51.98299403149315,52.805599493990236,50.9547363118982,51.9736442565918,2045800.0
2020-03-31,51.89885699724986,53.96471480530867,51.51559829274169,52.693416595458984,2585900.0
2020-04-01,50.72104128186806,53.3197259611066,50.12278406721853,51.263214111328125,2253900.0
2020-04-02,51.300601450000705,55.16123080429363,49.49648019403873,50.16017150878906,1911400.0
2020-04-03,50.13213043554217,51.76799145577172,49.25343709107526,49.262786865234375,1749700.0
2020-04-06,51.534293174776245,53.91797548444587,50.9266862720064,53.21689224243164,1725800.0
2020-04-07,54.50689354756941,56.41383750561273,52.80559827598616,53.28233337402344,1952000.0
2020-04-08,53.85255370201962,58.35818275355965,53.58146726369965,57.787967681884766,1706000.0
2020-04-09,58.28340028541789,62.85446361817199,58.115139979166045,62.64881134033203,1775400.0
2020-04-13,62.42445475421178,62.95727776723795,57.64774005331576,59.18077850341797,1678600.0
2020-04-14,60.52685753831021,61.54576183268528,59.124690954411136,59.52664566040039,1068400.0
2020-04-15,57.432741473788894,57.694481658559425,54.08623911138892,54.450801849365234,1335900.0
2020-04-16,54.46015275006839,55.0771059519328,53.00190167251303,54.749935150146484,1618100.0
2020-04-17,56.62883711008288,58.69469505635781,56.554053179373554,57.46078872680664,1011000.0
2020-04-20,56.086673736572266,57.65710088646786,55.619284788767494,56.086673736572266,1270600.0
2020-04-21,54.684503738614254,55.37624091045525,53.94602838786787,54.086246490478516,1381600.0
2020-04-22,55.11449759748446,56.16145128887161,54.777977022816756,55.572540283203125,684800.0
2020-04-23,56.712970934928485,58.18992166224208,56.32971215577279,56.7036247253418,816500.0
2020-04-24,57.12426747226236,57.918827113920806,55.7875350372697,57.51687240600586,1027100.0
2020-04-27,57.78795619886817,58.732083657576915,57.62904570405428,58.189910888671875,736800.0
2020-04-28,59.82577598929441,61.414895311294735,59.124692676919864,60.11555480957031,1087700.0
2020-04-29,59.8818685121929,62.04121025745403,59.8818685121929,60.452083587646484,1447900.0
2020-04-30,59.638807432078636,59.96598171661216,57.124257087105235,57.42338562011719,2007200.0
2020-05-01,56.55405530421248,56.55405530421248,53.22624514639145,53.693634033203125,1924900.0
2020-05-04,53.11407441710911,54.048852218981345,52.113862454377355,53.52537536621094,1275400.0
2020-05-05,54.562976079440716,56.404489381627485,54.50689169680785,54.656455993652344,1109000.0
2020-05-06,55.31081029800931,56.311025997938266,54.0301654885639,54.15168762207031,1885300.0
2020-05-07,55.9931922366284,57.82535588812813,53.646897936993355,55.8436279296875,2206600.0
2020-05-08,56.67558023455151,60.29316940010754,56.27362548661258,60.05947494506836,1514500.0
2020-05-11,59.04057325945566,61.433606017360084,58.7788365830533,60.209049224853516,1471300.0
2020-05-12,58.89099022681743,59.55468148308296,55.16122594345912,55.394920349121094,1881900.0
2020-05-13,55.17058492078047,56.36709933630017,54.00211269753256,56.01188278198242,1770000.0
2020-05-14,55.151883346287505,55.88100879859306,52.506460789404315,55.815574645996094,1333300.0
2020-05-15,55.61928002141951,57.6010079917995,55.54449608455133,57.34861755371094,1428000.0
2020-05-18,59.82578343904653,61.0596899372053,59.124700039370204,59.76034927368164,1288900.0
2020-05-19,59.65752305294602,61.03164765544218,58.89100548899573,59.367740631103516,1329900.0
2020-05-20,60.93816715804747,64.13510552734307,60.76990686851672,63.69575881958008,1641500.0
2020-05-21,63.39664329416142,65.23815708419333,63.01338802499297,63.536861419677734,1428300.0
2020-05-22,63.37794573676806,63.95750348198194,62.50860198715771,63.667724609375,825400.0
2020-05-26,66.05140925501613,70.80942530081532,65.91119114489426,70.04290771484375,2391600.0
2020-05-27,71.4076777063118,73.96896695798512,69.21095123699462,70.1457290649414,1592500.0
2020-05-28,71.4918070180359,73.31462081759689,70.6224634062941,70.97767639160156,1408600.0
2020-05-29,70.52897063673312,72.27700740464405,69.50071665105095,71.52918243408203,1589800.0
2020-06-01,71.66008018825379,73.4735445393163,71.52920471561802,72.3705062866211,1061900.0
2020-06-02,73.21179313801339,74.25874678607614,72.00592898398585,73.46417999267578,1268300.0
2020-06-03,74.43635075508298,75.6796068924181,73.70722524049198,73.7913589477539,1685100.0
2020-06-04,72.91268240616044,74.78223836529277,72.66029548966519,74.75419616699219,1493700.0
2020-06-05,76.39004045088427,79.42806820121275,75.51134706554005,78.81111145019531,1950000.0
2020-06-08,79.10089448010062,81.2415363484416,78.75502415080764,81.0826187133789,1304100.0
2020-06-09,79.45613098144531,80.39090899299173,78.58678714543554,79.45613098144531,962300.0
2020-06-10,79.75523947841192,80.01697611432802,78.24089691545511,78.39046478271484,957900.0
2020-06-11,74.14107593793443,75.16468670468491,69.51136674060918,69.98091125488281,1656600.0
2020-06-12,73.24895537386352,73.87814339921795,70.76976053438422,72.6103744506836,1219900.0
2020-06-15,69.66161918192363,72.9859949525708,69.4925828829185,71.75579071044922,1134900.0
2020-06-16,74.91111627408944,75.41822512545605,72.55400836056847,74.40401458740234,1060000.0
2020-06-17,74.42280034538021,75.40884662276837,74.01899180455308,74.34767150878906,727000.0
2020-06-18,73.48371783475821,74.70453646018564,72.81696547199367,74.00960540771484,863700.0
2020-06-19,75.33372827459712,76.03804509516787,72.90148379525856,73.57762908935547,1243100.0
2020-06-22,70.91061081025876,72.24411544091281,70.11238661104642,71.1641616821289,1023200.0
2020-06-23,72.15958215214334,72.5070475980174,71.38014386954461,71.48344421386719,781700.0
2020-06-24,70.81671929893743,70.82610503227201,67.98066593123394,68.85401916503906,965600.0
2020-06-25,68.79768147331006,69.69920630681203,68.16848622139429,69.44564819335938,727200.0
2020-06-26,70.3659493806171,71.2111310375575,68.7413220197938,70.09361267089844,1652200.0
2020-06-29,71.34261423440381,72.6573406683049,70.45986801248631,71.6806869506836,843100.0
2020-06-30,71.19232373195717,72.83572922652446,71.12658779876166,72.50704956054688,1033100.0
2020-07-01,72.26289742156915,72.93904266417482,70.68522757704947,71.42710876464844,891600.0
2020-07-02,72.93906008148733,74.78906704408462,72.91088855043171,73.77484893798828,886000.0
2020-07-06,75.12713716039238,76.3479560051216,74.55429216636982,76.2728271484375,1045200.0
2020-07-07,75.37130613959967,75.5403424932693,72.89211106223341,73.24896240234375,1281300.0
2020-07-08,73.18322484664183,74.88297408036077,71.79336961733212,73.2020034790039,1351200.0
2020-07-09,73.42737348132425,73.42737348132425,70.22507645290271,71.13599395751953,1154300.0
2020-07-10,71.3707653668618,74.22559684129794,70.75096317594499,74.08473205566406,1071800.0
2020-07-13,75.40886249586013,79.31546968007306,75.26799768877065,76.59210968017578,2213100.0
2020-07-14,76.59211580942024,79.22156853657235,75.99109927144528,79.02436065673828,1353700.0
2020-07-15,80.64896611773142,81.54110502602028,79.96343511424686,81.32511138916016,1385100.0
2020-07-16,81.05278559406445,81.48476576115826,80.2357825851904,81.18425750732422,852600.0
2020-07-17,81.7007763680925,84.16119313225671,81.63504039783194,83.07184600830078,1360300.0
2020-07-20,83.34415318323423,83.73856886469063,81.37206761127133,81.73831176757812,816800.0
2020-07-21,82.2360333042768,82.76192091463786,81.72892432370807,81.86978912353516,821300.0
2020-07-22,81.88857314060874,83.00609155082655,81.3908570245331,82.3487319946289,726100.0
2020-07-23,82.41448372658357,83.96398259387274,81.67260227704067,82.57412719726562,756600.0
2020-07-24,81.70074734581834,82.56470755225072,80.94947323998446,81.73831176757812,586000.0
2020-07-27,80.3109265948494,80.86499309586989,78.74264893319945,80.55509185791016,1164900.0
2020-07-28,80.10430149661028,80.56445314031272,78.51723865659758,78.60175323486328,883600.0
2020-07-29,79.4375490425036,79.4375490425036,76.96774711739752,78.72384643554688,1161800.0
2020-07-30,77.44668088532445,78.78018571641745,76.11317605423146,77.94439697265625,900600.0
2020-07-31,77.5781435317086,77.90682325160492,75.59666515145867,77.4372787475586,2397900.0
2020-08-03,77.92563079626565,78.78959120535478,77.08983475425173,78.25431060791016,1124700.0
2020-08-04,78.0476978014682,81.73831835164822,77.37155248468997,80.13247680664062,1634100.0
2020-08-05,81.5035363944423,83.79491588157056,80.9870345708091,83.20328521728516,2177700.0
2020-08-06,81.36270008979724,82.46143290138684,77.30583441534996,78.26370239257812,2453400.0
2020-08-07,77.94439369626265,81.15607663265747,77.61571395096162,79.29668426513672,1236300.0
2020-08-10,80.24516446558879,81.96369931813254,79.9822206516943,81.90735626220703,810900.0
2020-08-11,83.23148108341131,87.12870306469708,83.10940205515843,86.81880187988281,1931300.0
2020-08-12,87.54188372424619,88.18046457458553,84.71522363446817,85.47588348388672,1070700.0
2020-08-13,84.90305757734845,86.5276778728277,84.1423904572503,86.02056884765625,1008000.0
2020-08-14,85.7576260080109,86.95965904537931,85.42894621883704,86.762451171875,838200.0
2020-08-17,87.07233756267163,87.5982251361638,85.79517588589277,86.1801986694336,604500.0
2020-08-18,86.38681464712012,87.35407538959399,85.78579812432699,86.58402252197266,557400.0
2020-08-19,86.86573080254118,87.8611628303915,86.17080696223134,86.6309585571289,760800.0
2020-08-20,85.5228374659851,86.14263966331335,84.14237544891827,85.50405883789062,940900.0
2020-08-21,84.97818935549941,85.72007076753975,83.69164159074275,84.27387237548828,885200.0
2020-08-24,85.22235082804806,86.39621240970163,84.15178963875464,86.37743377685547,668900.0
2020-08-25,86.4431501424238,87.09111671662028,85.16598845793906,85.54161834716797,420500.0
2020-08-26,86.51827070778097,86.75304296786743,85.75761087779865,86.30228424072266,653200.0
2020-08-27,86.55583127467465,87.18501918416416,84.54618139100214,85.57917785644531,474500.0
2020-08-28,85.57918278450816,86.74365836830724,84.95938773542365,86.69670104980469,412000.0
2020-08-31,86.67793284126097,87.72032238813736,85.37259947439445,85.46650695800781,718500.0
2020-09-01,85.55101451664255,91.49545016548363,84.55558237567912,91.4578857421875,1561100.0
2020-09-02,91.09163572608445,93.73047360235877,90.85686346905847,93.5802230834961,1311100.0
2020-09-03,92.82895144781527,93.54266113414212,86.15202770840769,87.50431823730469,1731400.0
2020-09-04,87.37284586030137,89.72056847961939,85.24110970973932,88.95051574707031,1100800.0
2020-09-08,87.33529444433614,89.21347281948316,86.50889853855695,87.46676635742188,835700.0
2020-09-09,88.60306968226482,90.85688532480897,88.30256140757109,89.60789489746094,643900.0
2020-09-10,89.78630326740334,90.58452751473175,87.7954319326349,87.80482482910156,667800.0
2020-09-11,88.87539508396776,90.22768572985989,88.08656365031834,89.1759033203125,650900.0
2020-09-14,90.03048307649478,92.69749293266051,89.35433771445786,92.19038391113281,671800.0
2020-09-15,92.96982523653914,94.20002972222352,92.34063722971443,92.39698028564453,1192300.0
2020-09-16,92.96981474613698,93.52387383941567,91.74899613107297,91.84291076660156,998300.0
2020-09-17,90.77283850149645,95.19457551419922,90.05630804815712,94.70431518554688,937100.0
2020-09-18,94.63831069125192,95.22284958511467,91.5742090956913,92.35673522949219,1337200.0
2020-09-21,90.87654460075447,90.87654460075447,85.34230277292849,89.68861389160156,1406500.0
2020-09-22,89.29265988343614,90.07518624727756,87.6144756671009,89.79234313964844,656600.0
2020-09-23,83.89040061634826,84.23923223509345,75.56546958573435,75.82002258300781,5194900.0
2020-09-24,75.49004394372136,80.70373012392541,74.53781332129239,78.54471588134766,2368200.0
2020-09-25,78.23359454908268,80.37374868040445,77.81875999606977,79.68550109863281,1197800.0
2020-09-28,81.2222637816905,82.40076439607081,79.08210263789758,79.98719024658203,1433100.0
2020-09-29,80.09088757221566,82.61759282055269,79.93061323760001,81.89163970947266,1252900.0
2020-09-30,82.41020805423737,84.97461977343171,82.2310736294451,84.1732406616211,1369100.0
2020-10-01,84.86147316673916,85.76656076382386,81.52395860642858,81.76908874511719,1371800.0
2020-10-02,80.55286034093497,85.87025348437355,79.73262148631049,84.1826400756836,1204200.0
2020-10-05,86.03995872551859,90.40512159269318,85.92682009828675,89.33975982666016,1598300.0
2020-10-06,90.77283465215899,91.42336932516965,88.17070315311368,88.37812042236328,1381400.0
2020-10-07,90.50885101273917,92.38502205615153,90.13172936158665,91.15938568115234,1129100.0
2020-10-08,92.5075848873943,92.74328500535678,90.47113241556,91.40450286865234,1133500.0
2020-10-09,92.48872124676964,93.45980454406482,90.18829307631205,90.53712463378906,767800.0
2020-10-12,91.19709712508065,91.19709712508065,89.23607032446033,89.50948333740234,798100.0
2020-10-13,88.95323052498729,90.1223011938823,88.53840317389398,89.69804382324219,863900.0
2020-10-14,87.45418478075361,89.88660483734104,86.59623279083885,89.17950439453125,1070500.0
2020-10-15,87.67100742967185,89.33033815239915,86.54907984173931,88.95321655273438,923200.0
2020-10-16,89.68861168557416,90.34857637131401,88.05757079936853,88.07642364501953,655600.0
2020-10-19,88.00099287359832,89.10407489589723,86.9450609452394,87.27503967285156,641400.0
2020-10-20,88.14241642336034,89.77346444758697,87.48245895286227,88.20841217041016,740600.0
2020-10-21,89.8206129999904,91.72507430373966,89.18893830319152,90.38629913330078,793400.0
2020-10-22,90.11288215620722,90.61256531823658,88.38755534946621,89.5283432006836,669300.0
2020-10-23,90.38630912759685,91.87592882343185,89.89604871691796,90.96141815185547,669200.0
2020-10-26,89.35863388039506,89.35863388039506,87.52959853410466,89.07579803466797,952300.0
2020-10-27,89.88660790906684,91.32909890381158,89.33035899435313,89.73576354980469,987800.0
2020-10-28,87.02992431133066,88.47240813193865,84.91805290306134,85.58744049072266,982100.0
2020-10-29,85.32344801780154,89.16064588955626,85.06889503946279,88.40640258789062,819600.0
2020-10-30,87.62388025894748,88.67981220924966,85.66285350410496,87.87843322753906,1275000.0
2020-11-02,89.32093183523129,92.25304244097758,88.42527409224047,91.30081176757812,924900.0
2020-11-03,91.21595476571031,92.65843848089311,90.82940308098944,92.03619384765625,971900.0
2020-11-04,91.94190428169854,91.94190428169854,87.77472767624953,88.08585357666016,1656900.0
2020-11-05,90.5559921326972,100.24798025351494,87.68044769142476,99.4654541015625,3231500.0
2020-11-06,98.83377618532025,106.84758027672069,96.91989235907705,105.80107116699219,2609200.0
2020-11-09,108.37492475531943,113.8997367785762,108.23351042146285,110.05311584472656,2138400.0
2020-11-10,109.36485824419381,111.53330227623438,106.60245248530593,111.18446350097656,1244200.0
2020-11-11,110.76963077059587,113.11720923778037,109.8362602724486,111.78785705566406,881900.0
2020-11-12,110.77906687437003,113.78660299169724,109.96825780946675,111.8538589477539,839200.0
2020-11-13,112.11785266723795,115.9361982142481,110.9582118844855,115.47422790527344,1014700.0
2020-11-16,115.96446750885114,121.76268512989583,115.96446750885114,121.54584503173828,1526100.0
2020-11-17,120.23535027233797,121.24415374330839,117.28438720703242,120.6313247680664,1904500.0
2020-11-18,120.63133177665743,122.76207030231662,119.292556674462,119.30198669433594,870800.0
2020-11-19,118.80230397151875,119.25484422516048,115.4459289908539,118.60431671142578,1138500.0
2020-11-20,118.79286799256305,121.14986934162184,118.3214677227513,120.57476043701172,748700.0
2020-11-23,121.90410532438712,127.0517879052117,121.64954516590872,126.39183044433594,1400100.0
2020-11-24,127.90974879702733,129.8330699737536,126.6086794354769,129.40879821777344,1428200.0
2020-11-25,127.46665417037823,128.6168721969832,125.61877281963396,127.0235366821289,1126200.0
2020-11-27,128.61682627900058,130.28558698182852,128.4659747653681,129.78590393066406,531400.0
2020-11-30,129.3993646286078,129.6350647463284,126.48611462621966,128.1925811767578,1096100.0
2020-12-01,129.6350437033803,130.28557822445038,127.10834575683744,128.1077117919922,1719800.0
2020-12-02,127.10837373649444,128.22087145116106,124.60052088635514,127.5137710571289,1576100.0
2020-12-03,127.57977179111079,128.43770932099878,123.28058938556774,124.18568420410156,1969300.0
2020-12-04,124.93051487590347,131.26613669517562,124.64768617629063,131.2567138671875,1157900.0
2020-12-07,131.46411466748188,132.97258695803882,130.2007653478167,131.99208068847656,1122100.0
2020-12-08,131.24727520051894,135.8764151195083,130.29503740674696,135.7161407470703,892700.0
2020-12-09,135.8481161090431,137.75257708426955,132.58603454285634,134.39620971679688,1444400.0
2020-12-10,133.29489027437987,135.84734273506854,132.54806709429073,133.70138549804688,1102900.0
2020-12-11,132.49131854879883,134.18350979145762,129.14477271533949,131.0732879638672,962400.0
2020-12-14,132.87890668808214,133.29486460192444,126.91372746672593,127.21624755859375,1387300.0
2020-12-15,129.2960223147987,130.66678221769988,127.6321906644232,130.40208435058594,1211900.0
2020-12-16,131.1110897905931,132.34005232463784,128.12376902782606,128.360107421875,908800.0
2020-12-17,129.74036369462556,130.43046794554064,126.8192094223474,129.9672393798828,1127700.0
2020-12-18,129.98617206509977,131.67834933991165,129.56076565969627,131.30966186523438,2447400.0
2020-12-21,128.3601129914553,134.41037037165069,128.01033676907022,134.25912475585938,1180900.0
2020-12-22,135.60151839335495,139.90288002198983,134.85468099505744,138.27687072753906,1294200.0
2020-12-23,139.77056060319342,144.4689699920295,139.21279091617313,141.71798706054688,1718100.0
2020-12-24,141.7085248251449,142.1528422525215,140.18650467337588,141.46273803710938,487400.0
2020-12-28,143.11714586946295,145.09293232802995,141.42496850457985,141.5384063720703,1228600.0
2020-12-29,141.31147761634213,141.71798723875102,136.83050997484278,138.22962951660156,1112800.0
2020-12-30,140.07307478505447,143.34400537274132,139.68547625407987,141.13186645507812,1041100.0
2020-12-31,140.63081705112828,141.20748340904134,138.7873801446695,139.45858764648438,779200.0
2021-01-04,144.54458755226148,148.19365372915405,142.07721360331396,144.2893524169922,2898700.0
2021-01-05,144.32716436532885,157.6661071943682,144.32716436532885,154.0264892578125,2628000.0
2021-01-06,156.45604654113504,168.83072373910665,156.45604654113504,165.5314483642578,3335500.0
2021-01-07,173.45352607854494,177.01751424955285,170.68364613068812,173.9451141357422,2947800.0
2021-01-08,174.40829916096226,176.7149499378282,168.89688567955704,174.03961181640625,1659400.0
2021-01-11,169.02923887741898,170.16366039506227,163.94323152295962,167.60174560546875,2940000.0
2021-01-12,167.60173978355954,173.13206432427546,166.85491675808004,172.52703857421875,1655200.0
2021-01-13,172.9051933198173,172.99028611940338,168.28241410704445,170.08804321289062,1481400.0
2021-01-14,170.63639794842618,174.03021536529985,170.63639794842618,172.40420532226562,1037800.0
2021-01-15,170.16368680941466,173.737123078416,168.0271923791245,170.29603576660156,1196600.0
2021-01-19,171.10903176991079,175.48602432564564,168.64165786186587,175.1267852783203,1520700.0
2021-01-20,177.26328997121917,178.05739814466904,169.57757320728567,170.3433074951172,1404400.0
2021-01-21,171.58171431250338,172.04494286644075,164.88860769262445,166.76986694335938,1321300.0
2021-01-22,163.77307458994574,165.31399125937267,161.81618557377456,164.21739196777344,2034500.0
2021-01-25,164.49153741788547,169.69098256615197,162.67646011530306,167.25196838378906,1372300.0
2021-01-26,168.10279252729504,169.057594518315,163.19640478863565,165.79612731933594,1406100.0
2021-01-27,160.95590827301336,161.2773394790078,152.54226650483272,159.6229705810547,2907700.0
2021-01-28,161.29624132558257,161.79727762527898,154.9245667124803,157.2784881591797,1706500.0
2021-01-29,156.05899451585557,160.1996484436754,151.65364269926633,153.771240234375,3133400.0
2021-02-01,156.72073294630295,158.72487814508852,154.385708187362,157.2784881591797,1233900.0
2021-02-02,160.1901817468079,162.2699570039829,158.55472388309173,160.00111389160156,1177200.0
2021-02-03,157.40138866475985,161.76891807659,151.6441881809924,153.0338592529297,2278800.0
2021-02-04,144.58241730254628,147.9478746348086,143.3534544365633,146.435302734375,8388900.0
2021-02-05,148.4205446388758,150.40579336262581,145.90590010211352,148.5812530517578,4970300.0
2021-02-08,151.25655884267428,154.9056239017518,150.14104864518535,152.73130798339844,2523900.0
2021-02-09,151.5969583423939,152.46668223589504,147.29559503190654,150.01821899414062,1537600.0
2021-02-10,152.4477460761459,152.95824519768536,146.6338260721901,147.5224609375,1485500.0
2021-02-11,147.5602676929348,151.68201074052982,146.07606976298484,151.11480712890625,1455000.0
2021-02-12,155.48234273029487,156.8814623341174,152.26814553706504,155.64305114746094,1590000.0
2021-02-16,161.18280321269953,161.98635961453266,152.835328447288,153.33636474609375,1869300.0
2021-02-17,153.74286585160633,153.8657520148499,145.90587616111844,148.86483764648438,2300400.0
2021-02-18,142.25684849775635,142.98477502779448,133.03964812406383,133.72976684570312,4075000.0
2021-02-19,136.84943321380925,148.4016596878598,136.60364637870737,147.63592529296875,3729900.0
2021-02-22,145.71682841487555,151.14316420610305,145.2063437299646,147.93841552734375,2317400.0
2021-02-23,142.0016089807448,146.7756344110258,133.42724258743513,146.1706085205078,2314500.0
2021-02-24,146.52984018006322,153.2702174443315,144.44060191825787,152.107421875,1816500.0
2021-02-25,152.65575792866812,153.99815886050501,143.60872776535012,145.09292602539062,1326300.0
2021-02-26,144.62020771855944,150.22616276641858,143.52360836881124,148.6190643310547,1718100.0
2021-03-01,151.30387552482918,152.4666566364013,143.2210978127805,144.59185791015625,2385400.0
2021-03-02,145.48045629627643,149.96143728742163,144.98886841445386,145.3197479248047,1321400.0
2021-03-03,145.49944075936972,146.2368157413744,138.711791391098,138.967041015625,1523100.0
2021-03-04,137.96493279806492,138.6361259030971,129.6269055443458,133.77700805664062,2915300.0
2021-03-05,136.38620451579803,136.67926190245979,126.50725962936968,136.01751708984375,1416700.0
2021-03-08,137.0479442445383,138.6834023118257,132.58587306648622,133.0018310546875,1322900.0
2021-03-09,136.05531940752024,140.2243331962245,134.52385084226336,137.80422973632812,1218900.0
2021-03-10,141.80308488024355,147.76826567621288,140.99007994993192,143.97740173339844,1937200.0
2021-03-11,148.1381457009211,153.5404935059553,146.18571951717078,152.84861755371094,1589700.0
2021-03-12,151.70178490086997,153.47413027985453,147.71163603235607,149.06695556640625,984800.0
2021-03-15,147.92961380981603,151.3984946525034,147.92961380981603,150.5360107421875,704300.0
2021-03-16,151.57855784715738,151.57855784715738,146.25203503102554,147.24720764160156,957600.0
2021-03-17,145.26638316257961,148.64995346862716,143.66463112137396,147.76852416992188,1014400.0
2021-03-18,147.35149265952856,150.27065946750793,144.45128551826008,144.5555419921875,1326800.0
2021-03-19,144.71663697842177,145.39904023740723,140.87812226212495,143.58877563476562,1670700.0
2021-03-22,143.68356614632006,145.0104533991649,140.9823852491881,144.204833984375,740300.0
2021-03-23,142.94429352070713,144.10057268104492,137.83574161399045,138.82144165039062,765200.0
2021-03-24,140.29998604638806,143.20967994831383,138.90674715931414,138.9730987548828,1039800.0
2021-03-25,137.83576678943916,141.50368863857946,134.52802076544555,141.1529998779297,964200.0
2021-03-26,143.1148931062939,143.1148931062939,138.98256846196384,142.5462188720703,722500.0
2021-03-29,141.80694001259982,141.80694001259982,137.8073044058172,138.7645721435547,758800.0
2021-03-30,138.5655517056574,138.91624043995444,136.30984320914288,137.7978515625,1348000.0
2021-03-31,139.44699560529767,140.7170184234834,138.09166152285545,138.48025512695312,1990000.0
2021-04-01,140.4516705406446,143.89212024347327,139.83560420539393,142.86851501464844,1126200.0
2021-04-05,145.4559130519274,145.80658730205573,141.21933193686263,142.37562561035156,776000.0
2021-04-06,141.70268560814162,145.67388900902725,141.26671458990722,144.90618896484375,888000.0
2021-04-07,144.62189338140516,144.90623056212925,135.7790952790236,136.1961212158203,1292200.0
2021-04-08,137.37137337203401,139.1816384595874,136.7363618702095,138.53713989257812,852600.0
2021-04-09,138.56555085909764,139.79766879853304,137.25762318177803,139.6270751953125,638900.0
2021-04-12,139.65551766699187,140.58433887480885,138.0348060080362,139.99671936035156,793000.0
2021-04-13,140.2999914683363,141.47524487336392,138.31913305589995,140.82127380371094,1061900.0
2021-04-14,140.96341585122698,146.41315473664585,140.48952551336447,144.944091796875,1104600.0
2021-04-15,145.98667462382093,146.2615391529462,141.3235948501934,142.65048217773438,1036700.0
2021-04-16,143.91099908868213,145.01042802695216,143.02008303394553,144.09107971191406,727900.0
2021-04-19,147.32308608127965,151.4174926235444,146.70701973264417,149.2755126953125,1259300.0
2021-04-20,147.90120838498626,148.1665858729354,139.1152756274187,140.76441955566406,1072200.0
2021-04-21,140.13886168362254,145.14314286560014,138.86883895484496,145.05784606933594,690300.0
2021-04-22,147.85379886546303,151.5217057864051,145.6075630874581,147.66424560546875,1417900.0
2021-04-23,147.90121646443947,159.0945068918593,146.59327415810617,152.8107147216797,1576800.0
2021-04-26,154.25134083572752,162.98040925182625,153.5405051636735,161.66299438476562,1351300.0
2021-04-27,160.17493718502624,162.63917277266708,158.71536128046006,160.88577270507812,948800.0
2021-04-28,159.9379797533697,161.7387571480212,158.44995723702277,160.5540313720703,594000.0
2021-04-29,162.09892464774617,162.89505692893636,155.7867019997702,158.8669891357422,771700.0
2021-04-30,156.76291861474203,160.22232677233418,156.57336537122674,159.38827514648438,1372300.0
2021-05-03,160.65832162923198,161.1132668355688,156.8292934788164,157.3221435546875,652000.0
2021-05-04,154.97163219794538,155.36022579380395,150.2611605015749,153.64474487304688,949100.0
2021-05-05,157.31268307142102,159.77691940516283,155.04748710683123,158.4215850830078,991400.0
2021-05-06,149.50296468252776,150.8203795577818,142.16713529499026,144.86831665039062,2553600.0
2021-05-07,146.39420684192982,154.61146341382005,145.9582213758454,154.22286987304688,1115900.0
2021-05-10,154.85792653965578,156.51654317749612,150.87724950123678,151.152099609375,1127000.0
2021-05-11,147.52206267383403,152.49791143328022,145.65493350618772,152.11880493164062,600900.0
2021-05-12,150.2232558148716,151.1710366086563,146.04353904340425,146.52691650390625,1022300.0
2021-05-13,149.79673750771767,152.32731015648002,147.1429487442488,149.45553588867188,681900.0
2021-05-14,150.8203739313365,156.3743703881451,150.5644690479953,155.2559814453125,820200.0
2021-05-17,154.0143459119953,155.2559361712761,147.37040918081365,149.55029296875,1032500.0
2021-05-18,150.64973342788602,153.4456834901592,148.72573983976667,151.0288543701172,904900.0
2021-05-19,146.906006323387,149.51240320976967,144.61237879880852,148.78260803222656,735800.0
2021-05-20,148.47936357142953,150.03372371403324,146.37528875544305,149.7399139404297,721700.0
2021-05-21,151.1141679604156,153.7963892692333,150.5549807781851,151.24685668945312,1082800.0
2021-05-24,152.16622366726006,152.4031688880244,146.1762415445829,151.25634765625,553500.0
2021-05-25,152.06193810977868,153.32248817860324,149.2565008691941,149.768310546875,801200.0
2021-05-26,149.76832473680344,153.76796083428277,149.73040540642694,153.73004150390625,573900.0
2021-05-27,155.45498626493634,160.8383734152729,153.89113951521938,159.75790405273438,2357400.0
2021-05-28,159.69158367816223,160.3265950448435,156.5923365781624,158.35520935058594,749800.0
2021-06-01,161.12272310873075,164.71480569005737,160.64883274664624,162.47804260253906,1281300.0
2021-06-02,162.1083968675127,163.24574522309788,159.92851293060633,161.4639129638672,649900.0
2021-06-03,160.12754291958382,161.1227155255209,157.1230799008109,159.38827514648438,537600.0
2021-06-04,160.231805928273,164.76219660496886,160.0801575424623,164.4778594970703,634100.0
2021-06-07,164.91383921607098,165.1128795232261,159.72947771134255,161.8619842529297,758600.0
2021-06-08,162.35483911203534,168.3069008357497,161.7387729710798,166.81887817382812,819800.0
2021-06-09,166.2122917801667,166.8757498199928,164.41151428860113,165.26451110839844,914300.0
2021-06-10,165.55901667161768,165.55901667161768,158.95717660652159,159.37513732910156,786300.0
2021-06-11,160.45800125110014,161.85436319916738,159.16612946562313,161.65487670898438,680800.0
2021-06-14,161.1324293245628,161.8543520837138,158.833660399852,159.90704345703125,473600.0
2021-06-15,160.05903569746076,160.27750984799152,154.78705862575558,157.7127685546875,998100.0
2021-06-16,156.81988186254648,158.07376397069072,154.60660050092073,157.0003662109375,706100.0
2021-06-17,155.92695255478412,156.64888987474842,151.1964281173559,155.66098022460938,1231700.0
2021-06-18,152.42186510609497,154.50214627876244,149.91411480064522,150.0565948486328,1348200.0
2021-06-21,151.91834846270848,154.3786142182663,151.46239797476767,153.32421875,1026900.0
2021-06-22,153.31472726267287,154.28363483858894,150.95896590605162,153.4857177734375,803500.0
2021-06-23,154.5306119442849,157.5418249816231,154.5306119442849,155.4710235595703,701100.0
2021-06-24,157.95972383508564,157.95972383508564,154.84403604703184,157.65576171875,840600.0
2021-06-25,159.52711327329024,161.3509298799901,157.77929083700366,158.4157257080078,1648700.0
2021-06-28,159.42259639413996,162.3862960717445,157.65577208762872,160.58148193359375,670700.0
2021-06-29,161.48388314248007,161.9873317362544,158.4916875761306,159.14710998535156,606000.0
2021-06-30,158.3112246482108,160.1540432943823,158.03574398760725,160.02105712890625,589300.0
2021-07-01,161.48390948574607,163.61170268754418,160.8854644770892,163.41221618652344,677000.0
2021-07-02,163.5166823408769,163.87765095904325,161.37939561744557,162.101318359375,501300.0
2021-07-06,162.4338144583365,162.58580279262733,158.22574072529767,160.1160430908203,665800.0
2021-07-07,159.58409586152442,163.00376085631913,158.4347040316502,161.5218963623047,741100.0
2021-07-08,157.38980534796195,160.01153865589626,155.02453602507063,159.49859619140625,731500.0
2021-07-09,161.95884491197918,167.48730041702157,161.00893966322857,166.71786499023438,1314100.0
2021-07-12,167.85781309412482,183.11329363319595,167.1928676255769,178.09779357910156,3652500.0
2021-07-13,176.58741308884763,179.52263187414812,174.8300967454688,175.59951782226562,1098900.0
2021-07-14,176.20743805756925,180.98546069009,172.2558284208555,173.37672424316406,1126600.0
2021-07-15,173.50019813447804,180.78598457781192,173.50019813447804,176.52090454101562,1478700.0
2021-07-16,177.63228988083685,179.47510846929356,170.47001034553253,171.60989379882812,978100.0
2021-07-19,165.47352664115886,170.6505084494716,161.71190917261592,169.15916442871094,1756500.0
2021-07-20,170.03303297626002,179.25661896385043,169.6245806923457,177.8697509765625,1268200.0
2021-07-21,184.28165083700335,188.3947430305807,179.75059794097933,180.69100952148438,1826100.0
2021-07-22,182.3248600682564,184.59513358465847,179.80760185074482,183.10377502441406,811300.0
2021-07-23,182.44835274751716,183.9776866577532,176.91989588912924,180.81451416015625,905500.0
2021-07-26,181.43192617389852,185.1555534953116,180.97597565346575,185.07955932617188,1038200.0
2021-07-27,181.97340195018194,182.37236051725282,175.68501774073133,179.52264404296875,1197000.0
2021-07-28,180.491530874808,185.7065170577408,179.8931002924044,184.7946014404297,774900.0
2021-07-29,187.31184850612317,200.43003978630173,186.00097441338667,192.65982055664062,2550000.0
2021-07-30,192.65983876996634,197.19087752907402,191.4154504006271,195.71852111816406,1556400.0
2021-08-02,197.92229923639803,198.49224830155362,194.37915598253977,196.53543090820312,1109900.0
2021-08-03,194.5311093924994,197.39982759530278,191.45342534846893,196.6114044189453,1046900.0
2021-08-04,198.6252503448706,201.4179604027984,195.74703777425714,196.47845458984375,1153700.0
2021-08-05,199.34713873666075,214.88759095203514,197.87478253489596,207.66830444335938,2505200.0
2021-08-06,209.9291214428214,215.99901717987598,204.2486904504499,215.35308837890625,1651300.0
2021-08-09,213.4532115850988,220.88146298051362,209.05514571191566,219.78907775878906,1425200.0
2021-08-10,220.66303348221098,229.88660705696677,220.66303348221098,227.05589294433594,1977900.0
2021-08-11,227.97726680366105,229.94357768715668,216.33143330909292,224.16815185546875,1916300.0
2021-08-12,223.80719254578548,225.65950501693854,218.87718162643628,224.6905975341797,1089600.0
2021-08-13,226.03949836793956,227.93930919320766,221.4704411578684,223.43675231933594,849200.0
2021-08-16,220.80546985948558,220.80546985948558,210.2615304054809,214.58358764648438,2147800.0
2021-08-17,210.29006640158752,212.54133760753322,200.20206099056654,205.60702514648438,2133000.0
2021-08-18,206.4239327210478,210.57501453134688,204.37213365228078,206.82289123535156,946100.0
2021-08-19,200.52502074901471,206.19595672267883,199.9740739188679,202.6623077392578,1361800.0
2021-08-20,203.10876995069347,209.4636245999449,203.0232674530007,208.67520141601562,1116800.0
2021-08-23,213.85219168040913,218.70620849873922,211.4204363535848,216.52142333984375,1550100.0
2021-08-24,216.70188591311162,217.8132732988068,210.92646034460068,217.71827697753906,1208600.0
2021-08-25,218.05077303539042,228.49022341394928,216.1034641954079,222.4393310546875,1834600.0
2021-08-26,221.2329622021026,224.55763110721009,218.90569686740864,219.14317321777344,908400.0
2021-08-27,221.03344273864158,225.9349570366924,221.03344273864158,224.79505920410156,985000.0
2021-08-30,228.65170818455644,232.1853425200218,225.0135691932613,225.10855102539062,1119600.0
2021-08-31,225.13706398662146,225.22256648470545,219.0291794837208,224.88059997558594,833100.0
2021-09-01,224.88058725659184,229.21215313084707,221.95487717613415,227.21734619140625,924000.0
2021-09-02,227.97725719466632,236.2509381978937,227.97725719466632,231.8053741455078,1092800.0
2021-09-03,231.2639644756142,233.23975486209656,227.6543212219615,229.74411010742188,860500.0
2021-09-07,228.92718085083948,229.75359383644832,226.2104510709247,226.81838989257812,1042300.0
2021-09-08,231.53941273557925,231.53941273557925,223.55070582674284,227.2933349609375,1203200.0
2021-09-09,226.07745491852555,235.51000731978698,225.8209764364453,231.21644592285156,1172100.0
2021-09-10,237.32433056412114,240.42103103882457,228.89867540822448,229.08865356445312,1536200.0
2021-09-13,230.76050763539612,231.0644843151399,211.30644945837625,217.65182495117188,2522900.0
2021-09-14,220.56801478004843,223.2277526035677,217.28135045432657,218.9246826171875,1322400.0
2021-09-15,219.01020560619182,224.74764283421885,218.8677255816578,222.25888061523438,1469300.0
2021-09-16,221.03140200765853,221.27878448551166,214.4185412705166,220.03233337402344,1323100.0
2021-09-17,217.35866227241314,218.8429862912379,212.8961660115847,215.84579467773438,2097300.0
2021-09-20,206.14060218393416,207.42512135758187,200.04155345705612,205.02735900878906,2246600.0
2021-09-21,208.0340426289257,209.66109902574914,203.17192184693104,205.98834228515625,1008900.0
2021-09-22,209.04264905442403,215.64600142104925,206.49265917652818,212.44898986816406,904500.0
2021-09-23,215.88387546208398,220.97436007788787,215.88387546208398,218.03424072265625,1055100.0
2021-09-24,216.83532965814624,218.52898283789813,213.81910428704643,215.4176025390625,704200.0
2021-09-27,215.02751565416614,215.68403242970948,209.35662134108213,211.46893310546875,843700.0
2021-09-28,208.3861022452307,209.27099669481342,204.6277145525674,205.95028686523438,984200.0
2021-09-29,208.1958108846942,210.20345812632314,205.9027133468014,208.34805297851562,740400.0
2021-09-30,212.79151564686674,217.74879175221386,208.22435446246007,208.34805297851562,1019700.0
2021-10-01,208.82379356764585,210.8790182285693,200.27940588998695,208.2719268798828,1116200.0
2021-10-04,208.37662343095076,209.37569233742332,202.296593766381,204.77047729492188,1015800.0
2021-10-05,206.4926388750226,212.96278239576836,204.71334033268968,211.60214233398438,1049600.0
2021-10-06,209.3280849008182,211.96371985318788,204.15196993302118,211.58311462402344,1005800.0
2021-10-07,215.03705579369623,215.93146003015147,211.13593525725295,211.51654052734375,641000.0
2021-10-08,211.21204984898972,211.95421195470132,203.20049427093434,204.6277313232422,1260600.0
2021-10-11,204.66575104494765,208.54782213919108,203.52395005635557,203.77134704589844,743100.0
2021-10-12,207.38702043581225,208.32898739600375,204.4469017057336,206.34988403320312,707300.0
2021-10-13,207.90083339348342,215.24634683779868,207.32993284903455,212.81053161621094,1016400.0
2021-10-14,214.13312562975224,221.10755878536773,214.12360142459323,220.10848999023438,1127900.0
2021-10-15,222.25880222600566,223.16271586590847,217.52989030472025,217.67262268066406,908300.0
2021-10-18,216.78776809086716,226.3312243947079,216.5023178053318,225.4178009033203,1223100.0
2021-10-19,231.94501700785702,232.50639333894023,221.76406393468835,224.5043487548828,1069900.0
2021-10-20,226.82601017534932,227.39691076215985,221.34542552010956,223.76220703125,911700.0
2021-10-21,222.57284535513728,224.36165366278323,219.22359188080188,222.80120849609375,656500.0
2021-10-22,224.0571608950843,226.15996299654643,219.72787269932442,220.2797393798828,761800.0
2021-10-25,223.50529472263918,231.21237985870454,220.87918402995405,227.8250732421875,1600500.0
2021-10-26,227.82509894711214,230.40363246324875,222.64898350337293,224.70420837402344,1121200.0
2021-10-27,225.21801248187865,227.06390812909763,219.4424672077662,220.5081329345703,1140400.0
2021-10-28,221.94485398570677,234.2666778564453,221.4595986525215,234.2666778564453,1569900.0
2021-10-29,228.12004948338702,239.58552307021478,224.6375876835548,238.32003784179688,4261200.0
2021-11-01,243.5817368267634,246.60747174497897,237.48267501003482,243.45803833007812,1638100.0
2021-11-02,243.58176902668734,248.32970124823015,239.3476357109991,247.40675354003906,1631500.0
2021-11-03,245.95099823024648,250.71797934963718,243.09653860065958,249.24317932128906,1172500.0
2021-11-04,260.48973504281156,262.6115708695361,251.2412394289614,259.43359375,1841800.0
2021-11-05,260.5087705497757,261.6505425094723,254.5048637056308,259.2908630371094,990800.0
2021-11-08,262.4212809599719,266.36999296488665,259.39554568674095,265.00933837890625,1234600.0
2021-11-09,266.41753629776673,269.1483113988657,257.9207268411998,261.2509460449219,1051000.0
2021-11-10,256.79799830493704,260.7847200974959,250.78456638065478,252.8588104248047,1331100.0
2021-11-11,253.63900545420137,260.11865792990704,251.15559842760612,259.1005554199219,785700.0
2021-11-12,259.2718831468758,263.20154728775515,256.997833792747,262.9922180175781,767700.0
2021-11-15,262.4498152288628,263.1158707099088,252.44966206934976,258.13006591796875,946100.0
2021-11-16,256.4840251326508,260.2233794484079,254.07675299890732,259.25286865234375,674400.0
2021-11-17,259.947418686915,262.51642761559475,257.1405079107488,260.1282043457031,603300.0
2021-11-18,263.5630335312246,264.74287319808735,256.51248102702596,261.3365478515625,823400.0
2021-11-19,260.7561578580389,268.8438332476387,259.6429293887773,267.7781677246094,1028800.0
2021-11-22,273.3253837322833,277.3406779388819,267.4641941914487,270.033203125,2346100.0
2021-11-23,268.3206069178278,272.5927945232981,257.8922680559811,261.8124084472656,1329500.0
2021-11-24,259.0720517492834,261.66010926422155,254.1528289187435,261.16534423828125,974400.0
2021-11-26,252.14522215504073,256.598194958508,250.08999723716045,253.90548706054688,884300.0
2021-11-29,258.1300920650925,264.0103015387741,255.18998732825173,262.5069580078125,1004800.0
2021-11-30,261.66008090153116,264.1244396335571,251.47911341157052,253.56288146972656,1377500.0
2021-12-01,256.9121650877509,262.6115884584014,247.1974183905247,247.24501037597656,1247400.0
2021-12-02,248.33923160013956,252.0500418970674,242.96331151278932,248.7103271484375,1204300.0
2021-12-03,249.53811400068187,254.81887902399558,235.13252199033266,239.27151489257812,1623500.0
2021-12-06,239.72823141293674,240.43234020539893,227.51108654008547,236.483642578125,1036000.0
2021-12-07,240.9746968591577,250.42301362352342,240.9746968591577,246.9405517578125,888200.0
2021-12-08,248.3392611434589,252.96349551654345,246.1413182816031,251.80270385742188,832600.0
2021-12-09,248.7578749181632,253.56289411955,244.81868720221223,244.98045349121094,682200.0
2021-12-10,247.8730094698791,250.77504633890277,244.7425949420646,250.11851501464844,667500.0
2021-12-13,250.24223885438386,250.3183453902091,235.92229034321585,236.73106384277344,1101600.0
2021-12-14,234.00976815691936,235.6368101182956,228.0819815368174,232.0021209716797,1207700.0
2021-12-15,218.19601018295552,228.8146429472995,215.93145605309527,228.15811157226562,1854800.0
2021-12-16,231.29359405159687,231.58903452608317,217.67462581172882,220.0762939453125,1470100.0
2021-12-17,216.40708811931182,221.60116013140373,211.82294739596162,219.07559204101562,2350400.0
2021-12-20,209.77393494070785,212.6902391840189,205.5519541416688,207.8869171142578,1703200.0
2021-12-21,211.9754794095241,214.43432811700345,209.4499253619384,213.62423706054688,805800.0
2021-12-22,213.4812666062042,218.1797535739948,212.92850086724226,214.65350341796875,779100.0
2021-12-23,215.0919219661691,218.70394257556595,212.69025349852265,217.19813537597656,810000.0
2021-12-27,218.76112150540402,222.382681815769,216.81692340402302,222.15396118164062,593400.0
2021-12-28,225.02257576448926,225.59440634573735,220.1715991704307,221.86801147460938,704600.0
2021-12-29,220.62904071149674,221.97283231137098,216.40707512006443,221.6106719970703,573800.0
2021-12-30,220.15253599309614,226.08045392650718,220.15253599309614,223.34523010253906,610200.0
2021-12-31,223.0212010857132,225.9946999865469,222.50656515528908,222.79248046875,380300.0
2022-01-03,225.61346982585167,227.8245326902333,218.62767513662502,225.55628967285156,1130500.0
2022-01-04,227.79594168755204,236.30659374378627,227.2717660500879,231.1887664794922,1142500.0
2022-01-05,228.72989100559656,235.8109802343625,224.32684525726037,224.5746307373047,1072100.0
2022-01-06,223.0116726007127,224.6032498865957,216.50239853144163,222.42079162597656,1002400.0
2022-01-07,223.0212212780219,227.65300324022726,220.84828796659303,224.9368438720703,795700.0
2022-01-10,220.1525536034124,222.05863631859347,209.74534372359466,216.31179809570312,1105400.0
2022-01-11,216.9693953082362,229.5876533633616,216.4833349169995,228.89193725585938,987000.0
2022-01-12,233.49512499838596,236.35424897795804,228.32011757564365,229.7496795654297,1143300.0
2022-01-13,231.5509343396529,235.2010699373229,223.50726296521913,224.1839141845703,610700.0
2022-01-14,221.10561188711068,224.80341729115912,218.17976771504476,222.6971893310547,557100.0
2022-01-18,220.12398054763085,221.362937316755,213.78626084647868,215.67327880859375,773900.0
2022-01-19,217.1219039056334,218.4275660012449,209.26883734716142,209.37367248535156,705600.0
2022-01-20,210.32671671974538,216.59773111018242,204.71330324654116,206.95294189453125,1190800.0
2022-01-21,203.9889843252101,209.18307183009105,197.98483486034382,202.7595672607422,1345200.0
2022-01-24,196.28840281663693,202.7881372607376,187.8825711305508,201.96852111816406,1994700.0
2022-01-25,198.33745238829144,200.93925141785758,194.55387675144866,196.3360595703125,1231900.0
2022-01-26,201.61591386975678,204.57033352530513,193.048066329925,195.96437072753906,1082600.0
2022-01-27,202.8357942016149,204.79905707459292,193.67706615900565,195.7832794189453,942500.0
2022-01-28,195.21146324675976,196.7553855943249,187.7491476630997,196.54571533203125,819500.0
2022-01-31,197.27956535471083,210.58402939751548,197.27956535471083,210.37435913085938,1137000.0
2022-02-01,216.87413286407863,218.63726554907478,209.52619065477631,214.6249542236328,916700.0
2022-02-02,215.30156746396852,216.30226375550387,210.59354103012635,211.08912658691406,818600.0
2022-02-03,207.76301878535327,210.61261771858514,204.50361904305757,204.96107482910156,654300.0
2022-02-04,204.4273649303702,208.71605090793042,203.42666862715484,205.87599182128906,720600.0
2022-02-07,207.2483785083758,213.3669022344022,207.01964334901012,209.4594268798828,780100.0
2022-02-08,208.6493272528223,216.73112804114177,208.03938139542615,216.04493713378906,1128400.0
2022-02-09,220.22876807745473,226.65227117089862,220.22876807745473,225.32752990722656,972400.0
2022-02-10,222.48754327469476,232.83757491892092,221.2485863716483,224.95591735839844,795700.0
2022-02-11,222.5065472043925,227.8626345059419,217.87476603522072,220.04769897460938,1009800.0
2022-02-14,219.37105248824858,222.89731714157617,214.3485350092464,216.9884490966797,875100.0
2022-02-15,221.2199300166861,231.4651234412283,221.2199300166861,230.05462646484375,1042100.0
2022-02-16,229.69246949846627,236.3351682631651,225.10834335143358,234.44815063476562,1394800.0
2022-02-17,208.22998498645381,210.6221132547232,185.68102584198337,187.7681884765625,6180600.0
2022-02-18,190.6273423529402,191.95206929955077,178.22826459755413,181.8021697998047,3060900.0
2022-02-22,180.2201094160039,190.25563279465698,179.74358878247904,182.84097290039062,1635500.0
2022-02-23,183.93699251950443,186.91047707147854,172.32895510140705,173.4535369873047,1644000.0
2022-02-24,164.1709004402038,176.27453741986923,161.95031231278233,175.5502166748047,1979800.0
2022-02-25,175.7407997311126,182.98391900877886,171.71896451451838,182.93626403808594,1135300.0
2022-02-28,183.5557842897266,191.4469661261122,181.58298155950118,186.6912841796875,1583600.0
2022-03-01,185.34747397872283,187.69196205154634,175.5883400564495,177.68502807617188,992000.0
2022-03-02,180.26775589065764,183.0887645343171,175.1404035907232,182.14524841308594,840600.0
2022-03-03,184.41350507230052,185.68105183931536,175.84565792184253,177.5802001953125,1071900.0
2022-03-04,174.3970378137099,176.08391049353347,166.51538196077428,170.66111755371094,1313900.0
2022-03-07,172.10019081077238,173.27242747739922,163.10347907665619,164.0088653564453,1051400.0
2022-03-08,163.4751689918676,175.95047581089779,162.0265421797808,172.252685546875,1463500.0
2022-03-09,179.68641338712982,181.0111403088985,173.67272467300887,178.34263610839844,1332400.0
2022-03-10,175.95050860948155,180.4202753561513,174.89263201369775,179.5244140625,785600.0
2022-03-11,179.90561306031262,182.4597568036039,175.96954777680475,176.0839080810547,769600.0
2022-03-14,176.18872246013333,177.42767893188687,167.02999592202934,168.01162719726562,973200.0
2022-03-15,167.12534430950606,174.12066485541663,164.66649569617684,173.4058837890625,834400.0
2022-03-16,177.14179772980074,184.8709639505331,177.03696259566965,182.2691650390625,890700.0
2022-03-17,179.3897899149283,187.75572018614392,179.3897899149283,187.5360565185547,706600.0
2022-03-18,187.8034470030903,190.11459308815716,185.89341951433332,189.32192993164062,1347100.0
2022-03-21,190.06684221758687,191.60441495102415,184.31765531355782,189.74212646484375,818500.0
2022-03-22,190.02864399997588,197.0671056950414,189.00678680000513,196.35084533691406,990600.0
2022-03-23,194.0683456765363,202.67301410193724,193.54308521275422,198.84341430664062,903500.0
2022-03-24,198.6428904586358,205.0223762920959,197.1912652557939,204.51622009277344,753000.0
2022-03-25,204.47801665771064,208.21212432046994,202.86404091449293,207.7919158935547,836300.0
2022-03-28,207.62954635089943,209.11936549419298,200.8680471393449,204.69764709472656,832800.0
2022-03-29,208.1929933707803,213.81802366382146,204.4970948947364,212.47145080566406,859500.0
2022-03-30,210.9434874526208,216.40616845160267,209.54916066378004,213.11135864257812,934100.0
2022-03-31,212.32820245554757,219.65315595096928,211.12489041247193,211.20127868652344,1141500.0
2022-04-01,213.92307065561573,218.1060353610525,212.37595311134854,214.8016815185547,864500.0
2022-04-04,214.05677189825298,216.17690349550432,210.23671706678786,215.8712921142578,744000.0
2022-04-05,216.7785599669918,217.99141684568806,207.31437092275488,207.52447509765625,1136100.0
2022-04-06,206.23522964514535,206.23522964514535,196.26488312314314,201.95677185058594,1381700.0
2022-04-07,202.46293313603866,205.32797464268072,196.56095462708626,202.31968688964844,847200.0
2022-04-08,203.09318426064485,205.03186059391382,196.92379033949638,201.5078582763672,736900.0
2022-04-11,198.01254879880145,199.74112136669467,192.39707781911662,196.7328338623047,1054000.0
2022-04-12,199.31137987251097,203.40839729108473,193.37119278944888,195.79693603515625,710100.0
2022-04-13,197.46820476959732,203.13142953038215,196.7519444295238,202.9404296875,517400.0
2022-04-14,203.38927762033128,205.5380585379381,200.7629898321452,201.40284729003906,572600.0
2022-04-18,201.36467108493278,203.83815339744683,199.06308426640604,200.2377471923828,565900.0
2022-04-19,200.68658782316777,208.89015239665133,197.85019583428058,208.33624267578125,718300.0
2022-04-20,211.69793772888622,212.21365341553863,205.88190634819696,207.4194793701172,774000.0
2022-04-21,211.0389164465893,212.68154112267786,196.82832296435288,197.9170379638672,1190600.0
2022-04-22,198.1844517085187,201.22138835034414,191.3560948514694,191.61395263671875,877300.0
2022-04-25,189.18822267811586,191.1841978441271,182.50312667637823,189.5320281982422,1530000.0
2022-04-26,188.17591186684663,189.5702384202114,179.18924312554256,179.31338500976562,1013000.0
2022-04-27,178.93136343814436,187.54559090095185,178.93136343814436,183.582275390625,1006900.0
2022-04-28,185.4541558645697,187.45967635757037,179.33251312653027,186.47601318359375,942300.0
2022-04-29,186.57151850518576,192.9701088036515,183.17167130869473,184.15533447265625,986900.0
2022-05-02,183.29576754825058,185.60691346416255,176.8207760010632,182.8087158203125,1020600.0
2022-05-03,181.9969757276803,189.51292921076396,181.80596132148167,188.25230407714844,928300.0
2022-05-04,201.41240488409213,205.77682495117188,195.10932253833428,205.77682495117188,2090100.0
2022-05-05,227.29326889328422,232.24023304505562,211.38273657338956,225.86074829101562,3740500.0
2022-05-06,224.90576405925452,231.98242026014023,217.74316010832285,231.50491333007812,2321100.0
2022-05-09,227.29325989599323,228.630273242911,210.83837797621848,211.6692352294922,2422200.0
2022-05-10,216.9600180610256,219.17565696934514,203.89543687562175,211.46868896484375,1907400.0
2022-05-11,211.05805559920847,217.69539877711088,203.06459453672676,203.44659423828125,1203900.0
2022-05-12,202.51067331540054,208.1930023456859,195.30986131228397,203.84768676757812,1387900.0
2022-05-13,207.52448304737047,220.80872731164098,205.80545544703142,218.5262451171875,1078500.0
2022-05-16,215.90949386403094,223.4350063026125,213.60790740489185,216.13870239257812,974500.0
2022-05-17,222.0311577677978,228.56344849060912,220.82783108514315,228.4679412841797,1141400.0
2022-05-18,226.45285081060953,233.8828564581895,223.55916037684693,225.3641357421875,1109200.0
2022-05-19,224.12260750187338,232.18292543917386,223.3586082018669,228.32467651367188,1067900.0
2022-05-20,230.78862443817457,232.18293634127332,217.83864042547657,225.80345153808594,1120100.0
2022-05-23,229.20328947682466,232.66999389331448,224.88662344475236,232.0110321044922,1003400.0
2022-05-24,232.33576534881544,238.65795229338423,226.7393836750976,232.21160888671875,2202500.0
2022-05-25,233.01383283733884,236.0698742209626,221.93566642780354,226.82533264160156,1532600.0
2022-05-26,228.3819766378669,246.67049781657823,226.63429981051104,243.5762481689453,2265500.0
2022-05-27,247.348524760386,261.368117547443,245.98286229408234,258.7322998046875,1952600.0
2022-05-31,253.16462566638492,253.80449778893615,242.82182360896405,248.70472717285156,2705900.0
2022-06-01,241.14097673790826,242.18193824903574,222.27945479504217,229.31790161132812,3401900.0
2022-06-02,223.08165698306271,240.16685228181956,222.51820237141834,239.9853973388672,1657700.0
2022-06-03,235.00024570022268,240.50111977690318,234.24577666037214,239.479248046875,927500.0
2022-06-06,242.79317725019033,248.0744174701051,241.61851424538338,246.1930389404297,1281000.0
2022-06-07,242.96506985111287,247.17668430174248,241.14098995448813,246.2885284423828,986000.0
2022-06-08,245.2666731580253,248.1794538519751,239.99499242788886,242.2106170654297,864200.0
2022-06-09,240.2545711410307,241.18238081569345,230.97648898949024,231.26344299316406,1211000.0
2022-06-10,228.49914268673996,230.66083555210957,224.6826880974614,226.56700134277344,1096100.0
2022-06-13,218.29325129789922,219.12540475389932,209.56994319473887,212.55422973632812,1652500.0
2022-06-14,213.7402864093071,218.23585010597557,211.41597522919955,213.61593627929688,1033100.0
2022-06-15,215.97849604337472,216.15065966998523,201.7074653881622,205.7247772216797,1951800.0
2022-06-16,200.10054653173952,200.4544627819087,190.02856497603634,193.37632751464844,2158500.0
2022-06-17,194.26587207550125,204.25175663256272,191.63548737755426,202.81700134277344,2401400.0
2022-06-21,207.70475077712257,209.43603455195478,204.0987427157524,206.92042541503906,1347800.0
2022-06-22,200.33969753269866,211.1003641838412,199.30667178277838,206.83436584472656,1243200.0
2022-06-23,207.58994259658988,210.04816346885704,200.20573479460262,204.32826232910156,1163100.0
2022-06-24,207.32212403313991,216.73411453486912,205.08390944951245,215.0124053955078,2392000.0
2022-06-27,211.99943406397725,218.64713043571135,211.3968321916546,216.7628173828125,1238400.0
2022-06-28,216.16978227904872,222.6548745798134,212.55420036251917,213.4820098876953,1586100.0
2022-06-29,212.49681783146355,213.42462737996152,199.5648866214906,202.67352294921875,1405600.0
2022-06-30,198.91445272777204,202.73089193837407,194.99278296468412,199.89007568359375,1250700.0
2022-07-01,196.73361495273596,199.69878137065555,191.73110619006778,196.22666931152344,1003000.0
2022-07-05,192.4676516170039,192.4676516170039,186.5947202171114,191.71200561523438,1203300.0
2022-07-06,191.43459968402186,193.36674073747372,185.27471513773213,189.6746368408203,1486500.0
2022-07-07,194.82062717067913,197.52753384510086,193.53891597497116,194.1702117919922,1594100.0
2022-07-08,194.6962644414664,199.47878130519643,191.56849432596366,196.9727325439453,907900.0
2022-07-11,192.907622571881,193.46239636392474,188.61293111541778,191.1285400390625,897700.0
2022-07-12,189.1390057046228,190.90852840723207,184.75821796118873,187.30252075195312,938500.0
2022-07-13,183.2660761144112,189.49290863418483,181.01828705534643,187.4746856689453,881900.0
2022-07-14,184.2895182640147,188.20161387814616,181.9078194153565,188.10597229003906,992300.0
2022-07-15,191.63550836501048,192.74504148502922,186.8338560493598,191.97027587890625,912500.0
2022-07-18,197.27887180162676,199.15362532034354,193.73981132347558,195.011962890625,940300.0
2022-07-19,198.8188195166188,203.07525720306228,198.00578569776638,202.3196258544922,780900.0
2022-07-20,204.48133570004325,210.92817513187734,201.46835523845627,209.96209716796875,933400.0
2022-07-21,209.95253843747028,216.23677404235636,209.7134125394777,215.78721618652344,865200.0
2022-07-22,218.0827969457343,218.34105697610963,210.66033507584692,211.8272705078125,707700.0
2022-07-25,211.94203270508675,217.88191085832364,207.7142892772602,217.67149353027344,720600.0
2022-07-26,218.3410590600196,219.1540782817979,214.67764888635458,215.30894470214844,881500.0
2022-07-27,218.40800451232622,225.41917688102217,215.25154006028833,224.0991973876953,786900.0
2022-07-28,226.77742129121287,228.66173443673634,222.47315535180948,226.04092407226562,1084000.0
2022-07-29,228.12606704099034,235.02246316247314,226.69131190236774,233.683349609375,1506600.0
2022-08-01,231.95208002101486,233.33900706501032,227.1408689721032,229.52256774902344,957300.0
2022-08-02,228.6043300700876,235.89288186465657,228.25998823596942,233.28163146972656,1025400.0
2022-08-03,235.29985317698967,235.29985317698967,223.98441539678362,229.12083435058594,1407700.0
2022-08-04,235.4911634250403,239.26934940553187,220.01494349547886,224.67311096191406,2192000.0
2022-08-05,222.12880559898505,233.19555819332035,221.6888221585077,227.63827514648438,1428000.0
2022-08-08,232.94685017907233,242.54059347313125,232.39209100653386,234.1903076171875,1468800.0
2022-08-09,233.98946402059235,237.18418231897994,230.5843137772728,234.01815795898438,762000.0
2022-08-10,239.1163163491186,248.1170032343845,237.86328449832615,248.02134704589844,1359900.0
2022-08-11,251.6465008132861,260.59938869884814,251.6465008132861,254.1429901123047,1983300.0
2022-08-12,255.38643011001153,269.3992003061037,254.8603648701225,269.32269287109375,1995700.0
2022-08-15,264.5497639583864,276.51563383794286,264.19586228194623,271.7235412597656,1793900.0
2022-08-16,271.1400671497391,272.17307815783136,264.83671214964147,268.59576416015625,1297800.0
2022-08-17,263.51671189743666,271.2739412019017,261.98630047306546,265.54449462890625,987700.0
2022-08-18,266.7688430757751,269.74358439350306,263.9184810842582,267.3523254394531,1070700.0
2022-08-19,263.9185110921547,263.99501854370726,254.71692107099202,258.2751159667969,1223700.0
2022-08-22,253.47343874977338,265.0471374514766,251.89521374276194,263.7080383300781,1454300.0
2022-08-23,265.5158084197218,271.56091766734005,264.18628370678334,268.8061828613281,1038700.0
2022-08-24,269.7340003214162,276.04692957122836,267.8305676032654,275.3582458496094,795200.0
2022-08-25,277.9503700382072,285.20068347490303,277.5295061304752,282.8189697265625,1370000.0
2022-08-26,283.23025386899866,283.6415725824832,274.057388272593,275.6260681152344,920700.0
2022-08-29,270.5661657253263,277.71124870739317,268.15578718794666,272.5748291015625,744300.0
2022-08-30,274.33471005811043,275.47295132414206,259.79584817327054,260.9053955078125,1913400.0
2022-08-31,260.8959221331943,261.21155546645593,255.7403538985991,256.3046875,1558200.0
2022-09-01,252.77519634267233,252.77519634267233,238.72417069191147,245.7831573486328,1725600.0
2022-09-02,251.4073681925375,254.3916543442437,246.55788860093026,248.5761260986328,1194600.0
2022-09-06,257.2898284559953,258.73415786478114,247.46654949579954,255.09945678710938,1411900.0
2022-09-07,253.53078379843924,267.51485855634576,252.96645030654537,267.0557556152344,1386900.0
2022-09-08,265.61140747479106,279.5763616906476,264.93229829541696,278.7537536621094,1635200.0
2022-09-09,282.16851287332395,289.3805569349265,282.16851287332395,287.304931640625,1580700.0
2022-09-12,287.32411138431655,287.34323094658777,279.10772031717823,284.0528564453125,1060900.0
2022-09-13,274.0956605199207,293.7613715721356,273.1295825739438,285.1241455078125,1957100.0
2022-09-14,283.5841768532716,294.8326385076484,282.26419731251286,293.69439697265625,1590600.0
2022-09-15,289.3797661298699,291.0079281183728,274.362480989728,274.6306457519531,1618900.0
2022-09-16,269.3726998344225,275.8757029259965,265.32146809100476,275.17657470703125,1925100.0
2022-09-19,269.9377838103735,285.1274563466707,269.90905291157964,284.39959716796875,1134700.0
2022-09-20,280.99009872423306,281.5743034878521,272.2938419632448,275.49267578125,903700.0
2022-09-21,278.5190472002997,284.95503067022145,272.81095203395034,272.98333740234375,995100.0
2022-09-22,276.9005421864578,277.61884396477535,259.29735526271133,260.64776611328125,1576200.0
2022-09-23,253.79995419815165,258.44497807337063,249.3081715384606,258.0618896484375,1485300.0
2022-09-26,255.51426766759369,263.0037372239092,253.25399664104273,253.82864379882812,1256300.0
2022-09-27,259.7283251489804,264.6510710377743,253.87654531182187,258.2821350097656,1160400.0
2022-09-28,255.7153609857677,267.2081861986112,253.36889748037242,266.20257568359375,1179200.0
2022-09-29,262.24718886512255,262.49618026509296,251.0225256140331,254.2213592529297,1014400.0
2022-09-30,252.0760280185437,259.0962172847683,250.6681554816466,253.26361083984375,1078000.0
2022-10-03,259.3068873866517,264.0764207126575,251.28105919663486,262.16094970703125,1524700.0
2022-10-04,272.86850097633567,276.8335118546239,266.92097004501517,271.7862548828125,1266500.0
2022-10-05,268.5682236326158,269.2865253160881,257.333974781112,265.1011962890625,1118800.0
2022-10-06,262.7930670906352,273.2419360416473,262.7930670906352,269.06622314453125,1359600.0
2022-10-07,264.79472467543195,265.264005723064,255.0162240614642,261.01165771484375,1031600.0
2022-10-10,261.9790108504703,266.6814962730382,258.3300404601693,266.3462829589844,1030000.0
2022-10-11,262.5248992181987,264.2105232780123,256.2421558306031,261.4522399902344,1412400.0
2022-10-12,260.50406980946144,261.29897745638203,235.06661591922972,240.82260131835938,3589500.0
2022-10-13,227.4622045457363,247.03832250886262,221.87860425522103,245.18031311035156,2691200.0
2022-10-14,248.0439310502559,249.9977198372303,226.86841118903607,227.4334716796875,1985700.0
2022-10-17,234.66440103228052,240.78433145927147,233.40018291663816,237.54718017578125,1327600.0
2022-10-18,244.71102652162742,247.03833171089073,239.09869512322442,241.0333251953125,973900.0
2022-10-19,239.43392399099616,245.97524593420965,237.3843701861887,245.66879272460938,1151200.0
2022-10-20,247.4118148713444,250.17968467485508,241.93358090147623,244.59608459472656,1067800.0
2022-10-21,245.15158920205238,259.9007119876161,243.75328875886254,258.59820556640625,1318400.0
2022-10-24,257.63093029829105,259.4314782794223,247.93864867503763,259.13458251953125,991600.0
2022-10-25,258.6364281068621,270.2824938543097,257.5063073712511,269.53546142578125,1103500.0
2022-10-26,271.4414099369119,274.93713868782265,267.58173701732363,270.2250671386719,1051200.0
2022-10-27,271.99687523895085,272.4757429770476,262.70682942876715,270.2442321777344,1000200.0
2022-10-28,269.3153283540072,273.7496207164331,264.4500139471644,268.31927490234375,940600.0
2022-10-31,266.13555848538846,269.6312873864974,262.1609618107641,268.04144287109375,2300800.0
2022-11-01,273.58671253108446,275.71288640212305,267.1028540476516,267.20819091796875,1276200.0
2022-11-02,264.5074054800236,267.6870946204121,254.27879649989057,255.25567626953125,1594800.0
2022-11-03,242.30712348037332,266.72938296159674,239.9127843155475,262.9559020996094,2240900.0
2022-11-04,271.8915521468016,274.6210750100859,263.7986752716699,272.9450378417969,1480500.0
2022-11-07,274.697721936226,276.09600767820695,269.77494709978106,274.38165283203125,871800.0
2022-11-08,278.0689314759973,298.3633497827273,276.3258457891909,293.07666015625,2023100.0
2022-11-09,291.64007703595865,297.37690392957154,285.0125338208517,287.4451904296875,1428100.0
2022-11-10,297.9706575456065,307.2511166751999,291.419750376676,307.2127990722656,1473300.0
2022-11-11,309.3485754899713,320.41040914533187,305.7379230720387,311.62799072265625,1421500.0
2022-11-14,309.1091775380211,310.0381822771146,296.57242152878456,302.97967529296875,1628600.0
2022-11-15,287.96238716422374,288.5944669649225,268.7406258931266,283.35565185546875,3161100.0
2022-11-16,282.8767241557655,284.1984037329916,273.261081428839,274.6497802734375,1486600.0
2022-11-17,271.6522030035842,271.99697387070665,263.3964956537808,265.72381591796875,1683400.0
2022-11-18,269.1237072476546,269.1237072476546,262.7643287481306,265.27362060546875,1266200.0
2022-11-21,263.53044620207834,274.4198917852646,258.1767094322487,270.9241638183594,1363100.0
2022-11-22,271.6712519359878,273.69205978561473,265.7141360336534,271.1253356933594,1239300.0
2022-11-23,270.16765432278027,276.8239289864136,267.99360485231404,271.9011535644531,994300.0
2022-11-25,265.1012285874391,265.94404067517314,255.4376789357743,261.2894592285156,1341900.0
2022-11-28,255.87824853733622,257.04668720888407,252.36334581322797,254.86302185058594,1662900.0
2022-11-29,257.72662676561305,262.8217865981692,255.13117176583776,258.60772705078125,1219000.0
2022-11-30,258.7801369406355,266.55694431832364,257.0083204669857,266.2408752441406,1604800.0
2022-12-01,268.4054205365147,268.66399864447135,257.4010470813216,263.6550598144531,1086100.0
2022-12-02,262.1226297881325,273.3377042432499,261.16489429377793,272.2650451660156,1178200.0
2022-12-05,269.46850059207765,270.426236285216,253.91488228839833,254.02024841308594,1872000.0
2022-12-06,256.07937979769093,256.07937979769093,244.59612332978097,247.0862274169922,1775700.0
2022-12-07,249.71040376946283,254.1638682901909,245.72622032154266,246.7222442626953,1240400.0
2022-12-08,252.51652560119794,252.51652560119794,243.60001113484552,245.20899963378906,1412600.0
2022-12-09,246.10934785313663,246.827649639388,241.7037577185732,242.54656982421875,1186400.0
2022-12-12,241.70373743765194,250.064780050057,239.99896917710362,248.39830017089844,1243500.0
2022-12-13,257.4872490151043,257.63090352467475,248.5802894606723,250.84056091308594,940800.0
2022-12-14,249.46140050644382,251.9610764693214,236.2350738054343,237.3843536376953,1988600.0
2022-12-15,230.92370592862883,236.54499567940005,228.08429161194624,230.7030792236328,1955800.0
2022-12-16,228.99558049007157,234.6264573854327,227.2593144063906,232.96693420410156,2508600.0
2022-12-19,232.86139691096815,233.22592201022545,221.86822215504566,223.834716796875,1271400.0
2022-12-20,220.74590210769748,226.66456124513175,219.73868627474508,223.98822021484375,1033700.0
2022-12-21,224.74603896736278,228.0171339261104,217.80097441502843,223.15367126464844,1381400.0
2022-12-22,219.80581474588786,220.03604344061134,213.0909648405041,216.7745361328125,1228600.0
2022-12-23,215.33565923633714,217.90649533012325,212.22765208061156,217.7146453857422,678700.0
2022-12-27,216.11266840193335,216.95682575067897,204.82213704852578,205.43606567382812,1871700.0
2022-12-28,204.74538827405442,208.17955645498074,201.84840579522378,205.32093811035156,1754800.0
2022-12-29,208.9949212021746,212.81280388961866,208.03565684321703,208.61122131347656,1285600.0
2022-12-30,206.37614134024722,209.58008090638998,204.89888061242522,208.0260772705078,951800.0
2023-01-03,210.2227804896298,210.53933948768184,200.0737763522388,205.76220703125,2293400.0
2023-01-04,210.17481026229046,215.70016726302973,206.88452616021758,214.4627227783203,1734700.0
2023-01-05,213.22524020664875,215.66177941436965,208.20829265667365,209.70474243164062,1549000.0
2023-01-06,211.03815048385246,213.9159434449959,206.520009094484,212.61134338378906,1618100.0
2023-01-09,215.52747574260655,221.0528469617046,214.87518310546875,214.87518310546875,1467700.0
2023-01-10,216.17024198788965,218.12713495604174,211.68087690992027,214.779296875,896500.0
2023-01-11,219.00960850925406,228.35284714420868,218.18464070668347,226.9235382080078,1931400.0
2023-01-12,228.36245348670454,234.79912328341754,226.06022505616198,233.30267333984375,1462200.0
2023-01-13,226.3863670594594,232.44892425403168,223.8347205957738,232.36257934570312,1262900.0
2023-01-17,233.6000467454371,235.43223043659566,231.91173220737383,233.1683807373047,1354300.0
2023-01-18,235.60493385394804,241.61952584208416,233.62885149848339,233.86866760253906,1181600.0
2023-01-19,232.32422577514248,234.0604918357406,226.2233041729519,229.36968994140625,1452500.0
2023-01-20,231.53762747986747,238.7225226067717,229.9452598106289,238.3675994873047,1266600.0
2023-01-23,239.33644102932658,250.46391267956264,238.77047860956273,250.0226593017578,1977000.0
2023-01-24,246.53090716682593,256.123549469037,242.35810191047986,253.75416564941406,1740700.0
2023-01-25,253.4664030859621,260.2483790787387,250.10897821401306,259.9414367675781,1272900.0
2023-01-26,266.3589777031393,273.8124520805045,264.5267790563772,268.06646728515625,1849400.0
2023-01-27,269.7834696209106,273.70685690965786,266.83855060757605,270.2439270019531,1234100.0
2023-01-30,265.58197384783716,269.3614785820631,260.660971211874,260.9007873535156,1129000.0
2023-01-31,261.2556436586862,270.93461714388405,260.04696124650565,269.9849548339844,1554400.0
2023-02-01,268.7282896526774,277.48634729332264,268.0855697516831,274.2536315917969,1329400.0
2023-02-02,276.9395898277755,279.2322160726973,273.869932638348,278.33050537109375,1209300.0
2023-02-03,276.6710067754239,280.0859851500122,273.50541719824605,275.52947998046875,1166900.0
2023-02-06,274.6948974538048,278.3592939263454,265.3228962402255,265.533935546875,1415700.0
2023-02-07,266.099962058722,268.86264845709053,262.1286223168888,267.9609375,1068000.0
2023-02-08,266.66590388395986,269.87944551133137,256.88142446970244,257.22674560546875,1523600.0
2023-02-09,259.960641468295,265.25577019483404,255.26025196083813,256.4977111816406,1202900.0
2023-02-10,254.185860511157,257.88860659564557,248.74681914017282,257.36102294921875,1391300.0
2023-02-13,257.4665309013137,260.53618835482297,256.9773260175128,258.9342041015625,843500.0
2023-02-14,256.35380621312584,262.6849570419454,255.56723166189775,259.6728820800781,1168500.0
2023-02-15,257.265022431377,261.9654103213696,257.1882649153393,261.6776428222656,1542100.0
2023-02-16,265.2365907819432,281.07405444925234,252.3152989135602,273.9850769042969,3076300.0
2023-02-17,267.5100252162446,267.6731130246738,242.2334202076688,247.49978637695312,5758300.0
2023-02-21,246.02249519588972,246.44457379382249,231.54720165717308,232.10357666015625,3003300.0
2023-02-22,233.1012313090667,237.5234404391428,232.3050401617102,236.4106903076172,1993500.0
2023-02-23,239.81607344030655,244.27664655141166,235.63368053401916,243.50924682617188,2271300.0
2023-02-24,238.70334446664617,240.77535903742924,234.59769409706465,239.35565185546875,1301700.0
2023-02-27,242.9432361114544,249.60054636702543,241.8880543168278,246.55006408691406,1907600.0
2023-02-28,246.97217716226,250.35837895219979,243.90253434609508,243.95050048828125,1630900.0
2023-03-01,245.08243504130843,245.88819888266679,239.63380634457576,242.34852600097656,1311500.0
2023-03-02,236.3339587843406,241.81136479204667,232.62161034643142,240.1806182861328,1801000.0
2023-03-03,241.15908888244672,248.95791393315935,239.53794417648945,248.80442810058594,1186100.0
2023-03-06,249.6293696797864,252.52633744712972,244.75629044002545,246.42543029785156,971800.0
2023-03-07,244.0944013444647,246.57887774278404,236.96705995123378,238.76087951660156,1331500.0
2023-03-08,238.78968647522493,243.98891254351912,238.11820430464505,242.9337158203125,921800.0
2023-03-09,242.6075340762691,244.91936451837483,226.61660018570254,227.10581970214844,1708800.0
2023-03-10,225.42711696800623,225.45589372685495,214.78887908870226,215.9591827392578,2619300.0
2023-03-13,211.15324318679728,220.6883322261652,207.02841859889188,213.90634155273438,1838300.0
2023-03-14,219.33576728790004,220.25666741826666,213.11015160565313,216.17979431152344,2037900.0
2023-03-15,209.12921998478257,210.34748983281364,201.54144994416095,205.66627502441406,3029300.0
2023-03-16,204.39766939604186,207.06942231047458,199.1983602970238,206.2525177001953,1928100.0
2023-03-17,204.88781616349425,204.88781616349425,198.59288766886314,200.370849609375,2300300.0
2023-03-20,200.62069813255178,207.0117228898687,196.68997755450533,204.89739990234375,1795300.0
2023-03-21,210.06791403043547,215.19035138540207,208.32840260052959,214.24850463867188,1905100.0
2023-03-22,214.6906192495604,217.04520702616085,207.6556864695669,207.69412231445312,1515900.0
2023-03-23,210.06789654005232,215.81501481839135,204.77247634469106,207.2423858642578,1422800.0
2023-03-24,204.13819156573936,209.45283744259822,200.54383186206482,209.3086700439453,1588200.0
2023-03-27,212.3456127237965,213.31629000599128,208.16502216473557,210.35623168945312,2045000.0
2023-03-28,213.64303743850792,215.9591890153979,208.0400717058957,209.6642608642578,1817500.0
2023-03-29,214.3157829619167,215.95919743614354,210.048686102801,215.71893310546875,1373900.0
2023-03-30,219.7553654623049,220.38966679900753,213.76796793231188,213.777587890625,1294000.0
2023-03-31,214.53683162453217,215.82465963955696,210.6829968675832,212.43211364746094,1835400.0
2023-04-03,212.60512552779508,214.5945067794169,208.8473874624763,209.92376708984375,1507600.0
2023-04-04,208.49178627687655,208.49178627687655,199.1310822999102,201.40879821777344,2212500.0
2023-04-05,193.13408465705734,193.2878426825286,185.73393159291768,189.04959106445312,4657500.0
2023-04-06,187.57916147453898,188.35763022528172,185.50328879960455,187.0986328125,2014400.0
2023-04-10,186.89683493637003,192.1153696124687,186.05109972634372,192.0384979248047,2008200.0
2023-04-11,193.4704419400274,194.46994974017466,189.3763431377076,193.85487365722656,1736700.0
2023-04-12,197.83365734025338,198.70820836589456,193.59539099344414,193.8452606201172,1320100.0
2023-04-13,195.27726126839408,197.34352887410614,192.17304988001965,195.10426330566406,1280100.0
2023-04-14,196.6227301860607,204.1958671999506,195.6040116871511,196.0557098388672,2266800.0
2023-04-17,197.03599332251062,200.2555268312253,196.56506991471107,197.8817138671875,3497800.0
2023-04-18,201.48565072779806,203.95557494993326,195.99802192994252,197.27622985839844,2059800.0
2023-04-19,194.55640997299992,197.01671390766225,193.6626192062824,195.84422302246094,1092600.0
2023-04-20,190.63533180663384,192.54784116496745,185.53211975097656,185.53211975097656,2432500.0
2023-04-21,181.15931515041873,181.21697624657543,165.12888517769443,166.9837188720703,8800100.0
2023-04-24,171.6063937038355,177.60339669451162,170.7895037758608,176.79611206054688,5918200.0
2023-04-25,172.932662452623,173.59579437255306,169.47285011584495,169.7803955078125,2720700.0
2023-04-26,170.61649161516175,175.86387062783982,170.61649161516175,174.14356994628906,3286500.0
2023-04-27,174.76828593204186,181.5725591029341,173.47085263652184,178.7566680908203,2417800.0
2023-04-28,178.08394396715036,178.75668123242238,175.59480875335757,178.2377166748047,2521100.0
2023-05-01,180.22709732086483,180.47696697154169,170.18405018572292,170.3666534423828,1906200.0
2023-05-02,168.521397003692,169.34790683680208,165.55171891470084,166.64732360839844,2315100.0
2023-05-03,173.4228036702556,175.2776520647115,165.96500357825963,166.1764373779297,3640800.0
2023-05-04,166.26291168110077,177.7283181470522,165.89770521711557,168.80970764160156,4558400.0
2023-05-05,172.44252150542812,177.7956182395263,172.44252150542812,172.70201110839844,2363500.0
2023-05-08,176.83453457575183,179.6119894507121,175.93113841147928,178.64132690429688,2718600.0
2023-05-09,180.19825656391018,189.70311335021836,180.19825656391018,187.56956481933594,3323700.0
2023-05-10,191.08703168434417,192.0192584724918,184.7536673659743,186.9352569580078,2329100.0
2023-05-11,191.6732792742081,193.82603834214382,189.61661714205022,190.7891082763672,2400600.0
2023-05-12,190.84673244230686,192.94183001046466,186.80067534948193,188.16537475585938,1429400.0
2023-05-15,192.84576607701237,200.06330129815026,192.84576607701237,195.8154296875,2564300.0
2023-05-16,194.3931007388715,199.68852217859816,193.7491939865129,197.6606903076172,2260200.0
2023-05-17,197.12247001453343,201.4664532626071,195.40218384212864,199.89031982421875,1581100.0
2023-05-18,203.81145243494518,204.397683378371,200.1786419255885,201.95660400390625,2021800.0
2023-05-19,200.38044953298314,201.2742257940643,195.52710717492957,196.19984436035156,1577900.0
2023-05-22,201.34153104694357,202.3698695332903,197.22820643070165,198.45835876464844,1882300.0
2023-05-23,198.38145787222135,211.5287301415605,197.98742083635412,207.65567016601562,4014300.0
2023-05-24,205.94497047175236,206.44472439350528,201.3319069818125,203.96519470214844,1787200.0
2023-05-25,203.2636180057432,203.60959921871878,194.9024224674991,196.9879150390625,2912500.0
2023-05-26,200.188267272073,200.5054179863677,193.19177029646747,196.04611206054688,1743500.0
2023-05-30,196.77649387180395,198.0066461157611,191.34652566986358,193.99903869628906,1690100.0
2023-05-31,192.14416873014704,193.1436764811443,184.93623936352597,185.993408203125,2551600.0
2023-06-01,185.791606639116,189.9337613084919,184.18662802287116,187.92514038085938,1614900.0
2023-06-02,195.30607643701805,201.98542210701575,194.57567812803165,200.24591064453125,2113100.0
2023-06-05,201.20698032400324,201.37996361913505,196.73806922489615,198.14120483398438,1242500.0
2023-06-06,196.05569547492524,206.9637020448733,195.6039973563026,204.81092834472656,1607600.0
2023-06-07,205.57977378902848,210.60609944083583,204.96469769395782,210.29856872558594,1918500.0
2023-06-08,210.27935391814216,211.96120430307886,207.9151463531911,211.06741333007812,1609700.0
2023-06-09,211.4806588677734,214.15239695158985,209.8564697069458,211.9131317138672,1492600.0
2023-06-12,211.59600127818513,211.9804330283529,208.645562751578,210.03909301757812,1478700.0
2023-06-13,212.24952920620797,220.63955606576744,210.99053171442944,219.93798828125,2178500.0
2023-06-14,222.29259303495272,224.63757557950737,216.24753341015966,217.96783447265625,1942700.0
2023-06-15,216.86061630678233,223.70580660335253,216.2925942448347,222.309814453125,1367900.0
2023-06-16,222.7430822290629,223.2629636632733,218.73801637784433,219.67189025878906,2348800.0
2023-06-20,220.0569788086747,224.89963663478795,216.70657989659827,223.57102966308594,2286600.0
2023-06-21,221.43372408231346,224.350871533029,220.64425766676334,221.79957580566406,1553500.0
2023-06-22,220.24952354452438,220.24952354452438,214.12639954219887,217.5826873779297,1594700.0
2023-06-23,213.43324698467498,213.6931950560198,210.07322534997255,211.97947692871094,3467300.0
2023-06-26,213.58727583074102,219.5370967185446,213.12514269520796,216.83175659179688,1688700.0
2023-06-27,216.42739534976008,219.4985871210252,213.15401850077603,218.61285400390625,1174900.0
2023-06-28,217.08206884308464,217.24573548719252,208.6290781762202,208.91790771484375,1901300.0
2023-06-29,209.04306917146408,211.4403205374448,207.58929922356813,210.82415771484375,1604900.0
2023-06-30,211.12262397527385,215.49354169254246,208.53282430432867,214.78109741210938,1348400.0
2023-07-03,215.90750628081204,223.51328224661268,215.90750628081204,220.72128295898438,1496100.0
2023-07-05,219.70075273239763,223.5421516017121,217.99667176745604,220.49021911621094,1485200.0
2023-07-06,217.08205335095371,219.46969698873156,211.6809957189197,219.09422302246094,1690400.0
2023-07-07,218.54544047642986,231.3115697284629,218.54544047642986,228.6736297607422,2141200.0
2023-07-10,228.6543800949969,232.20694944568643,227.99007659813887,230.92648315429688,1281700.0
2023-07-11,235.38403733222154,238.22416239334348,229.14537270933693,230.18515014648438,1525100.0
2023-07-12,231.06125804527542,237.5213521819354,231.06125804527542,234.37313842773438,1181900.0
2023-07-13,236.8377839871424,236.8377839871424,231.17677859576477,232.66905212402344,994800.0
2023-07-14,232.4958011650618,232.73649000919252,225.76613579459428,226.50746154785156,1080400.0
2023-07-17,225.40026394772485,230.53175140978567,225.28473801379957,228.8084259033203,880100.0
2023-07-18,229.1453851247644,230.2236810571628,226.32451912921752,228.20188903808594,1071000.0
2023-07-19,228.17300285049032,228.7025211960452,222.91635252354132,223.85986328125,1242500.0
2023-07-20,221.4337537325422,222.9067683973505,213.31773233195054,214.8003692626953,2255800.0
2023-07-21,212.5282205464722,212.8844352865254,203.69013443995607,207.9455108642578,2833300.0
2023-07-24,205.95261388381428,206.4051100541627,200.59007445315584,202.94882202148438,2291700.0
2023-07-25,204.72028618083257,209.659225565393,203.53610127646007,204.59512329101562,2097700.0
2023-07-26,203.59385288526963,205.17277089983727,200.38787615577664,202.19786071777344,1626900.0
2023-07-27,203.0739823318006,203.09324155245844,197.47075373982432,198.2794647216797,2250200.0
2023-07-28,202.49630445160932,204.0656001399759,197.96172096281884,200.3012237548828,1828100.0
2023-07-31,200.3204962800678,207.78184963000746,199.1074152367513,204.37368774414062,3307800.0
2023-08-01,202.17860199739812,203.17986099109817,198.26018108820898,200.24346923828125,1944300.0
2023-08-02,197.83658942486204,198.05801902777344,193.51381289305633,195.3334197998047,2041500.0
2023-08-03,206.54951858869316,206.98277023234996,191.4150185688116,191.92527770996094,3202400.0
2023-08-04,193.41754003858705,198.19281294210631,191.8386218840448,192.63771057128906,2148800.0
2023-08-07,192.69548152404184,192.97468880814853,187.46772691380266,189.422119140625,1723500.0
2023-08-08,186.68786769214984,188.41119306711963,184.39650557427063,188.36305236816406,1505900.0
2023-08-09,189.1814243846164,190.18268347479983,186.88043970872806,186.98634338378906,1077800.0
2023-08-10,188.26680639013142,188.52675444073031,184.04031110889647,184.53131103515625,1954200.0
2023-08-11,183.2412099310989,183.41449882602663,179.80416661023875,180.50698852539062,1783100.0
2023-08-14,177.89791943020512,179.05322282789515,175.29848311278263,178.62960815429688,2802500.0
2023-08-15,176.06868565055686,178.07121834284993,172.60276085803434,177.1854705810547,2676500.0
2023-08-16,175.41399564134824,179.83303851233836,173.15152972093895,174.76895141601562,1851200.0
2023-08-17,174.52827762192663,177.8112766832681,173.3344557749443,175.87612915039062,2091300.0
2023-08-18,174.05655283275414,176.82929325346132,173.60407128262165,176.55972290039062,1775100.0
2023-08-21,179.05322939651302,181.5178806527961,178.78365908351208,181.06539916992188,1787100.0
2023-08-22,182.69245360976757,183.37601638585699,178.95697276600234,181.1520538330078,1869900.0
2023-08-23,181.49864509609682,185.18599989822877,179.80418625577573,184.63722229003906,1189200.0
2023-08-24,184.88754134229922,185.7443930643417,182.2977416452363,183.63597106933594,1281300.0
2023-08-25,182.92352889282265,183.76112140311454,178.74517391646012,182.6732177734375,1761100.0
2023-08-28,182.41325291299358,185.79251882091356,181.97037899892953,182.57691955566406,1176300.0
2023-08-29,183.53002955561078,191.38610086901943,182.40360772784788,190.3848419189453,1713000.0
2023-08-30,189.86499581592906,191.80012884994468,188.4208627393702,191.19358825683594,1081400.0
2023-08-31,192.15631189880781,192.5221635853882,190.52925321751582,191.30909729003906,1001100.0
2023-09-01,193.18647199828703,194.5150642538132,191.203198533686,192.80136108398438,1158100.0
2023-09-05,192.78211795147516,196.0362207306298,189.98049662787233,193.32125854492188,2580900.0
2023-09-06,192.98431470354106,194.24552191210893,180.89210937340465,182.75985717773438,2544100.0
2023-09-07,179.7367703581573,181.34456977679233,177.1758380044365,180.58399963378906,1766700.0
2023-09-08,180.08338782213988,180.52624704827304,175.5199222590394,177.5609588623047,1531400.0
2023-09-11,179.36132549637063,182.1436878834879,178.735525701605,179.38058471679688,1297900.0
2023-09-12,179.0724881435033,181.38309501754995,176.77150353400975,177.48394775390625,1480700.0
2023-09-13,178.40819058912984,179.86196056164246,176.16496887295455,177.70538330078125,1437600.0
2023-09-14,179.60613241406233,180.06926923704066,177.34839561099093,178.46762084960938,1552600.0
2023-09-15,177.85011456668906,181.84457753224495,176.49932095639005,177.37733459472656,1980400.0
2023-09-18,176.93350560104923,177.04928243698376,173.16095332474163,175.23536682128906,1419800.0
2023-09-19,174.92662012470808,175.84322107610106,172.1382151777465,173.6626739501953,1397000.0
2023-09-20,173.75914479633096,175.1002803958874,168.0858592765475,168.30776977539062,1729600.0
2023-09-21,166.4359483119592,166.64821562672742,161.77573999253843,163.0010986328125,2246100.0
2023-09-22,166.09828067002243,167.41047219542793,161.78541663473155,162.2967987060547,1288100.0
2023-09-25,160.54077022453086,161.99768279170127,158.4566987486317,161.023193359375,1788700.0
2023-09-26,158.7268631524842,160.31886841741996,156.30510418401326,157.8970947265625,2295000.0
2023-09-27,159.30577865106778,159.7592576054272,156.3726522762197,156.9129638671875,2245600.0
2023-09-28,158.21545985911203,167.18853156213746,157.77163889623452,166.33946228027344,2547500.0
2023-09-29,168.84808252453104,170.61375281133084,163.72475163322534,164.06243896484375,1969600.0
2023-10-02,163.24235591170364,163.62828856180232,155.6972504064635,156.70069885253906,1949900.0
2023-10-03,154.37537515528157,155.62967802289484,149.6958657069339,151.25892639160156,2514900.0
2023-10-04,152.02116723449836,153.2947713046634,146.78205935535496,152.83163452148438,2304300.0
2023-10-05,151.6834655891559,152.12728656153612,146.65661080668337,149.58009338378906,1948500.0
2023-10-06,149.22311220623365,155.50425547374502,148.25826603610005,154.22100830078125,1834200.0
2023-10-09,151.66417641471924,152.9281225801471,147.81443477967787,150.27479553222656,2607400.0
2023-10-10,153.1789818978288,158.23478143394772,152.45534722663697,156.3822784423828,2484900.0
2023-10-11,156.38227005415465,160.49250946599548,156.38227005415465,159.00665283203125,1777300.0
2023-10-12,168.65511531321712,171.27949810223768,160.1065775642128,164.7957305908203,3322900.0
2023-10-13,165.79917226416032,169.04105617870582,157.07696884204645,157.63658142089844,2288900.0
2023-10-16,160.13553977175707,163.8694901992249,159.7592503079222,161.8336639404297,1884300.0
2023-10-17,160.3767469861479,166.04038983782326,159.6916996616857,163.5221405029297,1594500.0
2023-10-18,157.89707490578064,158.29266538156568,146.71451096948616,147.5153350830078,5773400.0
2023-10-19,145.27688387883066,146.27067418085971,137.65459087979355,139.4781494140625,4207900.0
2023-10-20,137.9151093167496,139.53604376179192,133.67943535996474,133.8048553466797,3656400.0
2023-10-23,131.75939831930742,133.96890442226058,129.61743851894593,131.48924255371094,3210900.0
2023-10-24,132.18392363241574,136.8151881348166,132.12603521852313,134.34518432617188,2326400.0
2023-10-25,131.21909193295875,133.25491813934346,128.53682049623765,130.56300354003906,2988400.0
2023-10-26,131.59537487198017,134.06537883049668,129.9454813640106,130.4568634033203,2272300.0
2023-10-27,131.9812924815937,133.48646477512074,129.10605520537325,129.7139129638672,1508000.0
2023-10-30,131.21909445598544,132.647062832209,122.3135600271433,122.93106842041016,3854400.0
2023-10-31,122.21707798895159,122.87317376168015,118.84011596838845,122.32321166992188,6601200.0
2023-11-01,121.35835534165905,121.57062268604452,115.40525598157622,118.63748931884766,4793400.0
2023-11-02,114.81669746402531,122.53546704143878,112.25985356926864,120.2391357421875,7173500.0
2023-11-03,123.31698862035562,129.50165620314309,122.06269299584788,123.48101806640625,4236900.0
2023-11-06,120.69260214437655,121.31975361813815,114.33426950845968,115.2605209350586,4014100.0
2023-11-07,114.816702782008,118.79187194852368,114.43076281302322,117.81737518310547,2695000.0
2023-11-08,117.33494597759928,119.06202154432184,113.71677275822883,114.82634735107422,2398500.0
2023-11-09,115.76225823765961,116.36045821143715,109.64512908318507,110.57138061523438,2744600.0
2023-11-10,110.71610362110569,113.6202928011897,109.2012953518485,112.86771392822266,2647000.0
2023-11-13,110.58103017028695,112.77122793607165,108.06278084910436,110.17579650878906,4332900.0
2023-11-14,114.57548129809047,121.87936642197158,114.57548129809047,120.91452026367188,4044100.0
2023-11-15,122.69948759851623,129.7332245327765,122.68984443672315,123.23015594482422,3351300.0
2023-11-16,120.41281198863271,122.57406547444519,116.24467658539811,118.29014587402344,3561700.0
2023-11-17,120.60578405010354,122.95036078648526,118.71468623954107,122.9117660522461,2016300.0
2023-11-20,123.08543706076732,126.88692631853749,121.81184029235634,125.77735900878906,2915700.0
2023-11-21,124.17571485707882,126.12470848951895,121.00137703370785,121.69606018066406,2553500.0
2023-11-22,121.69606415258684,122.1784873144144,116.74640516226582,122.139892578125,2590700.0
2023-11-24,120.83734013406682,125.70016603069492,120.79874540141192,124.33972930908203,1429500.0
2023-11-27,120.99171058549278,121.36800000101664,114.16059796935023,116.53411865234375,4314700.0
2023-11-28,117.22881708614892,121.52237987034155,115.94556983201763,119.5541000366211,2438800.0
2023-11-29,122.01445274953312,123.93449467645412,117.35424371535686,119.042724609375,2546400.0
2023-11-30,119.84354719351404,119.84354719351404,114.62373301074078,117.00689697265625,4047900.0
2023-12-01,115.51139391477193,121.78289452277708,115.00966974386361,121.72500610351562,2803800.0
2023-12-04,119.54444822637252,121.53202908558927,115.01931709535195,115.76225280761719,3416700.0
2023-12-05,112.13443217121194,112.8387658103035,108.17856402485621,109.27848815917969,4357500.0
2023-12-06,113.36943171911344,117.87526183436987,112.60720231612693,114.14131164550781,5036100.0
2023-12-07,116.96831204772577,121.64781480482559,116.6981489191251,120.94347381591797,3971300.0
2023-12-08,124.46516602233977,128.56576257733934,123.23981452600586,123.49066925048828,4844900.0
2023-12-11,119.64092647401691,122.57405974833587,116.50517638498017,122.09163665771484,2798200.0
2023-12-12,122.0916273075483,124.10815949973168,119.11024900801382,123.44241333007812,3062200.0
2023-12-13,124.81251553283468,135.8600025087974,124.79321448494142,135.13636779785156,4955100.0
2023-12-14,138.85199466125414,143.95130201389898,138.70685910924112,141.16458129882812,5668500.0
2023-12-15,142.39342824002833,146.3315915227428,140.79686358658972,142.29666137695312,5938800.0
2023-12-18,142.37410058195292,142.64503013565553,139.25839594981977,141.18394470214844,2652800.0
2023-12-19,143.6126187668534,146.3896536658716,142.75144679120882,144.10609436035156,2276800.0
2023-12-20,143.8061139523893,145.20915948816847,137.17799797638727,137.9133758544922,2627600.0
2023-12-21,141.38714263496362,142.55795701738677,138.83265329241277,140.7388458251953,1799800.0
2023-12-22,141.2129418483013,148.56676566117181,140.7388078476574,145.228515625,2601800.0
2023-12-26,147.16373943778024,148.13134903066126,144.27059620437845,147.4540252685547,1958100.0
2023-12-27,148.22811921509373,148.24747554145898,142.4611594159791,144.4834747314453,2027600.0
2023-12-28,144.46412556892227,146.8734641793136,144.17383971725238,144.58990478515625,1378400.0
2023-12-29,144.20285859987527,144.20285859987527,137.5456997767586,139.80023193359375,2834600.0
2024-01-02,138.36817092835537,144.7640708884229,136.68452493189102,142.13217163085938,1962300.0
2024-01-03,137.97146938581614,138.27142604311098,132.27224860355565,135.6395263671875,2731000.0
2024-01-04,136.51037458328352,136.51037458328352,130.656333102518,131.5271759033203,3208000.0
2024-01-05,131.03368121099172,133.74299085679536,129.61129401605854,131.43040466308594,2284900.0
2024-01-08,129.8532122352265,132.552851430163,128.45018119392816,132.1561279296875,1879300.0
2024-01-09,129.65001997700918,130.74340882186542,126.85362872959946,129.3403778076172,1832400.0
2024-01-10,127.52124295896986,129.7467476475754,125.90533694871044,128.63400268554688,2145700.0
2024-01-11,128.44049786992122,128.86623367264156,123.78629088230785,124.48296356201172,2976800.0
2024-01-12,124.61843447060656,125.90535701637333,121.5801482852498,121.96719360351562,1637700.0
2024-01-16,121.4350086119178,122.93480649190751,119.82877308200491,121.87042999267578,2256600.0
2024-01-17,119.03532787953972,120.57383095822782,116.34537441483221,116.79047393798828,2818600.0
2024-01-18,117.16785488626435,117.43879180304509,111.39123118543851,114.16826629638672,3418700.0
2024-01-19,114.25534700599866,114.26501778707069,108.65288635635252,111.40089416503906,4170300.0
2024-01-22,110.09461944427063,118.8127840340285,109.33988513512148,116.83885955810547,4026800.0
2024-01-23,119.90618529337087,123.11864901564107,116.90659687391039,118.6192626953125,2877400.0
2024-01-24,121.28986033802796,121.99621858522848,116.13249946399873,117.7484130859375,2026500.0
2024-01-25,118.04837467806145,119.37400252673758,112.20401163599583,114.61335754394531,2810400.0
2024-01-26,116.1808740541032,118.17414729067386,115.14553216938376,115.95832061767578,1525000.0
2024-01-29,114.80689114500383,119.28692135013523,113.5780227051639,119.20951080322266,1996400.0
2024-01-30,117.34200546722991,119.00629505435201,114.95201610862192,116.41310119628906,1948700.0
2024-01-31,115.38745063650654,116.20991736165332,110.77195585924763,111.02352905273438,3653300.0
2024-02-01,113.21032708269145,114.27469620274026,109.62049622944672,112.99745178222656,3398400.0
2024-02-02,110.63648928828228,111.83633062863392,108.85609098805901,110.54940795898438,2853800.0
2024-02-05,108.15939565252158,109.04959467776062,104.879199828126,105.20819091796875,3891700.0
2024-02-06,106.24354084812482,110.33652546903004,106.05001449181005,109.35923767089844,3042900.0
2024-02-07,110.43328746281573,112.23304201488038,107.8884767232849,111.32349395751953,2427500.0
2024-02-08,110.37522760158663,111.60408855456923,108.6432055187695,110.6268081665039,2473800.0
2024-02-09,109.82368985015073,112.42656204240754,109.46567163971612,112.02983856201172,2491700.0
2024-02-12,112.00080398027094,118.67731126634898,111.91372266537651,116.20022583007812,2865800.0
2024-02-13,110.30749615912333,111.10093574848565,107.56915917570774,108.5657958984375,3997300.0
2024-02-14,110.04624932528925,110.79130551153226,108.0626465793777,110.68486785888672,3134200.0
2024-02-15,108.37227705285903,120.15776247764848,108.37227705285903,113.69412994384766,6739200.0
2024-02-16,115.01976102132538,121.77367220128032,114.92299415112042,118.6192626953125,4406200.0
2024-02-20,118.14512566804972,118.14512566804972,109.72692545832919,111.1009292602539,3840200.0
2024-02-21,111.46862308552087,116.66468930066063,110.36554873093093,114.71012115478516,3681100.0
2024-02-22,114.12955072815646,116.50019870579315,112.97810031037196,114.35210418701172,2018300.0
2024-02-23,114.64239993915005,118.09676625583306,112.16531409941138,116.74211120605469,2762300.0
2024-02-26,116.11315236206426,120.22549317488736,114.90364035829275,117.58391571044922,2081000.0
2024-02-27,123.3121739566065,126.0988944235065,122.40261853951824,124.42491912841797,3540300.0
2024-02-28,126.4278689976207,129.41777900267647,125.76988681746154,127.78251647949219,2733100.0
2024-02-29,132.11741347880698,136.0846189005083,131.36267914231573,133.38499450683594,4563000.0
2024-03-01,133.89783427949865,138.5520345487557,133.4140294321405,138.17466735839844,3286300.0
2024-03-04,135.61047304489765,135.6782128006405,128.80817906356756,128.88558959960938,4216900.0
2024-03-05,118.10642471345821,118.4741210839345,103.23426997428652,105.85649108886719,19347700.0
2024-03-06,106.7079945189679,115.94866993230868,106.7079945189679,115.71643829345703,15606700.0
2024-03-07,115.19394004132067,119.29660318431993,114.45855458757863,118.68701171875,4235500.0
2024-03-08,119.31593746455496,120.22549285127097,114.17793284869195,114.49724578857422,3479000.0
2024-03-11,115.50356750826786,121.76399579307136,115.50356750826786,120.70930480957031,4130100.0
2024-03-12,122.95415671756186,124.33783879870619,117.40975022954275,119.91586303710938,3443100.0
2024-03-13,118.89988170237655,122.78967697518169,118.26126311539859,121.71562957763672,2176900.0
2024-03-14,118.91030335450269,119.63832561993841,115.6390539757143,116.37678527832031,3010000.0
2024-03-15,115.5128660925694,119.39565150744568,113.34820996521267,118.56085205078125,3203700.0
2024-03-18,120.10425382152015,122.05534800950359,116.9689015827717,120.9293441772461,1886200.0
2024-03-19,117.93961148191588,119.7451073612656,116.7262409934188,117.00774383544922,2326600.0
2024-03-20,116.74564308021637,123.01634782091047,115.99821017281238,120.80315399169922,2529000.0
2024-03-21,122.1621440064873,123.83174304790545,120.48284333298197,121.20115661621094,2350900.0
2024-03-22,118.41524356496994,121.4632294575044,117.25041092793683,117.318359375,2454800.0
2024-03-25,117.0465605903609,118.64821095228048,114.78483645407914,114.88190460205078,2129300.0
2024-03-26,115.7555327854008,117.0077318903947,113.8432599058169,115.52256774902344,2506100.0
2024-03-27,116.14382250694668,125.2392501877666,116.13411346958581,125.02569580078125,4722600.0
2024-03-28,125.20042308607255,128.53962122026218,123.54053305704022,127.87955474853516,3988800.0
2024-04-01,128.1319095103438,128.90846950000918,123.16194186930016,125.39453887939453,2088100.0
2024-04-02,123.32697828207205,124.04529153104305,121.23997957983296,122.773681640625,2335400.0
2024-04-03,123.55993339812638,126.18081786185438,121.72531797642931,125.0936279296875,1946300.0
2024-04-04,126.58851757024946,127.17092650711636,117.37660365737372,117.57074737548828,3032900.0
2024-04-05,116.71653160898771,120.11396896668204,116.13411525740526,119.83246612548828,1901100.0
2024-04-08,121.52147517552534,129.18997021072397,120.86140137895005,127.83100128173828,3560800.0
2024-04-09,129.0249500751933,129.80151007545646,123.6472916988073,125.37513732910156,3003100.0
2024-04-10,125.55957385469034,127.87953744740231,121.73502801637389,123.90938568115234,3605200.0
2024-04-11,125.50131781897437,126.99619841203344,121.4341053673628,126.4914321899414,3169600.0
2024-04-12,126.07404715985834,127.02532543923397,118.53173234425292,118.98796081542969,2805200.0
2024-04-15,120.03632206865876,121.08466856698969,116.38650147964563,116.96891784667969,1943500.0
2024-04-16,113.45499245379139,115.56140926813752,110.55261229429063,110.76616668701172,3493100.0
2024-04-17,111.96982385645512,114.45481157871302,110.97971682594707,111.03795623779297,2080400.0
2024-04-18,111.26121276173743,111.5621262453863,107.27165036947136,108.52384948730469,2208200.0
2024-04-19,108.40736559864513,111.3874030126414,108.00937655160342,108.86359405517578,1976100.0
2024-04-22,108.4947301994467,110.4458319800708,105.12642001075538,108.99949645996094,2281900.0
2024-04-23,107.98996014157366,112.53281898578477,107.04838357383426,110.86322021484375,1782700.0
2024-04-24,110.95059688956495,112.33869298033818,108.89271794065291,111.89216613769531,2235300.0
2024-04-25,110.20315028243249,112.14454289174041,107.7958275941527,111.61066436767578,1421100.0
2024-04-26,112.61048548860772,114.61011759710625,111.46506350088542,113.45498657226562,1723600.0
2024-04-29,118.91030185471408,122.20096186051319,118.60938835866014,122.045654296875,3866300.0
2024-04-30,119.38594378677382,120.78374892140734,116.1147017783961,116.78447723388672,3574600.0
2024-05-01,116.98831832080104,119.45388788533467,114.289783710922,115.51286315917969,2700200.0
2024-05-02,114.05681597182348,123.74436836569545,113.91121004473699,121.62825012207031,4490000.0
2024-05-03,124.3462142944336,127.09327206179191,123.64730429831864,124.3462142944336,2600100.0
2024-05-06,126.656450497918,127.64656488228984,123.90938556652091,126.94766235351562,1959500.0
2024-05-07,126.53027386052256,131.77202817256082,126.20022584802405,127.69510650634766,2429600.0
2024-05-08,124.35590456631249,127.04473748578246,123.0842947731468,126.63704681396484,1810400.0
2024-05-09,127.3650791417628,129.96653834292408,125.70518180695365,129.63650512695312,1963900.0
2024-05-10,129.9762265563378,129.9762265563378,125.27806009464364,125.82164764404297,1920500.0
2024-05-13,127.26800026909712,130.35480758229227,126.64675519156816,127.6562728881836,1562500.0
2024-05-14,129.10261991345092,132.98540547475773,128.97642464298,131.49053955078125,2161800.0
2024-05-15,133.23776813812196,133.4707405811485,122.93868726009197,123.83172607421875,3929700.0
2024-05-16,124.84125309051835,126.6176291161975,123.03575736045514,125.40425872802734,1743400.0
2024-05-17,125.870195568024,130.8013348677075,125.46250487310719,127.27770233154297,2283300.0
2024-05-20,127.16122608449957,127.16122608449957,122.59895604990506,126.33612823486328,2202900.0
2024-05-21,125.0548052180718,126.96707810041998,122.9289779663086,122.9289779663086,1655300.0
2024-05-22,120.36635135496246,124.58888654086563,119.20151865901889,122.773681640625,2423500.0
2024-05-23,123.04546486669564,123.04546486669564,119.07531315495635,119.34710693359375,1754400.0
2024-05-24,120.32751782331992,123.95792007352675,120.01689528970584,123.85114288330078,1445700.0
2024-05-28,124.5209178656766,125.7051685146072,122.21066338069429,124.01615905761719,2105200.0
2024-05-29,121.05553495140708,122.65718533110609,119.79363420211774,119.82275390625,1765900.0
2024-05-30,119.94895615445769,122.24950933271928,119.70628204979901,120.15280151367188,1557400.0
2024-05-31,120.55078553448662,121.62825910636109,116.68741069209858,118.99766540527344,3525200.0
2024-06-03,121.18172050283275,121.18172050283275,116.27970871362164,117.34747314453125,2123800.0
2024-06-04,116.24089139845883,117.09510154597866,114.58100147887929,114.84308624267578,2119400.0
2024-06-05,115.57110788289093,116.75535864373737,114.03741324087194,115.17312622070312,1645800.0
2024-06-06,113.57146650351719,115.046921613205,111.07677732185242,114.71688842773438,3002600.0
2024-06-07,113.35791606873025,114.11505802010457,110.88264487430078,111.57183837890625,2056800.0
2024-06-10,110.65938143976831,111.52330057959523,109.1256794634682,110.71762084960938,1701200.0
2024-06-11,110.21286455516231,110.81469895873707,108.85388818291877,110.63026428222656,1957100.0
2024-06-12,113.57146534693833,115.31872162229811,108.50442955421985,109.34893798828125,2723600.0
2024-06-13,108.3297058491229,109.97018496977714,104.514869085076,105.05846405029297,4262400.0
2024-06-14,104.34723374420456,105.79893456198462,100.66439133714881,100.8495101928711,3910600.0
2024-06-17,100.09928561691271,101.48279319858668,96.40669858148397,98.04351806640625,4291400.0
2024-06-18,97.7804679038889,99.86546332398936,96.16313097865894,96.9815444946289,3526900.0
2024-06-20,95.18883160841013,95.47137868288999,91.32087804389019,91.37933349609375,5663800.0
2024-06-21,90.60963760296781,93.5325291385474,89.91788749820967,92.22697448730469,5565300.0
2024-06-24,91.14551079143037,94.04891243635126,90.79476318645631,93.92225646972656,3280600.0
2024-06-25,92.75308620786696,93.63970018714046,90.2296601437145,90.38554382324219,3217500.0
2024-06-26,93.06485824533765,98.04351715602634,92.58745473471326,97.7025146484375,4847600.0
2024-06-27,95.9487967318311,96.55285627129051,92.44132067491388,93.79559326171875,4049900.0
2024-06-28,94.01968734497301,94.11711558613197,91.13576829353751,93.06487274169922,4489200.0
2024-07-01,92.80181021300272,94.93552350364205,92.38286211103468,94.90629577636719,2451700.0
2024-07-02,96.27030484479211,99.92391937862399,93.53253206609605,94.5652847290039,4115200.0
2024-07-03,95.57855331280835,98.77424692207659,94.50682788530463,97.51740264892578,2309100.0
2024-07-05,96.24108405269241,97.76098542963071,94.61400938037531,95.82213592529297,2229800.0
2024-07-08,96.60157775878906,99.03732098299807,96.5626049752059,96.60157775878906,2194000.0
2024-07-09,94.36068201836538,95.50060795456886,87.99852251292985,88.14466857910156,6421000.0
2024-07-10,88.70001870651357,94.79912130979304,88.41747162420359,94.4094009399414,4153900.0
2024-07-11,95.83186896684616,97.62457216792416,94.41914106237267,95.43240356445312,2705800.0
2024-07-12,96.43593978211648,97.1374275196402,94.34119932294077,95.3544692993164,1968400.0
2024-07-15,91.194215801282,94.45810991200071,90.72655731117003,93.03563690185547,2640000.0
2024-07-16,92.90898096289084,95.56880813838654,91.846993156706,95.19857788085938,2586700.0
2024-07-17,94.80885559777713,96.70873954654449,90.26863463347335,92.63617706298828,2469000.0
2024-07-18,92.17825971171327,95.69547323748954,91.04807137916234,91.39881896972656,2324900.0
2024-07-19,90.35633247207218,90.54145134377441,87.70624254018199,89.72303771972656,2235700.0
2024-07-22,90.73630011794312,91.57419634669674,89.0507700399211,91.16499328613281,2075700.0
2024-07-23,90.00557709167312,90.64861684331777,88.7195050216819,89.12871551513672,1896500.0
2024-07-24,88.66104676001314,90.77526993722196,88.41747245572739,88.54412841796875,2100600.0
2024-07-25,88.22261810423628,92.28543581329747,87.88160812340877,88.66104888916016,2776600.0
2024-07-26,90.16146792750419,90.76553489527899,88.27132889390082,90.41478729248047,1868500.0
2024-07-29,89.06050036500166,90.0737627950263,87.95953989846257,89.31381225585938,1915100.0
2024-07-30,88.69026959355581,90.765527308875,88.15441061367285,90.13223266601562,2449400.0
2024-07-31,89.55740048490428,93.48381717137784,89.41125441229674,91.26242065429688,5757000.0
2024-08-01,91.58394471395215,96.91335204780457,89.51843179547987,90.77527618408203,4807500.0
2024-08-02,86.50784240826923,86.50784240826923,80.13593833442394,84.75410461425781,5807200.0
2024-08-05,78.23606791379254,83.24395491307683,77.84634754822653,81.37329864501953,5285400.0
2024-08-06,81.8896826078142,81.94813806114071,77.41765459589222,77.48585510253906,3707800.0
2024-08-07,80.12619648443543,82.29888242533971,76.96947576234116,77.0279312133789,3367700.0
2024-08-08,77.9437723984679,81.16869360279934,77.05715841945258,79.72673797607422,3296800.0
2024-08-09,80.15542822649778,80.48669314333847,77.94377682960867,79.5513687133789,2165700.0
2024-08-12,79.48316508756743,79.56111064533042,72.896914122545,74.04658508300781,4590200.0
2024-08-13,74.92346228943558,75.92698729811642,73.52047182812734,75.23523712158203,3969300.0
2024-08-14,75.02088946070076,75.02088946070076,70.12017540343984,70.97755432128906,4528400.0
2024-08-15,72.24413973236926,77.27150947929798,71.69852823918868,77.10588073730469,6098800.0
2024-08-16,76.92075325181803,77.82684985427184,75.49828037448245,77.32996368408203,2921300.0
2024-08-19,77.70020154117827,81.22716007395624,77.20330788887058,80.6523208618164,2947300.0
2024-08-20,80.67180534029728,83.64340712692868,80.47694145431177,82.05530548095703,3463400.0
2024-08-21,83.39983939826756,86.5663053197163,82.72757938035632,86.3227310180664,3287700.0
2024-08-22,85.6309767213225,85.6309767213225,83.39009028200321,84.64693450927734,2588100.0
2024-08-23,85.57253244825644,88.495424307448,84.76386391655517,88.17390441894531,2203800.0
2024-08-26,88.91436863915074,89.32357169796313,86.10838781689867,86.65399932861328,2020000.0
2024-08-27,86.6929702758789,87.43343081426148,86.26427711859579,86.6929702758789,1165700.0
2024-08-28,85.78687701617706,86.39093656217764,85.29972838447429,85.7381591796875,1802100.0
2024-08-29,86.67348013054122,90.6096418063842,84.55925693905043,89.29434204101562,1875000.0
2024-08-30,90.6096458540729,92.25621061437761,87.22883314739428,87.93032836914062,2063100.0
2024-09-03,85.05614331608115,85.73814834092872,80.60360568252617,81.95787811279297,2748100.0
2024-09-04,80.99332168751882,84.94897328271011,80.99332168751882,82.57168579101562,2158200.0
2024-09-05,82.63988485533959,83.01986015326648,80.38926079326532,80.47694396972656,1421600.0
2024-09-06,79.15190045847132,79.36624702641481,73.42303574236104,74.92345428466797,3495900.0
2024-09-09,75.9951802778847,77.70994540137568,74.7967914720825,76.39464569091797,2238700.0
2024-09-10,76.00492131910966,76.6674436659441,73.50097798817451,76.5992431640625,2058300.0
2024-09-11,87.89135209606975,89.45022617510028,82.571690120148,87.00474548339844,6391800.0
2024-09-12,87.00474439632795,87.56009351233439,84.51053846774472,86.22530364990234,2865000.0
2024-09-13,87.0132181888845,87.90390077590995,84.04752707111479,85.5842056274414,2181700.0
2024-09-16,86.12253023370482,88.20732866956763,85.12418162746017,87.45366668701172,1566200.0
2024-09-17,88.58905439726338,89.94955300112362,87.85497209442636,87.9136962890625,1925600.0
2024-09-18,88.63798645998565,88.81416650683958,84.27264470735085,84.75224304199219,3200600.0
2024-09-19,88.28562027209976,88.45201792026042,85.97570758056189,87.43408966064453,1976000.0
2024-09-20,86.5923488738383,87.081737071414,83.63643997869721,84.20413208007812,4531400.0
2024-09-23,85.47653896814046,88.35413630978722,84.1062506082049,86.8272476196289,2005300.0
2024-09-24,90.73256466021209,92.83693530625732,88.54010772705078,88.54010772705078,3650500.0
2024-09-25,88.69671969415508,88.91204422860004,84.61521644754102,84.74246215820312,2170500.0
2024-09-26,90.04742714557386,93.50250657929885,88.5890524272603,93.150146484375,4339600.0
2024-09-27,95.13706147626993,96.1647796657936,92.80757637214644,94.011474609375,2592800.0
2024-09-30,94.14849765080297,96.01795655957714,92.20072737589972,92.69990539550781,1743200.0
2024-10-01,92.16158356793493,92.93481030355935,90.7423533973914,92.31818389892578,1269900.0
2024-10-02,92.38670210106571,93.60038272387327,90.59553952978386,92.07349395751953,1271200.0
2024-10-03,90.09636620636483,92.98375345834614,89.94954826004167,92.30839538574219,1785600.0
2024-10-04,97.09461561800327,99.93306866345799,96.31159898070386,99.92327880859375,4783300.0
2024-10-07,97.76017471503191,103.00641631044519,97.47632869031145,102.25276184082031,4527200.0
2024-10-08,97.73080874194801,99.34579107558709,96.84990860837486,98.13211059570312,4295000.0
2024-10-09,100.02115550462489,101.18589425888969,97.6427287251595,99.75688171386719,3759100.0
2024-10-10,99.15982834099722,102.45830728594531,98.96407606052807,100.77481079101562,1840700.0
2024-10-11,98.51384040572584,101.22504758985367,98.20063227469876,99.8547592163086,2426000.0
2024-10-14,99.02280068898418,99.83518684471754,95.92008147825803,97.48612213134766,2352800.0
2024-10-15,95.52857057372513,97.95593921521873,93.54165577163057,93.70804595947266,2645400.0
2024-10-16,95.76347016397408,97.55463259557318,94.57915173018998,96.1647720336914,1875900.0
2024-10-17,95.42090809097729,95.73411623681837,91.22195648526726,92.66075897216797,2992300.0
2024-10-18,94.657451753783,95.56771397952542,92.44541530254878,93.12077331542969,2082000.0
2024-10-21,92.49436941880987,92.93481581000617,91.01641497000888,91.84837341308594,2276700.0
2024-10-22,91.68197859964592,94.82384977633475,90.9674760483663,94.41276550292969,2363600.0
2024-10-23,93.02290822647831,94.26595094573192,91.45686750902335,91.96582794189453,1958700.0
2024-10-24,93.4241978770456,94.06040398616703,91.16322694033015,93.13056945800781,1422100.0
2024-10-25,93.21866198102457,94.1582864262661,91.0947189912347,91.52538299560547,2046400.0
2024-10-28,91.90709657391062,97.38824239085668,91.68197473797333,96.0571060180664,2383300.0
2024-10-29,95.28387242565196,97.2707871430895,94.56936990008086,94.5987319946289,1409500.0
2024-10-30,94.36383175223625,96.89885892145182,93.37526554507502,93.49271392822266,1318200.0
2024-10-31,93.49270912947892,94.63788307868604,92.16158022814663,92.719482421875,2197600.0
2024-11-01,92.98375033675654,97.29036763532152,92.37690633047984,96.15498352050781,2431100.0
2024-11-04,97.38824882826171,100.42245408218066,96.72268059787223,98.43553924560547,2339600.0
2024-11-05,97.91679169347763,98.30830374593783,96.21372285286778,97.66230773925781,1548500.0
2024-11-06,93.96252796641487,95.30345423089173,91.31983485434777,94.53022003173828,3228300.0
2024-11-07,95.33282466339968,101.65571943134405,92.38670555257526,97.80912780761719,3377400.0
2024-11-08,96.6835292675532,98.77811011568524,95.00982255997879,98.6998062133789,2287100.0
2024-11-11,102.45830844849296,109.22164913280469,101.70465394591744,108.1449966430664,4581900.0
2024-11-12,104.3277655629075,105.83508200911969,100.53011608597042,100.61820983886719,2359400.0
2024-11-13,105.96232813167407,109.02589537233015,105.12057988606772,105.89381408691406,3822200.0
2024-11-14,106.08957167378044,106.84323367131121,99.07174679207051,99.93306732177734,2458300.0
2024-11-15,99.8351912219736,101.43059404046649,97.46655416360613,101.33271789550781,2498100.0
2024-11-18,100.94120517402779,102.69321578673005,100.06031240781188,101.82210540771484,1698700.0
2024-11-19,104.7290648189651,105.46314704900458,101.58719377049262,104.19073486328125,2168900.0
2024-11-20,103.70134446642378,107.84157143996289,103.70134446642378,107.22494506835938,2033500.0
2024-11-21,104.73885506697512,107.73390818721364,104.21031496326174,106.66704559326172,1598000.0
2024-11-22,104.62139834976277,107.15643285566668,102.33106538689114,106.07977294921875,1820200.0
2024-11-25,107.84157289042932,109.32930957877959,106.39298068265333,107.64582061767578,2087000.0
2024-11-26,106.20701784528055,107.32282222401416,104.11243717169494,104.52352142333984,1973300.0
2024-11-27,105.41420692592513,107.40112913289221,103.99498424556221,105.68827056884766,1071900.0
2024-11-29,104.7486392572631,106.29510764652075,104.36691708703087,105.4142074584961,748200.0
2024-12-02,105.41420452184386,109.09440550069483,104.67033991043088,108.93780517578125,1990000.0
2024-12-03,108.64417320817124,108.64417320817124,106.23638431965422,106.75513458251953,1477900.0
2024-12-04,106.6376819129967,106.82365181182101,98.96407880058717,100.43224334716797,2526900.0
2024-12-05,99.83517715401544,101.13695135419691,98.6606486450739,98.95427703857422,2322100.0
2024-12-06,99.83519126585512,102.9672727107366,99.65901121786358,102.73236846923828,1557000.0
2024-12-09,104.10265375369605,111.49241822366726,103.82859756899005,107.3326187133789,2663200.0
2024-12-10,106.19722842698516,106.85300675503261,101.30334693265405,101.77316284179688,1535800.0
2024-12-11,102.23318544980569,102.23318544980569,99.4241021407764,101.6361312866211,1502100.0
2024-12-12,101.41102327449825,102.31149576917834,100.03094496783896,101.10760498046875,1136800.0
2024-12-13,100.22813855588869,100.23796694310401,96.33692937040126,97.65364837646484,1643700.0
2024-12-16,96.87737304947295,99.15707913908024,95.86526655095496,97.81087493896484,1634300.0
2024-12-17,97.07390351820688,98.56749604892458,94.74507048017186,95.8554458618164,1757300.0
2024-12-18,95.31499792833375,95.91440212330221,88.53485740106935,88.96721649169922,2536300.0
2024-12-19,89.91054290196021,92.20989089243393,87.19848508251704,87.37535858154297,2360700.0
2024-12-20,86.34359710666656,88.96721425664917,85.99967102219853,87.11004638671875,3685400.0
2024-12-23,87.48344470304647,88.29902844207922,86.57942796662765,87.6504898071289,2003000.0
2024-12-24,87.88632408883373,88.57416126431582,86.45168691078328,88.42676544189453,595100.0
2024-12-26,87.95511112415184,88.859127873704,86.92334782514645,87.60136413574219,1194900.0
2024-12-27,87.10021281763298,89.27182148087516,85.78349387574687,86.75629425048828,1397000.0
2024-12-30,85.48870762803061,85.6754095034558,83.66101741692368,84.64364624023438,1729000.0
2024-12-31,85.29218788605662,86.65804139913432,83.80841621113031,84.5846939086914,1609500.0
2025-01-02,84.9384382953005,86.46150848065413,82.943702973865,83.74945831298828,1866100.0
2025-01-03,84.5060776613086,86.72682087106459,83.71015072419239,86.26498413085938,2626700.0
2025-01-06,88.42676837631502,91.44343865494467,87.94528233749958,88.62329864501953,2319600.0
2025-01-07,89.41922453032548,90.13654688286984,87.45396684834031,88.41694641113281,1653500.0
2025-01-08,87.26725812615048,87.26725812615048,85.14478389441746,85.86209869384766,1553800.0
2025-01-10,84.21128700642161,85.86210372646742,83.40553167264109,85.02687072753906,1691100.0
2025-01-13,84.54539077034578,89.92037200927734,84.25059910398977,89.92037200927734,2824600.0
2025-01-14,91.040568946624,93.054953690458,89.94985026952523,91.02091217041016,1890700.0
2025-01-15,93.01565292731217,95.06934367803844,92.45554727144498,93.49713897705078,2289000.0
2025-01-16,93.03529604366405,93.20234114214028,91.26656118667195,92.68154907226562,2082700.0
2025-01-17,93.75262356033723,97.34904130603441,93.55609328931948,95.7964859008789,2049500.0
2025-01-21,95.41326581854108,95.41326581854108,92.25902791187735,92.41625213623047,1921600.0
2025-01-22,91.787361645261,91.87579464053843,88.64294492415155,88.6822509765625,2427200.0
2025-01-23,88.43658928353871,89.32095667574661,87.35569913611242,88.24006652832031,2775600.0
2025-01-24,89.262001978115,89.82210762489089,86.93317637962394,87.2181396484375,2297500.0
2025-01-27,86.68751559978709,87.28691977904391,85.65575234123345,87.23778533935547,3132200.0
2025-01-28,86.67769195197135,86.82508778223325,83.6511932251319,84.40782165527344,1888400.0
2025-01-29,84.83034629188172,85.78349742949926,83.96562814796668,84.78121185302734,1678800.0
2025-01-30,85.59680000689211,85.67541211439976,83.4251911408196,84.16216278076172,1929700.0
2025-01-31,84.18181804102025,84.53556505307816,81.63681272873752,82.72753143310547,2785900.0
2025-02-03,80.09407421297696,80.85069507737627,78.2762124635379,79.05248260498047,3322000.0
2025-02-04,79.69120092479147,82.00037730084155,79.26867020515873,81.04723358154297,2446900.0
2025-02-05,78.62013240628113,80.32990441957621,77.68663054793596,78.49238586425781,2619500.0
2025-02-06,79.59293558627743,80.03511556301154,77.14619188774687,77.62767791748047,2240900.0
2025-02-07,77.62767560056211,77.83402675000336,75.36762635015505,76.02599334716797,2649700.0
2025-02-10,76.39939398400813,76.89070841477344,73.53994039845956,73.83473205566406,3077500.0
2025-02-11,72.13478863097222,74.48327102029306,71.61398903477564,74.38500213623047,3349100.0
2025-02-12,74.40465277171607,75.81964062057999,73.28445655698637,75.26936340332031,3431100.0
2025-02-13,78.51204704738748,81.58767266597962,73.64802971494322,77.87333679199219,5153700.0
2025-02-14,78.76753765245387,80.95879594099075,78.2074319722966,79.7992935180664,2744400.0
2025-02-18,79.10162178943347,82.6489125091807,77.98142550918308,82.12812042236328,2654800.0
2025-02-19,80.72296020544478,82.54082204881391,79.78945831510822,82.216552734375,3143000.0
2025-02-20,81.85298359903824,83.2581431096981,80.55591385818782,81.07670593261719,1500900.0
2025-02-21,81.3714922689776,82.58012904714826,79.36692852522087,79.78945922851562,1677800.0
2025-02-24,79.45536853184885,80.82122201849133,78.30569458931319,79.6224136352539,1785600.0
2025-02-25,79.49466955260044,79.62240859473013,75.35780330136994,77.05774688720703,3200000.0
2025-02-26,77.52941648136634,77.77507368980105,75.672248585349,76.18321228027344,2747500.0
2025-02-27,76.12426221386274,78.1484753523595,75.58381331918467,77.59820556640625,3499800.0
2025-02-28,76.02599221838214,76.64504565751457,74.39482482768965,75.69189453125,2821800.0
2025-03-03,77.40167246660464,77.40167246660464,68.59731872795972,68.7348861694336,5055400.0
2025-03-04,67.80139828524715,72.88158821259005,66.06214832350663,70.90650939941406,3852200.0
2025-03-05,71.86947065061324,73.54976501812286,71.0931929901504,72.92088317871094,3400400.0
2025-03-06,71.46660050401505,75.56416106344375,71.46660050401505,75.15145874023438,3772900.0
2025-03-07,72.98966649294208,77.01844309721793,72.98966649294208,74.19830322265625,3451100.0
2025-03-10,74.28674109170517,78.24673423932401,74.22778575848629,75.06301879882812,2849100.0
2025-03-11,75.71154973122864,76.07511757815574,70.63135329244581,71.40763092041016,2582400.0
2025-03-12,70.90650140764986,72.54748978774428,69.81578278450608,71.54520416259766,2199300.0
2025-03-13,71.3683344335285,72.82262850670378,69.86491341338505,71.142333984375,1658300.0
2025-03-14,73.31132854581838,74.6848653914801,71.54252761715982,74.3390121459961,2761500.0
2025-03-17,75.26787543411015,78.80547735548672,75.26787543411015,78.40032958984375,2763700.0
2025-03-18,78.06436021160927,78.42998081526072,76.49319506153037,77.57028198242188,1934500.0
2025-03-19,77.68886973309806,79.20074803002119,77.37265994249346,78.5485610961914,1984400.0
2025-03-20,76.49319532047535,77.59004205707178,75.39634104484341,76.11769104003906,2009500.0
2025-03-21,74.86274121710656,76.81928693492733,74.24019777495226,76.64141845703125,4483700.0
2025-03-24,77.29360142638153,78.4299828914011,76.30544494184898,76.63153839111328,1748300.0
2025-03-25,76.93786659059954,78.98335026789859,76.23627637209982,76.75011444091797,1492400.0
2025-03-26,76.75999751258048,77.38253339588782,73.38050407913646,74.82321166992188,1313300.0
2025-03-27,73.69671551733398,74.44770904897672,72.25400789408013,73.86470031738281,1886500.0
2025-03-28,73.28169153370911,74.07221223051376,70.61366439202398,71.33502197265625,1987800.0
2025-03-31,69.67491939470874,71.93779876457322,69.07214330522781,71.16703033447266,1898400.0
2025-04-01,70.88046803356289,71.68087237445602,69.12154315629823,70.96939849853516,2010600.0
2025-04-02,69.86265687959971,72.76783920852564,69.49704382394256,71.39430236816406,1831600.0
2025-04-03,68.41007270451104,68.93379440416295,65.36654910237942,65.71240234375,3725000.0
2025-04-04,62.49101927915166,64.21041326316303,56.848642748704194,57.81703567504883,6136900.0
2025-04-07,56.2359833064329,63.53846262374691,54.84268286549561,57.411888122558594,7447600.0
2025-04-08,59.407966332329295,59.566071217843444,48.84457495190526,50.15882110595703,7919000.0
2025-04-09,50.069886005604225,61.35463473597229,49.6449821958728,59.753822326660156,9383400.0
2025-04-10,56.433619389144084,56.81899982833514,52.9157808253546,54.062042236328125,5661900.0
2025-04-11,53.903934422493386,56.27551144676892,52.15489702675579,55.99882507324219,3362600.0
2025-04-14,57.263669437837656,58.53839221659054,55.405934178303696,56.71030044555664,2745500.0
2025-04-15,55.33676390060259,56.9573399545688,53.01459763758089,53.370330810546875,4050800.0
2025-04-16,52.42169852067268,54.19049945743027,50.850529626318426,51.947383880615234,4277300.0
2025-04-17,52.65886388985692,53.23199273344929,51.30508669110343,52.283363342285156,3117400.0
2025-04-21,51.878217481630706,52.57980770860273,50.247757710115124,52.392059326171875,3122800.0
2025-04-22,53.07388304703004,55.33676226579782,52.708266208953134,54.12133026123047,2805000.0
2025-04-23,56.69053987944567,59.22022198936344,54.71422679124938,54.98102951049805,3699000.0
2025-04-24,55.287358897918566,57.76763014266356,55.287358897918566,57.48106384277344,2274100.0
2025-04-25,56.7102989289176,57.56011409202572,55.97906525567418,57.04627227783203,3065800.0
2025-04-28,57.19450050821397,59.595721156530416,56.74982931972611,57.856563568115234,2699000.0
2025-04-29,58.14313089712568,59.249865165180445,57.96526241856998,58.75578689575195,2826000.0
2025-04-30,56.32492171400638,57.985024971349056,55.54427715749636,57.856563568115234,6029800.0
2025-05-01,60.64315920259175,62.70840629714528,57.688573580564324,58.61743927001953,5229800.0
2025-05-02,59.75382306355033,61.32499200469179,57.93561500442762,59.58583450317383,3471800.0
2025-05-05,58.88424385345211,59.487019899747125,56.95733799432605,57.2537841796875,2589600.0
2025-05-06,56.09764250833981,57.97513751466503,56.09764250833981,56.80911636352539,2475500.0
2025-05-07,57.31307551759881,57.31307551759881,54.98102563479436,55.396053314208984,2895100.0
2025-05-08,56.33480080497342,58.054194785725784,55.83084264499586,56.759708404541016,3404200.0
2025-05-09,57.026508486003294,57.92573071514852,56.39408895379361,57.24390411376953,2163100.0
2025-05-12,61.858593568364775,62.88627720274902,60.07991267471067,60.84079360961914,3994400.0
2025-05-13,60.85067868564338,61.61155586854449,60.24790262142069,61.12736129760742,3563900.0
2025-05-14,61.74990224975354,62.04634845020024,59.74394196204436,60.35660171508789,3093900.0
2025-05-15,59.30915226021901,59.63524193780049,57.8763246132561,59.60559844970703,3244000.0
2025-05-16,59.20045626720519,60.06015137404442,57.14509268989148,59.49690246582031,3821700.0
2025-05-19,57.78739008294604,59.15104707101529,56.68065588876118,58.53839111328125,4076800.0
2025-05-20,58.419807229630564,59.77358425610852,57.93561268867112,58.61743927001953,2416600.0
2025-05-21,57.85655995780922,58.271587631005744,55.722142155775245,55.771549224853516,2506000.0
2025-05-22,55.801196740561075,57.45141622643438,54.822920182398754,57.2537841796875,2905700.0
2025-05-23,55.93953973393076,57.21426251599965,55.64309353960536,56.927696228027344,2710500.0
2025-05-27,57.68857548254988,58.19253362111543,55.998825062555106,58.093719482421875,3263800.0
2025-05-28,57.90596544764852,58.46921431271867,56.66089000105072,57.36248016357422,2430500.0
2025-05-29,57.80715272636717,58.330874442257816,56.077878926860464,56.80911636352539,2866100.0
2025-05-30,55.97906802412989,56.01859141985499,54.1608598876469,55.099605560302734,11048700.0
2025-06-02,55.73202833906785,55.73202833906785,53.63713383632218,54.43754196166992,3667100.0
2025-06-03,54.38813496764347,56.54231645120437,53.06400509948693,56.334800720214844,2977000.0
2025-06-04,57.08580049562649,59.44749388771655,56.80911788653345,58.992942810058594,4078200.0
2025-06-05,60.277545510301636,61.44357046271808,57.145091266102064,57.94549560546875,3632100.0
2025-06-06,59.32891852023272,60.050272329372085,58.58780112829965,59.12140655517578,2175800.0
2025-06-09,59.89216592389941,62.59971261644947,59.75382461735541,61.56214904785156,3391900.0
2025-06-10,62.461371042339664,63.7855046637775,61.97717647150979,63.43964385986328,3023200.0
2025-06-11,64.83294872980645,64.97129003702858,63.08391126810246,64.3092269897461,3823600.0
2025-06-12,63.261775064419425,63.46929456131591,61.48309790888316,61.74001693725586,3002900.0
2025-06-13,60.86973942944808,62.65008073579335,59.9547021693046,60.392330169677734,2500800.0
2025-06-16,61.665423510875705,61.89418188473555,60.37243958317967,60.63103485107422,2333200.0
2025-06-17,60.32270789810778,60.35254479102283,58.482689021412405,59.36788558959961,2560200.0
2025-06-18,58.830801626613905,60.19340743069191,58.72139462882088,59.07945251464844,2872900.0
2025-06-20,59.16896645105463,59.5071318074881,56.344292236760786,56.3542366027832,5545500.0
2025-06-23,56.344292208265756,57.65716858102316,55.59833955128489,57.50797653198242,3791400.0
2025-06-24,58.33350142123128,60.89957668190374,58.2837682069961,59.85524368286133,3124700.0
2025-06-25,59.83535088598418,60.820010094079606,58.532418837599856,60.05416488647461,2724800.0
2025-06-26,62.03342513357878,64.7685888128725,61.75493734120323,63.40597915649414,4054000.0
2025-06-27,64.9277235816878,66.31022201669744,63.69441720843088,64.59950256347656,4137300.0
2025-06-30,64.46025334823217,64.46025334823217,61.71514923237597,62.33180236816406,3077700.0
2025-07-01,61.91407211160409,63.67451708824844,60.312759759973034,62.56056594848633,3242600.0
2025-07-02,65.16642069012855,68.5580224084631,64.06241774040022,67.62309265136719,4458000.0
2025-07-03,68.23975181909405,69.11500023245243,66.47929924371182,66.84730529785156,2322300.0
2025-07-07,66.19087462780378,66.9169310284743,63.89333508195594,65.14653778076172,2956600.0
2025-07-08,65.67367303355995,71.78053839470941,65.5941029261557,69.841064453125,7275300.0
2025-07-09,69.9007395430707,70.82572119128066,68.23975335820413,70.40798950195312,4021400.0
2025-07-10,71.37275223546575,75.86835690250962,71.11415319007219,73.86920166015625,5717900.0
2025-07-11,69.92063127043222,71.54183229433752,69.84106116677212,70.59696197509766,4092000.0
2025-07-14,70.4079887812618,73.08347485650715,69.85101320119293,71.48216247558594,2711900.0
2025-07-15,72.37729531930415,72.48670231432945,69.51283989337034,69.64213562011719,4674000.0
2025-07-16,69.7614973287473,70.6168570493608,68.70721991934045,70.03004455566406,2880100.0
2025-07-17,72.05902912451332,76.24631703600456,71.85016327521663,75.3312759399414,7862000.0
2025-07-18,76.89280124805377,79.19034070493106,75.73906502752845,76.65409851074219,6224400.0
2025-07-21,79.41909201833496,80.66234645690697,76.40544447335209,76.7336654663086,3690800.0
2025-07-22,78.27530072213258,83.1190230129609,78.07638303631029,82.79080200195312,6714200.0
2025-07-23,80.96073063560273,81.73652019190484,77.51940325690035,78.36481475830078,5139000.0
2025-07-24,82.06474471420673,85.72488624582165,81.33868075133884,83.7257308959961,7765000.0
2025-07-25,84.21308282401816,84.36227487782409,81.55749310152024,83.28810119628906,5379500.0
2025-07-28,78.57368508751763,80.44353714011841,73.78964415788884,74.36650848388672,10165500.0
2025-07-29,73.41168843743316,74.03829355463802,70.61685478203746,71.21361541748047,6543200.0
2025-07-30,71.3826975388556,71.45231948781986,68.07067329444295,68.51824188232422,4953500.0
2025-07-31,69.67198090948226,69.70181780152258,64.93766594136575,67.48384857177734,8469100.0
2025-08-01,66.4494627467295,68.1999671721045,64.59949948100636,67.53358459472656,4282600.0
2025-08-04,67.86180429218088,68.93597037079508,67.53358329594346,68.19001770019531,3261300.0
2025-08-05,68.9359682934502,69.07521218070829,66.31021557912237,67.8816909790039,2210100.0
2025-08-06,68.39888180717095,68.77683600717687,66.52902989192722,66.93682098388672,2106200.0
2025-08-07,69.48300523609457,73.44152315135571,69.43327202285732,69.68192291259766,5435400.0
2025-08-08,71.81037166722469,76.47506464053613,71.0942635013621,75.07267761230469,7616700.0
2025-08-11,84.31254317370497,86.97808110438456,79.48871726908067,80.32418823242188,12471500.0
2025-08-12,77.81778030450333,80.15509714969916,75.03289489320173,77.55918884277344,5413100.0
2025-08-13,80.66234720931051,81.7564096078145,78.8223321407052,81.2292709350586,3990400.0
2025-08-14,79.5583384805878,81.23922096411287,78.9317409550493,80.99057006835938,3495700.0
2025-08-15,80.83142656413762,82.26365809363946,80.66234578307777,81.74646759033203,2842300.0
2025-08-18,81.22927390602005,84.33243985890009,81.22927390602005,82.64160919189453,4375900.0
2025-08-19,81.85587449586112,82.5520939395805,79.87660798487364,80.11531829833984,3810800.0
2025-08-20,76.63420741554984,79.06103494456323,75.47051548205127,77.69843292236328,3456400.0
2025-08-21,76.96242085252028,79.30968586457814,76.46511907179993,78.51400756835938,2887800.0
2025-08-22,76.91269935065287,82.1840939559529,76.73367039646693,80.90105438232422,2876200.0
2025-08-25,80.2943504117877,81.84592956950742,79.59812335233732,80.85132598876953,2412000.0
2025-08-26,81.62711368728174,82.99966386532188,80.57283634421712,81.09002685546875,2495900.0
2025-08-27,81.04030147341896,87.49527645835767,80.96073136738084,87.20684051513672,5504600.0
2025-08-28,86.23212404749879,86.51061941333815,83.26820974203957,84.46173095703125,3539500.0
2025-08-29,85.16789856119398,86.61007824988364,84.17329501929332,84.46173095703125,1738900.0
2025-09-02,81.54754696158781,81.74647223433222,78.71292822193368,79.11077117919922,4041600.0
2025-09-03,78.74276640142223,80.4137007786402,78.1857908050907,79.67769622802734,1926000.0
2025-09-04,79.10082318208461,79.31963718844432,77.72827294431454,78.84222412109375,3900500.0
2025-09-05,81.76635815319278,84.43189601043694,80.42364485833158,81.0999755859375,4805500.0
2025-09-08,81.70668717468067,82.21393713486812,79.63790986760769,81.5574951171875,2332700.0
2025-09-09,74.81408451894482,75.58987411814692,71.00475088365936,72.1883316040039,13545200.0
2025-09-10,72.8944947727846,74.32672630678157,71.72086228536438,72.92433166503906,5511300.0
2025-09-11,71.45231999360756,75.7291185694677,70.86550750364391,74.64500427246094,3595600.0
2025-09-12,74.23999786376953,76.33999633789062,73.08999633789062,75.9800033569336,2508600.0
2025-09-15,78.08999633789062,81.66000366210938,77.5,81.04000091552734,5011900.0
2025-09-16,80.7699966430664,82.0,79.91999816894531,80.94000244140625,2255700.0
2025-09-17,80.88999938964844,82.44999694824219,78.91000366210938,80.16000366210938,2616700.0
2025-09-18,80.94999694824219,81.5999984741211,79.33000183105469,80.93000030517578,2217900.0
2025-09-19,82.0999984741211,83.93000030517578,81.30999755859375,81.83999633789062,3672600.0
2025-09-22,80.44000244140625,82.48999786376953,79.87999725341797,80.37999725341797,2537400.0
2025-09-23,80.86000061035156,83.38999938964844,79.58999633789062,80.12000274658203,2249000.0
2025-09-24,83.5,85.61000061035156,81.13999938964844,81.58000183105469,3532700.0
2025-09-25,81.70999908447266,87.30000305175781,80.29000091552734,84.83000183105469,4456000.0
2025-09-26,83.91000366210938,89.3499984741211,83.4000015258789,88.0999984741211,4186600.0
2025-09-29,90.58000183105469,91.30999755859375,86.02999877929688,86.87999725341797,3344100.0
2025-09-30,85.5,85.55999755859375,79.30000305175781,81.08000183105469,5385600.0
2025-10-01,81.97000122070312,85.58000183105469,81.97000122070312,84.47000122070312,3616400.0
2025-10-02,85.0,90.08999633789062,84.72000122070312,87.61000061035156,3121700.0
2025-10-03,87.12000274658203,89.19999694824219,85.8499984741211,88.22000122070312,2552600.0
