Date,Open,High,Low,Close,Volume
2023-06-12,136.58775973405557,136.58775973405557,134.278006606259,134.73281860351562,989600
2023-06-13,133.43972393399196,135.05387595336205,132.32497656064177,134.86659240722656,708300
2023-06-14,134.9557499445904,136.67691300410326,134.3760732647559,135.96348571777344,613000
2023-06-15,136.2934506042198,137.4617034695258,135.7940460457153,136.33804321289062,617900
2023-06-16,136.4628800190384,137.64004583933263,136.25775676224862,136.5342254638672,1065100
2023-06-20,136.87312265266712,137.30119539462203,134.9200832917307,134.9646759033203,623200
2023-06-21,135.03601946860613,136.01700247881715,134.2244802154092,135.99024963378906,858400
2023-06-22,136.81963283868225,136.81963283868225,134.97361825289664,135.5711212158203,598600
2023-06-23,136.17750775110233,136.39154410053808,133.9301737091627,134.05503845214844,739100
2023-06-26,133.97475745173338,135.4105522157843,132.39628540525212,135.32138061523438,713600
2023-06-27,135.38379091406418,135.99913343273778,134.11743996027639,134.46524047851562,613300
2023-06-28,132.4408682319679,132.44979491770764,128.56155649816955,129.44442749023438,1643500
2023-06-29,129.06096416562286,130.90697832763303,128.49912726043357,130.5324249267578,795500
2023-06-30,131.09426959977375,131.932561664251,130.72862925543728,131.6917724609375,645800
2023-07-03,131.0675304188459,134.29583426450995,130.83566787784832,134.1174774169922,464800
2023-07-05,133.41296102224297,134.08180939580149,132.41413819778882,133.22567749023438,1074500
2023-07-06,132.90461276126368,133.73399171463814,132.15550594436326,132.4319610595703,827600
2023-07-07,132.7173742724483,132.78870613191407,131.4599359271994,131.72747802734375,654600
2023-07-10,131.93255384675243,132.5300566725119,130.2648965030991,130.5324249267578,848700
2023-07-11,130.50570826807922,131.86124495737909,130.50570826807922,131.8077392578125,727300
2023-07-12,131.47772093586102,132.04848449499093,130.47891192288807,131.2904510498047,1256200
2023-07-13,131.08533446992254,131.86119402949666,129.96166078198596,131.63824462890625,733700
2023-07-14,132.94029239000395,132.94029239000395,130.6037731149386,132.03065490722656,783900
2023-07-17,131.45098035095324,133.23457581627284,131.01400817091218,132.41412353515625,838100
2023-07-18,132.84220808724123,133.42187122204544,131.14778407947836,131.7363739013672,739500
2023-07-19,132.21793195679513,133.69831951498222,132.21793195679513,133.4932098388672,613000
2023-07-20,134.1709748166664,136.00807608727368,133.4753736289171,135.9813232421875,677700
2023-07-21,135.99915249570128,136.62340817904894,135.3213911263172,135.65135192871094,714900
2023-07-24,135.83862022499142,137.28332801719608,135.74052194232615,136.56097412109375,664600
2023-07-25,136.81071098523478,136.92663545208063,135.44626136783447,136.42723083496094,548000
2023-07-26,136.06161396596,136.9266454214668,135.2589876805039,135.75839233398438,507900
2023-07-27,135.47300050470815,136.2756130427465,133.43077602124336,134.10855102539062,819400
2023-07-28,134.74172899015056,135.16980174016558,134.15313916469603,134.65255737304688,545200
2023-07-31,134.65255631427866,134.9646773833196,133.70723920457792,134.34933471679688,1392600
2023-08-01,135.11629241280846,135.15197194848707,132.96706985574596,133.4753875732422,572200
2023-08-02,133.8855990229245,136.44505418152156,133.7964138058482,135.33030700683594,593400
2023-08-03,135.15195138226025,135.5443445684795,133.54671271488783,133.8142547607422,454500
2023-08-04,133.76076298390427,134.82199098349386,132.85112537650093,133.0116424560547,448900
2023-08-07,133.08299181242958,133.84102544208417,132.74411787642111,132.9938201904297,549300
2023-08-08,133.50211307212356,133.50211307212356,130.33622851311443,130.6394500732422,906500
2023-08-09,130.5859491793702,132.7619380528827,130.55028325372874,132.11984252929688,707200
2023-08-10,132.2268898044853,133.0473423100502,131.12105541467665,131.3796844482422,464100
2023-08-11,131.65606835331997,132.31598978971766,131.22799575875138,131.9503631591797,556900
2023-08-14,132.52114423583336,133.2880908054581,130.64836361463836,130.737548828125,783500
2023-08-15,130.2203134809681,130.71080497336493,128.88261683320619,128.96287536621094,570000
2023-08-16,129.28391473502379,129.3552601845487,127.93730509559273,128.1067352294922,586600
2023-08-17,128.16065637288588,128.45713904433217,126.01341554839337,126.57044982910156,917700
2023-08-18,126.57045415536035,128.2774607001889,126.57045415536035,127.62161254882812,1108900
2023-08-21,127.19931182285542,127.33407040573218,124.67473383829271,125.53721618652344,876300
2023-08-22,125.17786019356917,125.77082542041924,124.3063847353258,125.48332214355469,871400
2023-08-23,125.60912539435098,126.23802179648823,125.05210482515992,125.3575668334961,766400
2023-08-24,125.35755091621758,126.830971032243,125.15091649080563,126.42668151855469,1049900
2023-08-25,127.15441664520964,128.36729900259374,126.66027888076009,127.6665267944336,1024100
2023-08-28,128.13368728864535,129.0770386229061,128.11572861444304,128.3762664794922,1376800
2023-08-29,131.02662213158473,132.50004222017031,128.62782310553507,131.11647033691406,2078800
2023-08-30,131.03563479193545,131.430931311386,128.86142853593353,129.26573181152344,1068100
2023-08-31,129.7688729409009,130.47862464845798,128.3224040880342,130.22706604003906,1403300
2023-09-01,130.8649039430999,131.1254417886292,127.86416050674597,128.0168914794922,762200
2023-09-05,127.7563914977116,129.59817066840455,127.61263980336415,128.48411560058594,937800
2023-09-06,128.86141568196274,129.1489189862447,126.40871309379762,126.7950439453125,1029100
2023-09-07,127.33408703980608,127.79229369926361,125.37552226529144,126.08527374267578,1468100
2023-09-08,126.3728044957541,127.22630780505419,125.82476321986002,127.19935607910156,967800
2023-09-11,117.85567135103621,119.83222212186128,115.89710667128703,118.28692626953125,5051100
2023-09-12,118.60139024698067,118.68225912773809,115.93305990482328,116.6697769165039,3418000
2023-09-13,117.19086420031391,117.88265708929492,115.3221336915957,115.36705780029297,2056000
2023-09-14,114.99869721889345,115.42993849496867,113.42644940535389,114.47760772705078,2411200
2023-09-15,113.86666301095936,114.4596282614416,113.42643559601252,113.94752502441406,2859900
2023-09-18,114.54049976355817,114.54049976355817,112.51005890848425,113.89363098144531,1113100
2023-09-19,113.85769930064467,114.72916805877063,113.3455959933326,114.4237060546875,1599900
2023-09-20,114.97173903966966,116.16664895592872,114.02838766273753,115.2322769165039,1120300
2023-09-21,114.99868956303116,116.56195793448697,114.63931728725548,115.61860656738281,1319200
2023-09-22,115.26821971624855,115.62758513517625,113.66003410505994,113.73190307617188,749500
2023-09-25,113.25572896794058,114.33384570471064,113.07604627237332,113.65103912353516,707200
2023-09-26,113.53426520764125,115.58267158777872,113.20184462486861,115.36705780029297,1635500
2023-09-27,115.18736250393934,115.59165202026797,111.87215693954758,112.69871520996094,1371900
2023-09-28,113.22878321581685,113.59714167193309,111.60263211553742,111.95301818847656,1009900
2023-09-29,111.62959427215044,112.09677346159417,110.18312574167592,110.42570495605469,1380100
2023-10-02,110.26396929298099,110.60536914905725,108.36828742103201,109.12296295166016,1115800
2023-10-03,108.45814436281103,109.42844748839235,107.74838597582782,108.17963409423828,1040400
2023-10-04,107.9370681928561,108.38628189662343,106.7421580957653,108.09878540039062,1090200
2023-10-05,107.71245864037314,108.20659644391088,104.63983862871201,104.70272827148438,1252400
2023-10-06,104.30739851154983,104.65778457778556,100.36330357770203,103.31912994384766,1834200
2023-10-09,103.31015885803764,104.35233787216721,102.42071770250064,103.18437957763672,1263200
2023-10-10,104.18164825439453,104.61289645453081,102.869944975064,104.18164825439453,1364600
2023-10-11,104.49607081375311,104.93630509960634,102.47460950977106,103.0765609741211,982300
2023-10-12,102.9238250004098,103.08554218184092,99.26722631614783,100.20159149169922,1791200
2023-10-13,99.72543161191315,101.81876889352104,99.28520414836962,101.80079650878906,1082200
2023-10-16,102.47461838904488,102.50157011205368,100.70471546393041,101.2707290649414,1359100
2023-10-17,101.10002028085808,102.39375775184293,100.68674455639483,102.36680603027344,1021900
2023-10-18,102.57344456866143,104.10077511177535,102.27696191062411,103.1484375,999500
2023-10-19,102.86094737664853,103.27422314312682,101.18089258642581,102.25900268554688,1104000
2023-10-20,102.7531290323728,103.0675772050478,101.04611585355065,101.27970886230469,1135000
2023-10-23,101.16290462348249,102.2050834993537,100.51603592183217,100.64181518554688,1243600
2023-10-24,100.79455937530811,101.8367314623946,100.49807672595996,101.10002136230469,1165500
2023-10-25,101.23478152311212,103.39998760389562,101.01017471345438,102.86991882324219,1786900
2023-10-26,102.72616228669163,103.1304586375106,101.37852149287279,101.54922485351562,1823100
2023-10-27,101.29767608642578,102.23204128261801,100.75862108789923,101.29767608642578,1274000
2023-10-30,101.18088320113779,102.20508975663698,100.78557300271487,102.10626220703125,1117100
2023-10-31,102.4476580214727,102.79804409993454,101.47735494829102,102.2769546508789,1540500
2023-11-01,102.55547698589683,102.7441458951111,101.35158084756198,101.51329803466797,1179500
2023-11-02,101.79181840860085,103.24726628459287,101.13596344703737,102.48360443115234,1290900
2023-11-03,103.17539060769006,103.37304571570162,101.80978409104294,101.94454956054688,1124600
2023-11-06,101.80978052608873,102.41172516707799,101.05510489042273,101.37853240966797,2214300
2023-11-07,100.62384147705744,100.62384147705744,98.50355284043445,98.95276641845703,1716700
2023-11-08,99.24928076919635,99.27623249578518,96.42821914527451,97.34461212158203,1730500
2023-11-09,97.48834386574097,98.43168837571797,96.71569587407066,98.04536437988281,1251100
2023-11-10,97.9555368299873,98.1442057585724,96.83250259713051,97.69499206542969,932100
2023-11-13,97.36256144698568,98.53949892563688,97.03014090406212,97.20982360839844,1063400
2023-11-14,98.23402121821057,100.14767543314662,97.60512495545777,99.88713073730469,1564000
2023-11-15,99.8871431164188,100.70470835931913,99.54574322496512,100.53401184082031,1345500
2023-11-16,100.36167899651039,101.60429091049036,99.98979779129965,100.92402648925781,1455400
2023-11-17,101.54986191017545,101.59521563510057,99.88095001703543,101.30496978759766,1389100
2023-11-20,100.57935693259485,102.10314944112756,100.25282947219446,101.82197570800781,1385700
2023-11-21,102.01245579802409,102.17571953925356,100.95124494003636,101.75849151611328,1365300
2023-11-22,102.23014284003612,102.90133517371527,101.47731517225645,102.77435302734375,1305700
2023-11-24,102.81063082791336,103.34577578498548,102.4659660033638,102.73806762695312,462000
2023-11-27,102.81063750466407,102.81063750466407,100.31633439973395,100.76984405517578,1622000
2023-11-28,100.76983906634088,100.96031228179567,99.35489122581508,99.40023803710938,1181800
2023-11-29,99.10092712639423,99.33674715359031,98.13948199702796,98.4841537475586,1970300
2023-11-30,98.57484873427971,99.65420381640754,97.73132058606375,99.5272216796875,2081600
2023-12-01,99.63605403818923,101.17799077296748,99.35488031102682,101.06007385253906,1443900
2023-12-04,101.18707174145847,103.1371646368002,101.13265279740507,101.97618103027344,2329900
2023-12-05,105.0691107573554,107.37294057394901,103.85370823584972,105.32308197021484,3196100
2023-12-06,104.86048707889455,108.08040790904421,103.9262584384869,106.71987915039062,2338600
2023-12-07,107.0282723712809,110.7651942029047,106.24823525633026,109.80374908447266,2859400
2023-12-08,109.79468576803986,110.26633274521093,108.10762936660718,108.23461151123047,1515700
2023-12-11,108.84232132523148,110.211922472843,108.5883570160073,110.20285034179688,1652800
2023-12-12,110.42959081322772,113.48624809737152,109.86723640166197,113.09622955322266,2455200
2023-12-13,112.6427173602918,115.17330177437117,112.0077997643537,114.95561218261719,1952000
2023-12-14,115.59959286982873,116.03496512535109,113.31390755835623,113.70392608642578,2269500
2023-12-15,113.43183020583973,113.67672928937195,111.51801895012242,112.0985107421875,2497200
2023-12-18,112.1075751322167,112.89668435132482,111.00101056749294,112.38875579833984,1093600
2023-12-19,112.0350020313341,113.10528490196405,111.77197256821934,112.7606201171875,1033400
2023-12-20,111.26405645980373,112.39783059081178,110.15749180073858,110.95567321777344,1252700
2023-12-21,111.2096295932742,112.40689471352445,110.67448464315824,112.16200256347656,896200
2023-12-22,112.8331862898598,113.98509759256825,112.11664031415647,113.15971374511719,700500
2023-12-26,113.15972280248283,114.02138831615368,112.53387730981196,113.64044189453125,649600
2023-12-27,113.64045186537278,113.73115241371606,112.95111524194894,113.47718811035156,897800
2023-12-28,113.12345398025253,114.37513818697133,113.12345398025253,114.08489227294922,687700
2023-12-29,113.89439840308141,114.69257279201177,113.72206254410494,114.62908172607422,713700
2024-01-02,114.62002568851774,117.7583114788552,114.29349820327961,117.52249145507812,1153900
2024-01-03,118.22090169192938,119.15513053841788,117.55878142519867,117.72203826904297,1229200
2024-01-04,117.45899986252381,117.86715578130153,116.2345182661744,116.67896270751953,1255400
2024-01-05,116.52476352929624,118.28438307925457,115.79914536518766,116.18917083740234,801800
2024-01-08,115.92613640380301,117.22318122070413,115.92613640380301,117.02363586425781,854700
2024-01-09,116.71523069601623,119.15511469812863,115.96240997611459,119.01000213623047,1360700
2024-01-10,118.58369314601524,119.10976593374745,117.36827692055795,117.458984375,1089800
2024-01-11,117.0236093106104,118.00319160906693,115.09165417976449,115.35469055175781,1081200
2024-01-12,115.98961080512946,117.5769012977718,115.68122760404951,117.458984375,1387300
2024-01-16,117.31386738873717,117.57691072369819,116.08032756551957,116.24359130859375,1682400
2024-01-17,116.080333022098,118.6199829092901,115.7900871229901,118.5927734375,1317700
2024-01-18,118.06669786379183,118.37508109698838,116.57012158973764,117.27759552001953,1144600
2024-01-19,117.48620002643709,117.81272750359294,115.53610729342513,117.18688201904297,1041800
2024-01-22,116.74246524523636,117.13247691790835,115.56333733620032,116.77873992919922,905100
2024-01-23,117.44993243456364,119.10070033979353,115.9261328358739,119.03721618652344,1479700
2024-01-24,118.86487451197061,119.45443148366063,117.29573509746055,117.67668151855469,1294500
2024-01-25,118.1574063132005,119.46351630000433,117.6041239949021,119.31838989257812,844000
2024-01-26,119.82631232568258,120.38865982556358,118.91929308586666,119.44536590576172,1392600
2024-01-29,119.69932412727496,119.72653359589104,117.98505840438892,119.35465240478516,1478500
2024-01-30,119.25489307804213,120.66077575384526,118.50206540209572,120.57914733886719,927100
2024-01-31,120.78775670772445,121.05080005118643,118.93744345309634,119.31838989257812,1518000
2024-02-01,120.60634748592012,121.82174992612357,119.25488385792329,121.30475616455078,996600
2024-02-02,121.54057026936995,122.10291773285647,120.22539522475651,120.36144256591797,940800
2024-02-05,119.89886662800531,120.14376567978599,117.18687431980646,117.19595336914062,947300
2024-02-06,116.92384149488826,120.89657594527989,116.85127830236787,119.91700744628906,1533900
2024-02-07,120.50657528109406,121.40452929993046,119.11883696835649,119.38186645507812,1153700
2024-02-08,119.56327992883695,120.84216650747263,118.58369751285021,118.9011459350586,888300
2024-02-09,118.30251746350157,118.30251746350157,115.79914924545862,116.00776672363281,914300
2024-02-12,115.7265818429352,117.83993833901704,115.52704342236756,117.67668151855469,827000
2024-02-13,117.44993567220968,118.62904970558499,114.88306935890833,115.7538070678711,1334300
2024-02-14,115.2095774572785,116.05310560265805,112.79690994770301,113.60415649414062,1251100
2024-02-15,114.10727809963903,115.36050310427814,113.29314141852386,113.80541229248047,1412200
2024-02-16,113.31143851224066,114.28108286132044,112.19542906492211,113.51268005371094,1747800
2024-02-20,113.60416704459291,116.1472014233547,113.5218349282137,115.15010833740234,1127900
2024-02-21,114.98544759376811,115.45197762823092,113.6041635965684,115.33306121826172,1266500
2024-02-22,114.37256172027269,114.37256172027269,111.4087381638024,113.69564056396484,1484800
2024-02-23,113.55842551428216,116.31185797010237,112.9912712041279,115.18669891357422,1149100
2024-02-26,114.99459595403573,115.99168899929163,114.03410116263001,114.57380676269531,1426800
2024-02-27,113.98835168404091,116.02826450002331,109.46943078802208,112.18627166748047,3384500
2024-02-28,115.4977269367342,115.4977269367342,109.92682876346946,111.4453353881836,2924300
2024-02-29,111.80208153835636,112.04906391768625,109.76216160174565,109.92681884765625,2686800
2024-03-01,110.38421246657276,113.07361214394798,109.49689314558445,112.09481811523438,1779300
2024-03-04,111.40873944133074,111.98503634031408,110.32932121691344,111.56424713134766,1156500
2024-03-05,112.10395554625642,112.67110286021224,110.53970820344561,110.68607330322266,984300
2024-03-06,110.91475128751581,111.53678893472411,109.73470897241162,110.00914001464844,1456900
2024-03-07,110.35676129402681,110.35676129402681,107.4569707353175,107.52100372314453,1544000
2024-03-08,107.20997624731766,110.13721535732589,106.97214343479102,109.36881256103516,1190100
2024-03-11,109.52432280278504,111.756334595445,109.52432280278504,111.21662902832031,926900
2024-03-12,110.75009601893957,112.34177794651013,110.47566497184366,112.25945281982422,1362900
2024-03-13,112.50644438707104,113.65904510850876,112.46071052819292,113.1833724975586,1264200
2024-03-14,112.79002764670673,113.03701003180201,110.47567658652984,111.3447036743164,1175500
2024-03-15,110.52142000447658,112.17713512519916,110.26528804978716,111.66487121582031,1908400
2024-03-18,111.49105834588576,113.09188995486275,110.84157893058945,112.22286987304688,1228700
2024-03-19,112.56134474018441,114.50063360905892,112.56134474018441,114.29938507080078,801000
2024-03-20,114.72932324630408,116.71435294653938,112.46071986862731,112.90895080566406,998400
2024-03-21,112.69854490261233,113.85114563998907,112.0216237618358,113.37547302246094,673400
2024-03-22,113.77795841709069,114.22619628376128,113.09188774095973,113.86029052734375,661000
2024-03-25,114.25363868798465,114.34511338287658,111.7837800514714,113.09188842773438,1232100
2024-03-26,113.4577992263989,113.4577992263989,112.58877911771415,112.771728515625,890900
2024-03-27,113.25654929435997,115.07692858259895,113.25654929435997,115.00374603271484,761400
2024-03-28,115.52516626357313,116.31186127329201,114.86653723412732,115.1409683227539,1267500
2024-04-01,115.0311900044597,115.0311900044597,113.43950789810084,114.09813690185547,840800
2024-04-02,114.15302759864763,114.15302759864763,112.11310746977901,112.57048797607422,1307400
2024-04-03,112.27775326114673,112.42411835816372,109.31392983727214,109.33222198486328,1903300
2024-04-04,110.2561414026722,110.49398121506377,108.41746985205101,108.66445922851562,1374700
2024-04-05,108.3259894563886,108.63701180687636,107.01788102558027,107.22827911376953,738300
2024-04-08,107.0178831295712,108.01497620856695,106.02079702964775,106.05738830566406,1444700
2024-04-09,106.17630930862033,107.69481592312003,105.78296179828016,107.3655014038086,982600
2024-04-10,106.1671637369364,106.51477739765548,103.85281942962884,103.86196899414062,1340600
2024-04-11,104.26446094559154,104.81331614501198,102.36175640713296,102.48982238769531,1156700
2024-04-12,102.471515070824,102.70020530056337,100.17547018917256,100.2669448852539,1066500
2024-04-15,100.71518118280187,101.53846744983119,100.05655216917843,100.80665588378906,1371600
2024-04-16,101.16339777616876,101.42867925681291,100.34011860480507,100.60540008544922,1400600
2024-04-17,101.03533145227557,101.41038674464718,100.26693570069173,100.44074249267578,1222100
2024-04-18,101.02621281187447,102.05989028812412,100.61456615104825,101.62995147705078,1179600
2024-04-19,101.85862078382442,105.17005762310016,101.76714609326275,104.97795867919922,1396800
2024-04-22,104.70354709860283,107.59419531556853,104.70354709860283,107.44783020019531,1313600
2024-04-23,107.20998553157264,107.96008926627515,105.90187703310788,107.66736602783203,1109900
2024-04-24,106.67941931525604,108.89313903165893,106.02993990981908,108.44490814208984,1336000
2024-04-25,109.0852362770754,109.67983225217777,105.14261906925303,105.3621597290039,1445500
2024-04-26,105.2157984370749,105.95675953149079,103.91683959960938,103.91683959960938,1359500
2024-04-29,104.16382981398607,104.9779664849424,103.80707360891854,104.8773422241211,1511100
2024-04-30,104.7675566599869,105.18834580396393,104.1455190169184,105.0602798461914,1649500
2024-05-01,103.74303976976978,104.5480268706487,102.78253800767273,103.91683959960938,1254400
2024-05-02,104.5205825169305,105.00540467787641,103.13929160208836,103.23076629638672,849900
2024-05-03,103.23077286732607,104.17297553880951,102.73680111178604,103.46861267089844,1031300
2024-05-06,103.82536368168597,103.88939666646775,102.07816698695595,103.15758514404297,1061200
2024-05-07,103.88939192953262,104.51142960150972,102.92889022252905,103.31309509277344,799400
2024-05-08,103.49605456263185,104.0632088708818,102.91060810595486,103.36798858642578,897300
2024-05-09,103.36798665525363,103.77048370385151,102.18794420019616,103.7430419921875,929900
2024-05-10,103.73389058001288,105.682328843229,103.21247713047212,105.5085220336914,851000
2024-05-13,105.73720726537346,107.02702346217978,105.73720726537346,106.19458770751953,1150000
2024-05-14,106.55136256932872,107.3929410002807,104.50229293865546,105.38046264648438,1035100
2024-05-15,105.54511309765968,105.93846057488422,104.37422022938347,104.54802703857422,1166700
2024-05-16,104.92659779954396,106.87481309863095,104.16023675794145,106.8101806640625,950900
2024-05-17,107.10563258051475,107.13333118597367,105.9976460957202,106.37620544433594,1879600
2024-05-20,106.30233753171787,106.5331686358343,105.42518215383788,105.54521179199219,844400
2024-05-21,105.45288426072567,105.60984772607922,103.44003668421865,103.46773529052734,1196500
2024-05-22,102.98760980795014,103.68010314417002,101.26099055365555,103.24613952636719,1432100
2024-05-23,103.04300696638317,103.04300696638317,101.4918216122911,101.93502044677734,1158200
2024-05-24,102.08274438906831,102.31357549128266,100.93782409451882,101.35331726074219,838500
2024-05-28,101.10401920964455,101.88884352065558,99.81136367388206,100.1622314453125,981100
2024-05-29,99.7098008857744,99.9036981662001,98.16785081447978,99.22967529296875,1294000
2024-05-30,99.48821237309019,100.48540449867066,99.109645956295,99.6728744506836,1246500
2024-05-31,100.18069517835112,103.23689662036556,99.70056960053728,103.0799331665039,4014700
2024-06-03,102.9229812947914,103.92017342755094,102.4890176604753,102.79371643066406,1545300
2024-06-04,102.59057219851469,103.56929378494074,101.4733505465137,103.13533020019531,1740200
2024-06-05,102.32281886969788,102.96914318969039,101.28869291330311,101.87039184570312,1136600
2024-06-06,105.60061661857722,108.25055319975269,104.90812330248085,106.52394104003906,2323300
2024-06-07,106.0622902455021,108.54602841637953,105.76682668060783,106.16385650634766,1722100
2024-06-10,105.6744881266629,106.09922360345567,104.33567039510795,104.88966369628906,1484300
2024-06-11,104.40029154306794,104.77885793533355,102.8768048462147,104.3079605102539,1113300
2024-06-12,104.43723239843341,104.55726204473444,101.54722931472946,101.68572235107422,1071300
2024-06-13,101.63955679574084,102.78447713735412,100.49462940972109,102.45207977294922,1135600
2024-06-14,102.33205042510664,103.68010327599997,102.08274887888285,103.02454376220703,1098200
2024-06-17,102.70138157837579,103.91093435255083,101.97195441821934,103.57853698730469,1165600
2024-06-18,103.45851864143977,104.52033623837471,103.23691567747471,103.73551177978516,945000
2024-06-20,103.00607268856251,103.51390395037785,101.15942380109796,101.28868865966797,1022600
2024-06-21,101.69495352602065,102.85834429592006,100.2915034730613,100.36536407470703,2017800
2024-06-24,100.82702700971869,103.73550043285425,100.36536478523388,103.28307342529297,1411500
2024-06-25,102.02734711189612,102.3597444624195,99.77443330155015,99.7836685180664,1081800
2024-06-26,98.80495462328888,99.95911022382685,97.58616659089705,99.43281555175781,1081600
2024-06-27,99.74675010962564,100.71624370586275,99.16505817852774,100.3192138671875,810800
2024-06-28,100.31920243062122,100.83626186598477,99.91293742031759,100.6792984008789,1522300
2024-07-01,101.02093505387856,102.83065019500643,100.7346996739873,102.03659057617188,1419700
2024-07-02,102.71061347112904,102.89528259429154,101.37179578913296,102.16585540771484,1168900
2024-07-03,101.88885132374165,102.18431486502328,100.14376868235843,100.75316619873047,646200
2024-07-05,100.58697114830272,101.59339145061665,100.21763994726388,101.46412658691406,896100
2024-07-08,101.47336936260419,102.2674290384425,101.13173674342487,101.42720031738281,1687200
2024-07-09,100.98400115966797,101.55645783024264,100.07914006752401,100.98400115966797,761300
2024-07-10,101.00246454977399,101.63956069673665,100.30073597083012,100.98400115966797,840700
2024-07-11,101.93502796348554,103.63394169141357,101.15020353385775,102.6182861328125,1143300
2024-07-12,103.48621389461412,105.702194151546,103.48621389461412,104.48340606689453,1097800
2024-07-15,105.1943551026484,107.7888945586696,104.70499427017245,107.45649719238281,1298700
2024-07-16,107.56729145455867,108.70298355400384,106.58856985519066,108.49061584472656,895300
2024-07-17,108.94304749389566,112.38705071640597,108.70298821413296,111.93462371826172,1096100
2024-07-18,110.94667021940991,113.85513662566227,110.90050117876193,111.22366333007812,795500
2024-07-19,111.371394307892,111.371394307892,108.43522236441238,108.94304656982422,1243000
2024-07-22,108.7399142059138,109.76480487907871,106.93943439868157,107.31800079345703,667500
2024-07-23,107.050239146582,107.35493086178667,105.60984821224119,106.27464294433594,797500
2024-07-24,106.46854047850081,108.36135842593178,105.60984845497256,107.8258285522461,843000
2024-07-25,108.31519690677985,110.37421368059229,106.91174673954964,107.16104125976562,731700
2024-07-26,107.1148760244886,109.31238577402831,107.1148760244886,109.12772369384766,755000
2024-07-29,108.68452851236003,109.79252216411027,107.9827999040256,108.98922729492188,874000
2024-07-30,107.8443067814116,110.47578025520484,107.8443067814116,109.83868408203125,1119800
2024-07-31,109.31237767046674,109.95870194759243,108.038192505102,108.90611267089844,3586500
2024-08-01,109.13695168989716,110.91896823393894,108.47216397568013,110.78970336914062,766900
2024-08-02,112.02695857454361,113.21804797488942,110.15261104530408,113.0149154663086,1723100
2024-08-05,114.04903382760247,114.77846099395168,110.4296036468676,111.61145782470703,1439600
2024-08-06,111.8884543358969,112.96874222473534,109.71864334151704,109.79251098632812,881800
2024-08-07,109.82944162849104,112.02695835029573,109.02615385722868,110.31880950927734,1383400
2024-08-08,109.66323880030764,111.46372565475896,108.90611305398022,109.09078216552734,644500
2024-08-09,108.89688094690037,109.5524404192909,107.70579163698311,109.37700653076172,616400
2024-08-12,109.25699961678579,109.34933066622096,107.61348298585408,108.37983703613281,1730300
2024-08-13,108.37981426570242,109.86636709583115,107.89968868286864,109.26620483398438,900400
2024-08-14,109.7278712908858,111.08515932280514,109.34007672302494,110.53116607666016,664300
2024-08-15,111.01131394626027,111.43604239469744,109.73712155654147,110.32804870605469,754400
2024-08-16,110.25350291242249,111.1945612288075,109.55469343127014,110.70073699951172,929400
2024-08-19,110.989567684891,113.22575202736341,110.989567684891,112.676025390625,880000
2024-08-20,112.54559707345776,113.80345271686048,112.54559707345776,113.28167724609375,641400
2024-08-21,113.62640961306721,114.8097308864104,112.2940126922893,112.71330261230469,624300
2024-08-22,113.15122977593542,113.26303473973576,111.71634016835277,112.78784942626953,696100
2024-08-23,113.03008850464649,113.78480748849047,112.74124956153175,113.71026611328125,579800
2024-08-26,113.97116594554969,114.22273422782925,112.42447134298665,113.07669067382812,974200
2024-08-27,113.07669435437047,113.85004523515263,111.87474116956221,112.46173858642578,1686400
2024-08-28,105.22206263936667,108.20364661549183,105.00775795889975,106.89920806884766,3063900
2024-08-29,106.68492293802021,106.8433180607585,105.11958928654833,106.02338409423828,1466800
2024-08-30,106.11654285189601,107.61665436015439,105.89292582027298,106.85262298583984,1143000
2024-09-03,106.68490506852287,110.92435173785276,106.68490506852287,110.63550567626953,1557900
2024-09-04,110.94298133978238,113.1698534181182,110.73799610936538,112.30332946777344,1353300
2024-09-05,113.13260205091561,113.52393368018552,112.25676561045316,112.91830444335938,984800
2024-09-06,112.75058572190554,113.99912195275601,111.98655428441222,112.06108856201172,1110900
2024-09-09,112.07971887841344,113.0300966001003,111.39954122106292,111.97722625732422,728600
2024-09-10,112.07040027252333,112.83443165725024,110.33735225934761,110.84981536865234,856900
2024-09-11,110.69142488821227,111.12933952603943,108.93973790227298,109.47083282470703,1459700
2024-09-12,109.25652524348958,110.001917691603,108.5949865134679,109.92738342285156,778900
2024-09-13,109.8714773355505,112.66671509949964,109.52673589420405,112.4990005493164,648400
2024-09-16,113.39348701322248,114.37182317097917,112.30334588337334,112.62945556640625,696100
2024-09-17,112.27537911322739,113.46801270833133,111.38090391689943,111.53929901123047,871900
2024-09-18,111.05480646726451,113.34690074228611,111.05480646726451,112.25675964355469,990100
2024-09-19,111.80018742831597,112.37787243963365,111.03615608233166,111.15728759765625,896100
2024-09-20,111.44612716472768,111.71633432754706,110.04850832103524,110.63550567626953,2338100
2024-09-23,110.47711162632581,111.1479698150366,109.78762164733175,110.859130859375,1027400
2024-09-24,110.84981420390083,111.49272116906283,109.13539799968795,109.41492462158203,992800
2024-09-25,110.18827848732661,111.17592692358883,109.98329324010446,110.16963958740234,746100
2024-09-26,109.79692733729547,112.12629195774377,109.79692733729547,111.6883773803711,625400
2024-09-27,112.12630814183325,114.2693267454274,111.30637423620422,112.88102722167969,772700
2024-09-30,113.71959743784477,113.82209006229634,111.82814716483875,112.83443450927734,773100
2024-10-01,112.89964947681834,113.43074435772955,111.81882792472584,112.93692016601562,769500
2024-10-02,112.18221508871653,112.36856143739136,110.48643772460841,110.99889373779297,634000
2024-10-03,110.31871974588758,110.63550995054129,108.28751333023503,109.27516174316406,741000
2024-10-04,108.6881650260033,109.47082820131102,108.02662626344825,109.37765502929688,733300
2024-10-07,109.21926847385122,109.59196829973385,108.07321775327725,108.25025177001953,805800
2024-10-08,108.31547141662139,109.04223215196703,107.47689860327729,108.80929565429688,733700
2024-10-09,109.17267498639832,109.82490143888263,108.3806923235638,109.20994567871094,404200
2024-10-10,109.64786897686874,109.94602741092493,108.44591579026968,109.03291320800781,495900
2024-10-11,109.36834072131782,109.77831122784319,108.60430930102997,108.84656524658203,606400
2024-10-14,109.10744693528316,110.42121210818495,108.66021286991975,110.14168548583984,571900
2024-10-15,110.69140917935387,113.74753441218533,110.30007052205197,112.3126449584961,797600
2024-10-16,111.6790683320949,113.49597006178927,111.3809099172564,113.30962371826172,693600
2024-10-17,112.95556559634788,113.10464125309984,111.88405632310422,112.97419738769531,695100
2024-10-18,112.97419893083185,113.61710592529114,112.1449455857229,113.42144012451172,920600
2024-10-21,113.38416035076075,113.48665296800586,111.65111241563429,111.7442855834961,595500
2024-10-22,111.80952259953767,111.80952259953767,108.45523834328314,109.66650390625,958800
2024-10-23,109.03291632717297,109.91807931294744,108.31547501830212,109.66650390625,471200
2024-10-24,109.973978361029,110.7100585481673,109.01428112610749,109.05155181884766,577100
2024-10-25,108.54839423494631,109.38696694261289,108.11047253712839,108.14774322509766,418500
2024-10-28,108.90246136001207,109.52673653351746,107.4955301288452,107.57938385009766,643100
2024-10-29,106.89922765775772,108.03595186975454,105.98611339912487,106.02338409423828,738500
2024-10-30,105.70657138488131,106.2469857225363,105.06367153637457,106.14449310302734,875100
2024-10-31,106.2097234132142,107.28123272348147,105.48296267837524,105.76248931884766,1286500
2024-11-01,106.35880396756566,106.35880396756566,104.82142169431748,105.21275329589844,766800
2024-11-04,105.22206218303404,107.11350517612212,105.06366709000804,105.93019104003906,1012000
2024-11-05,105.75315499948543,108.45521941239306,105.75315499948543,108.4458999633789,955200
2024-11-06,109.5453793750232,110.03920362863448,107.6259848470524,107.72847747802734,1314500
2024-11-07,107.50484084865575,108.31546235182469,106.53582424640486,107.39303588867188,995200
2024-11-08,107.61665850089035,107.79369250825964,106.57310046540137,107.570068359375,894300
2024-11-11,107.77504501112448,108.29682754157587,105.46431919290035,105.8929214477539,1145100
2024-11-12,106.31221869045008,106.75945990462107,104.16920712516264,104.33692169189453,1115300
2024-11-13,104.35554271543643,104.56984740417909,102.43614840097638,103.44242858886719,1833700
2024-11-14,103.76855728657218,105.0729960336804,103.1256502550274,103.19087219238281,1131800
2024-11-15,103.0591227597194,103.37903977783094,99.91644863902228,100.60331726074219,1901200
2024-11-18,100.88560111029723,104.30114346032929,100.88560111029723,103.94359588623047,1572400
2024-11-19,104.06591096783174,105.76898367437049,103.30376689025744,105.29852294921875,1092100
2024-11-20,105.20443562720823,106.58759144665393,104.76220135256513,105.45848846435547,888200
2024-11-21,105.43966430719505,107.21800542380211,104.3011501178466,107.16155242919922,1050200
2024-11-22,107.21800038809828,107.76373657249998,106.10771274819813,106.60640716552734,1263000
2024-11-25,107.46264144855486,108.0460153509028,106.21121415635393,106.90750122070312,3044300
2024-11-26,112.91058265476255,118.01037558179057,111.55565336573372,112.9952621459961,3914000
2024-11-27,113.19285452965512,113.625677539893,110.72763771969741,111.02873229980469,1710700
2024-11-29,111.05696539406782,111.64033931835412,110.6711913053799,110.83114624023438,1000900
2024-12-02,110.94405891613792,113.36222691462353,110.3983227163461,112.51539611816406,1364600
2024-12-03,112.54361714079216,112.57184363619098,109.93726065949956,110.36067962646484,1279500
2024-12-04,109.61734664811573,110.52063035991412,107.17095236466248,108.6199722290039,1439200
2024-12-05,108.4411913090163,109.93725288869382,108.4411913090163,109.77729797363281,853100
2024-12-06,109.89963659370315,110.25718418759092,109.34448916305841,109.57971954345703,1103500
2024-12-09,109.57030577939979,112.43070800020907,109.57030577939979,110.86878204345703,1427800
2024-12-10,111.33924103177496,111.33924103177496,108.03660460973067,108.20597076416016,1193600
2024-12-11,107.81078396992095,108.29064875193943,106.51230774439509,106.55935668945312,1449000
2024-12-12,106.86046447821569,107.88607274219545,106.10772433623676,106.81341552734375,1260600
2024-12-13,107.28386445859063,107.80137414631069,106.49349385770313,106.82281494140625,1083600
2024-12-16,106.83223650136014,107.9707507458244,106.10772286846168,106.11713409423828,1773900
2024-12-17,105.38321245466716,108.21538829941161,105.22325751578441,107.7919692993164,1517000
2024-12-18,106.29589617177466,106.89808531877806,103.64249799945935,103.7177734375,1212700
2024-12-19,103.00267202755752,104.08473312813686,102.14643006439948,102.53221130371094,1111300
2024-12-20,102.13702636755583,104.00004682030404,102.13702636755583,103.39785766601562,1989500
2024-12-23,102.87095162574806,104.79983643682503,102.87095162574806,104.6304702758789,1066800
2024-12-24,104.40464641878033,105.21383946478365,103.74600425513167,104.94097137451172,370600
2024-12-26,104.4422951023991,105.40203195283692,104.10356276020647,104.36701965332031,705200
2024-12-27,103.61427133666503,105.04446876381131,103.61427133666503,104.08473205566406,513700
2024-12-30,103.74600538270643,103.97182453003157,102.56044229659223,103.3884506225586,775900
2024-12-31,103.28495242469292,104.1506056816658,102.93681605551417,103.6142807006836,574200
2025-01-02,104.07534097907082,105.6749048618607,103.54842716895881,104.79044342041016,1059900
2025-01-03,104.90333365392306,105.71252669992637,104.09414060791974,104.94097137451172,689800
2025-01-06,104.47992068150977,105.01624563119185,102.4193003691549,102.71099090576172,1350400
2025-01-07,103.09676027850357,103.5201720484059,101.01732479012003,101.1208267211914,833600
2025-01-08,100.34928037002824,100.81032989941049,98.10988258427729,99.20135498046875,1309700
2025-01-10,98.42038675602187,98.89084750263638,94.81665571407606,94.93898010253906,1405500
2025-01-13,95.5788090327603,96.5950059898847,94.92957089148726,96.13394927978516,989600
2025-01-14,96.01162995384463,96.53854369246042,95.03307074022867,95.88931274414062,747800
2025-01-15,96.53854702257512,97.23482694100161,94.38383586903511,94.58142852783203,1235200
2025-01-16,94.09213740082588,96.59499170144483,93.91336004259298,96.4820785522461,820500
2025-01-17,96.88667938906536,97.61118572103608,95.77639183063832,96.105712890625,955800
2025-01-21,96.57617841495693,98.56152327673341,96.57617841495693,97.32891845703125,900800
2025-01-22,97.0372342671133,97.46065326046502,95.8893160369471,96.1151351928711,838700
2025-01-23,95.92694412936329,96.67968420142286,95.2965284467437,96.45386505126953,714700
2025-01-24,96.11513439619561,98.11929464306482,96.11513439619561,97.58296966552734,901400
2025-01-27,99.3518910426115,102.53221009259123,99.28602682919741,100.95146179199219,1052900
2025-01-28,100.46218371352859,101.71361101044441,99.03198621609707,99.10726165771484,942000
2025-01-29,99.3518988370375,100.83855654634313,99.3518988370375,99.6341781616211,769300
2025-01-30,100.7162414400785,102.56044677757532,100.26459594703405,101.41252136230469,853000
2025-01-31,100.47159419357925,101.76065920174787,99.7188613189654,100.5750961303711,1349900
2025-02-03,99.93526164616003,100.52803954748185,98.46742655031896,99.624755859375,810600
2025-02-04,99.68123387987723,99.96350604497394,97.20660554509075,98.48625946044922,837600
2025-02-05,98.14751413213989,98.46743115797779,97.35714356005973,97.86524200439453,793100
2025-02-06,99.09785217425745,99.09785217425745,96.7267331509207,97.10309600830078,1350900
2025-02-07,97.62060951535024,97.62060951535024,96.30331792712163,97.17837524414062,1062600
2025-02-10,97.07487192842206,98.09106889743249,96.00222196513154,96.9149169921875,1255000
2025-02-11,96.81141323771165,98.43921060270586,95.7199480229829,98.1851577758789,1026100
2025-02-12,97.48888950218897,97.94993908539458,95.92695616915854,97.74293518066406,1333400
2025-02-13,97.72410596773882,99.2954431241886,96.96196186236187,98.95671081542969,1094400
2025-02-14,98.21517314609706,99.9834461720829,96.79865585216875,96.99829864501953,1135400
2025-02-18,95.63882360290073,96.5990166208991,93.89906987558584,95.45819854736328,2123700
2025-02-19,95.68635926406002,98.02504135663392,95.1159502359203,97.9394760131836,1683200
2025-02-20,97.91096880492411,102.17003743318931,97.73034372969512,102.0084228515625,1933600
2025-02-21,102.07496451097269,105.39285031682907,101.8182757168566,104.58477020263672,1759600
2025-02-24,104.55624861063558,107.17063008820371,103.61506605644692,105.4879150390625,1422300
2025-02-25,106.02029236811488,107.31322338201886,105.72558260497973,106.92344665527344,1059800
2025-02-26,106.44810782245443,106.58120302618673,102.93057203670841,103.77668762207031,1775500
2025-02-27,99.41304857644704,105.36433382340056,98.44335386361448,103.75767517089844,2511900
2025-02-28,105.25024789841378,107.79808186842722,104.00485390574373,105.0791244506836,2072500
2025-03-03,104.68933794103569,107.53188142991931,104.35659269640746,106.56217956542969,1459200
2025-03-04,107.18013474116307,109.24312496878585,104.31858051971749,104.42314910888672,1730200
2025-03-05,103.7481687831016,105.7826324820002,103.21578792825568,103.98583984375,1259800
2025-03-06,104.2330187610748,107.14211019403096,103.32036276746395,105.99178314208984,1163700
2025-03-07,105.65903400297961,114.4243428731947,105.65903400297961,111.59130096435547,2432100
2025-03-10,112.19024512710912,115.48912048084944,111.04941972856959,111.32511901855469,1932100
2025-03-11,110.88780898162443,111.2205470144201,108.1403321130264,108.62518310546875,1595200
2025-03-12,106.4195923566583,107.20865473536692,104.92701844313953,105.5544662475586,1191700
2025-03-13,106.36254395182777,108.05476789289683,105.5069339882847,106.24846649169922,1300700
2025-03-14,105.3072929103756,106.70479994132741,104.75590154871152,106.05833435058594,720100
2025-03-17,106.1819191587666,107.82659874038745,105.71607868490868,106.35304260253906,1210000
2025-03-18,106.25796897932177,106.60972474159608,105.06011211931806,105.40235900878906,1249600
2025-03-19,104.52772115817831,104.9840527492757,103.30134496671478,104.72737121582031,1292600
2025-03-20,104.80342956826487,105.24074345238316,103.68162186443269,103.95732116699219,1185300
2025-03-21,103.79569413315554,105.5639672042299,103.67210780675687,104.29004669189453,2326900
2025-03-24,104.59426588326342,106.46711479942054,103.97632699482709,106.23895263671875,1427200
2025-03-25,106.14388887694119,106.42908977564014,104.73687311600143,105.85868072509766,885200
2025-03-26,106.001270799313,109.17655202156824,105.91571271694806,108.83431243896484,1223200
2025-03-27,109.33818785921356,111.25856668133514,108.86284577666277,110.9733657836914,1291500
2025-03-28,111.28708425707717,111.95256751383876,110.03218146943881,110.58358001708984,1224000
2025-03-31,111.20153093814314,113.89196893837229,111.14449220771185,112.57051849365234,1761000
2025-04-01,113.20746738804009,113.35957307646188,111.0684281059911,112.67507934570312,1147100
2025-04-02,112.87474107127389,113.23599846514765,111.00189199008186,112.6085433959961,1025600
2025-04-03,113.13141271020248,114.8046188282254,111.62933002758129,112.48494720458984,1623500
2025-04-04,112.95078836872109,113.17895780077865,109.30016449353883,109.48079681396484,1550800
2025-04-07,106.79986660211051,109.73748474581646,105.45940556318969,107.45584106445312,1994100
2025-04-08,109.11002058936562,110.20330885142492,103.8622470858836,104.74638366699219,2272300
2025-04-09,103.41541881220134,109.57585518452917,102.79747267521232,109.40473175048828,1555100
2025-04-10,108.98644076990503,109.90860564385602,106.53367368822727,108.7297592163086,1439900
2025-04-11,109.0624923045096,111.23005111444171,108.19736620322111,110.22232818603516,1126200
2025-04-14,110.27936150445704,112.93177115584675,110.10823806716917,112.08566284179688,1206600
2025-04-15,112.19974624136582,112.65607784935453,110.27936734620359,110.53604888916016,951200
2025-04-16,111.60081462297175,112.06664783742373,108.66320400636413,109.17656707763672,1044600
2025-04-17,109.44275959277475,111.15398667388814,109.4332507205999,110.69766235351562,1189100
2025-04-21,110.7357018757247,111.03041166488438,109.28114891677929,110.1843032836914,828900
2025-04-22,110.34591771173888,112.02862559869831,109.8515651060953,111.92405700683594,1218800
2025-04-23,112.72261796046313,112.77965668774094,110.69766335751265,111.80045318603516,731300
2025-04-24,111.47723118968854,111.47723118968854,108.98643597753238,109.98465728759766,1115300
2025-04-25,110.279371694914,110.35542817476878,107.68400053174467,109.54734802246094,788700
2025-04-28,109.50931684511369,110.03218881051346,107.69350651629927,108.39701080322266,920700
2025-04-29,108.09279368375911,109.84205643267185,106.6002197378385,109.60438537597656,715400
2025-04-30,110.74520057394062,111.0208998626835,108.36849007078968,110.53604888916016,1578300
2025-05-01,109.11953299242175,109.5568468607649,107.98821645602958,108.15933990478516,819200
2025-05-02,109.0244607986692,109.3857181717824,107.77906685819839,109.10051727294922,731400
2025-05-05,108.50158675626103,108.9198901315183,107.42731620533982,108.29244232177734,713400
2025-05-06,108.02624485035675,108.75827575842037,106.91394605841822,107.92166900634766,910200
2025-05-07,107.9596933731296,108.04525872113392,106.41008076779954,106.72380828857422,1213100
2025-05-08,106.5526819678385,107.64597019809932,106.31501092878807,106.49563598632812,1619000
2025-05-09,106.41958939251377,107.98821248644244,105.92522955732785,106.03931427001953,1086000
2025-05-12,105.88721159513936,107.13261292349134,105.46891544763413,106.95198059082031,1328400
2025-05-13,107.21816667345148,107.25619491316174,105.00307066905847,105.99178314208984,924500
2025-05-14,105.52593001148145,105.6400147091121,103.97631761433648,104.82242584228516,1174800
2025-05-15,105.44988715724715,107.19914981431623,105.0410926710689,107.09457397460938,929100
2025-05-16,107.13297631936494,109.07194461381327,106.8354137271038,108.93756103515625,929800
2025-05-19,109.00475388446316,109.24472560916362,108.31363414558889,108.88957214355469,796100
2025-05-20,109.20633004548176,110.97252576021623,108.87037109313866,110.33899688720703,1128200
2025-05-21,110.33899195537683,110.559769156109,107.9776711515661,108.01606750488281,896400
2025-05-22,107.51692064777991,107.81448320712879,106.09628498622227,107.49771881103516,1115600
2025-05-23,107.54572006912771,108.26563518330786,106.26906884237633,108.12165069580078,683100
2025-05-27,108.6304005799505,109.53269662491158,107.84329360137465,109.35991668701172,1081000
2025-05-28,109.14872499095873,109.42709303625706,105.8659139574762,106.49943542480469,1247600
2025-05-29,106.20187854476997,108.06406134299277,106.06749497411012,107.9584732055664,815800
2025-05-30,108.17924366100752,108.74558070329878,107.60331302315677,108.09285736083984,1464500
2025-06-02,108.07366159891951,108.17924974285312,106.00991064087637,107.50733184814453,811900
2025-06-03,107.07537699686053,108.24643275794833,105.78912485836643,107.98726654052734,787800
2025-06-04,108.34243396436536,108.69758742033741,107.4017416067881,107.53612518310547,895300
2025-06-05,107.05618083095854,107.56491969743045,106.13469031979808,106.5858383178711,917400
2025-06-06,106.86419679143894,107.8816744330176,105.80832279992367,106.43224334716797,1532500
2025-06-09,106.54743993053943,107.44973590946098,105.88511566317314,107.36334228515625,2048300
2025-06-10,100.78811496990426,101.65201456288875,90.16216828458285,90.62291717529297,13930100
2025-06-11,91.19884976768577,92.59068274182603,90.22936201885854,92.02435302734375,6804100
2025-06-12,92.1491324453294,93.51216993847801,91.03566024640456,93.46417999267578,3788600
2025-06-13,93.56977401205745,94.27048731635935,91.76518203453965,91.88037109375,2926400
2025-06-16,92.34110668991951,92.96503457093688,90.498125802317,91.53480529785156,2105100
2025-06-17,91.20844273545246,91.89956242002414,90.565320321392,90.70930480957031,1600500
2025-06-18,90.54612774247579,92.42750507771264,89.55744546499803,92.1107406616211,2258200
2025-06-20,92.05314969381801,93.74255258777045,91.83237249768653,93.04183197021484,3510800
2025-06-23,93.20501168159144,94.64484195676542,92.39871024270464,93.42578887939453,2012200
2025-06-24,93.33939467231416,93.94412807106129,92.57148959102628,93.2914047241211,2128700
2025-06-25,92.48509717705439,92.61948075112203,91.5732075925446,91.88037109375,2336900
2025-06-26,92.06274606829757,93.32979634537772,91.80357253244308,92.28351593017578,2025200
2025-06-27,92.41790374045888,92.43710557832897,91.26604246233703,91.79397583007812,2760200
2025-06-30,91.7459808226081,94.55844940033472,91.42921642541877,94.26087951660156,2279300
2025-07-01,94.45286247658889,99.67464168273214,94.38567069359998,98.82034301757812,3111000
2025-07-02,98.50359740064799,100.74972925620621,98.23482291406518,100.62494659423828,2883800
2025-07-03,100.72093168893308,100.78812347831773,99.28110135352854,99.905029296875,1095200
2025-07-07,99.9434121924511,100.16418204640401,98.66676104270671,99.3770751953125,2071000
2025-07-08,98.84915363644784,99.77064415789378,97.97565306475143,99.31949615478516,1743200
2025-07-09,101.19126011805264,101.20086103615749,98.79154322667392,99.99140167236328,2080200
2025-07-10,98.37879396820854,100.61533192177122,96.70859302262517,100.46175384521484,2796600
2025-07-11,99.78982691871667,101.13366985045695,98.99311914849184,100.5577392578125,1942700
2025-07-14,100.37536679417371,100.53854579973957,99.4154799519904,100.50975036621094,2701500
2025-07-15,100.38496175318329,101.49842661586362,99.62665031407752,100.1641845703125,1945300
2025-07-16,99.97221448261638,103.29342202476516,99.91461629312289,103.28382110595703,2226500
2025-07-17,103.33181870865776,104.67566173525714,102.78468350852117,104.53167724609375,2171600
2025-07-18,103.99413467945172,104.39729271005088,101.44083954355176,101.9015884399414,2281600
2025-07-21,102.2663407518655,102.65029693729142,100.81690963047639,100.9992904663086,2510300
2025-07-22,101.39284591333714,105.05961340853155,101.39284591333714,104.95402526855469,1580600
2025-07-23,104.94443425253267,105.72194028115152,103.98454737340593,104.74285888671875,1675800
2025-07-24,104.97322418064196,105.90431557629003,103.95574648561475,104.2821044921875,2028200
2025-07-25,104.33010112950976,104.83883997393445,103.53339330885903,104.64685821533203,1840900
2025-07-28,104.06133804655316,105.55875920523688,103.23583476077738,104.3396987915039,1508200
2025-07-29,105.36678000894368,107.43053827371615,104.84844753626197,107.30575561523438,1672900
2025-07-30,107.32494041194064,107.63210389399734,104.11892202568356,104.72364807128906,1911200
2025-07-31,104.36849777721693,104.36849777721693,102.62150404743439,103.03424835205078,2565700
2025-08-01,103.95575026324768,104.18612105998547,102.73668984532588,103.90775299072266,1593000
2025-08-04,103.98454120720815,105.7315349306893,103.66777679827482,105.57794952392578,1640300
2025-08-05,105.0788077471612,105.9619018336173,104.90602783256283,105.2035903930664,1010500
2025-08-06,105.37637877113536,105.65474684053224,104.43569374537887,104.65646362304688,1067200
2025-08-07,105.04041073993078,106.7586089567588,104.3684929225589,106.49943542480469,1045000
2025-08-08,106.6434256245854,107.15216447406642,105.63554884448773,106.27867126464844,1278100
2025-08-11,106.63382558387642,107.06577905606581,105.76993328620843,106.4802474975586,1234400
2025-08-12,106.79700738618311,107.41133435212859,106.14428406944667,106.90259552001953,905400
2025-08-13,106.87379767509914,108.83196771528344,106.7490150218112,108.47681427001953,1233500
2025-08-14,108.40001688262231,108.40001688262231,106.23067065876582,106.96978759765625,1300100
2025-08-15,107.3187883583002,107.97801880858522,106.71773030410952,107.37696075439453,1692900
2025-08-18,107.60962393320574,108.30763348808243,106.85344938087694,108.06526947021484,2111500
2025-08-19,108.85053326038421,109.54854285847583,107.54176896214412,108.59847259521484,2282700
2025-08-20,110.01388180092084,110.88638637635654,108.76328254073644,109.59701538085938,2347700
2025-08-21,109.31587735388433,109.95571456565682,108.86992841322751,109.509765625,1580800
2025-08-22,109.94601629444365,111.2353872444959,109.69395564561628,109.74242401123047,2387300
2025-08-25,109.2964776136272,109.8781497888762,107.50298532479154,108.14282989501953,2300300
2025-08-26,107.63871354512156,108.42397064806929,106.32994924142089,107.20246124267578,4453600
2025-08-27,97.18797808261984,103.4894429957074,97.18797808261984,102.44242858886719,6867500
2025-08-28,102.58784568417236,103.82874832663249,101.28877804171042,103.46035766601562,3495000
2025-08-29,104.16806444288387,107.35757618899292,103.75119798618601,107.13460540771484,2887800
2025-09-02,107.08612190710704,108.29794205461147,104.83698400919337,106.01002502441406,1967200
2025-09-03,105.97124088399264,108.64694171421208,105.86460012434297,108.62755584716797,2230900
2025-09-04,108.90869140625,109.28678607838678,108.1234343560061,108.90869140625,1546200
2025-09-05,109.23832262111982,110.6246452539031,108.57909212308937,109.07351684570312,1426200
2025-09-08,108.3754981355392,108.3754981355392,106.58200583264208,108.18160247802734,1738900
2025-09-09,108.20099155818917,108.62755459185844,106.96008898354705,107.46420288085938,1006200
2025-09-10,106.79528451139564,107.0182552661378,105.02117812335199,106.66925048828125,1029000
2025-09-11,107.25092930576594,107.8616914030842,106.26208730473937,107.47390747070312,1674600
2025-09-12,105.85491337540105,106.61108794605093,104.50736999511719,104.50736999511719,1576700
2025-09-15,104.54614006608635,104.54614006608635,99.10749826458601,99.1171875,2718400
2025-09-16,99.36924780403126,101.60868897307135,99.29168954281322,101.34693908691406,1905000
2025-09-17,101.3857201189792,103.15012991478474,101.3857201189792,101.97708892822266,3498200
2025-09-18,101.71533263987143,103.82874724209937,100.78465566774764,103.42157745361328,3966700
2025-09-19,103.91600392652072,106.05850106532995,103.41188260188135,105.45743560791016,4699800
2025-09-22,105.6707140528673,105.70949318411998,104.11958578457487,104.77881622314453,2734400
2025-09-23,104.11959154748375,105.48652086707474,103.27616203787166,104.7109603881836,3808600
2025-09-24,104.79820748716082,107.52238427612991,104.7400424854681,106.95040130615234,2592500
2025-09-25,107.56116017327216,107.60963594079998,104.28440094875674,104.56554412841797,1652800
2025-09-26,105.02118697199195,106.27178629862098,104.8660704370472,105.87430572509766,1715600
2025-09-29,105.79673951481922,105.79673951481922,103.44096094084367,104.17774963378906,1814800
2025-09-30,104.20683162978271,105.93246226316026,103.86752348215728,105.28292846679688,1834200
2025-10-01,105.44773970319143,105.5931596015469,103.54760658140613,105.20537567138672,1320500
2025-10-02,104.6430932567024,105.52529445700624,103.94508368491388,104.50736999511719,1584500
2025-10-03,104.70125616603704,105.58346474509764,104.44919551539645,104.99209594726562,1140800
2025-10-06,104.65278533067632,104.86606686077002,103.50882681174369,103.77058410644531,1759400
2025-10-07,104.00324988405512,105.83552133296432,102.9077671467995,104.83698272705078,1238300
2025-10-08,104.30378152770994,104.70126209145968,101.92861696658788,102.6847915649414,849700
2025-10-09,102.64600675691146,102.75264751707682,101.44388329256716,101.90922546386719,773300
2025-10-10,102.45212397551406,103.07257530616478,101.35664121278835,101.55052947998047,1113500
2025-10-13,101.01732374335138,101.99647648581978,97.61453812128893,98.39009857177734,1364600
2025-10-14,98.50643754595816,99.43711453927322,97.68240131820285,99.29169464111328,1707800
2025-10-15,98.75850410495757,100.44535579376314,98.57430506320186,100.35810089111328,1114500
2025-10-16,100.49381849429126,103.31493177616979,100.47442523117358,100.71678924560547,1488800
2025-10-17,101.07548979649609,102.55875636888122,100.50350688115621,102.08372497558594,1421700
2025-10-20,102.0061758415183,102.61693054467622,101.14336047194901,102.14189910888672,1244800
2025-10-21,102.27761356117986,102.64600419852007,101.51174239197337,101.54082489013672,874600
2025-10-22,101.59900524496014,102.71387387585975,100.39687432000649,101.55052947998047,2011600
2025-10-23,101.11427362290866,101.11427362290866,99.13658230240836,99.45649719238281,2314300
2025-10-24,100.57136899112966,100.57136899112966,98.85543502960543,99.0202407836914,1741500
2025-10-27,99.36925360459229,103.81905370355818,98.85544303766473,101.56991577148438,2547400
2025-10-28,101.19182269839573,102.3551744291173,100.9979344414569,101.63777160644531,1698100
2025-10-29,100.29993639777247,101.22092421487807,97.517594473445,98.11865997314453,1754800
2025-10-30,98.33192577168907,99.50496668463587,97.97322437661111,99.22382354736328,1166200
2025-10-31,98.57429104510892,100.80404290927244,98.18650714746796,100.38717651367188,2021700
2025-11-03,99.85397497788256,100.49381953284936,98.68093402347291,100.47442626953125,1785600
2025-11-04,100.62954279062482,101.23060081895541,99.60191432928688,100.47442626953125,1201900
2025-11-05,99.85397950906739,102.19037228861153,99.78611787710021,102.04495239257812,1209800
2025-11-06,103.7414991222628,105.41865402990902,101.705642795651,101.71533203125,1406700
2025-11-07,101.60869411623086,103.87722529532685,101.43419171783886,103.78997039794922,1359400
2025-11-10,103.94509091971553,104.25531659584023,102.83991148624852,103.93539428710938,1359500
2025-11-11,104.4492014013805,106.23300452713623,104.4492014013805,105.21507263183594,1110000
2025-11-12,105.29262706578403,106.95039610060947,105.29262706578403,106.4753646850586,1853100
2025-11-13,106.68864336796763,108.92808452085679,106.5238302149772,106.9310073852539,2241900
2025-11-14,107.3422831109371,107.73396580573079,105.54051133723836,106.87225341796875,1901500
2025-11-17,108.24316540662929,108.5956858091083,104.13042986799704,104.32627868652344,1833400
2025-11-18,105.32508553221025,105.48176459301031,103.8954227213194,104.4731674194336,1641500
2025-11-19,103.80729710898665,104.4731681805,102.00552525100453,102.51472473144531,1574000
2025-11-20,102.48534889204585,103.62124220340075,100.9577579273012,101.59425354003906,1843300
2025-11-21,101.89780972539894,105.04111054802411,101.51591385252001,103.34706115722656,2139600
2025-11-24,102.739934905039,102.81827443094717,100.90879517986265,102.10343933105469,3306400
2025-11-25,98.29427337646484,100.59545039076747,97.92217181308789,98.29427337646484,4114200
2025-11-26,99.14619649765096,101.78030524466158,98.60762157771133,101.03609466552734,1997000
2025-11-28,101.47674488598675,102.32867047804403,101.09484901010184,102.01531982421875,1121000
2025-12-01,101.63341956178272,102.26991515107572,100.13521157937936,100.94795989990234,1846100
2025-12-02,100.4289812591517,100.9969316726449,98.666386574652,98.90139770507812,1598900
2025-12-03,99.22454265185218,99.52809900652332,98.04947205830126,98.27469635009766,1915300
2025-12-04,98.90139315914223,98.95035723321209,97.17796084987232,97.54027557373047,1260200
2025-12-05,97.44235281642611,98.31385952601096,96.94294766087536,98.0298843383789,942200
2025-12-08,98.19635303014293,99.26370859135866,97.29547083943143,98.58804321289062,1414900
2025-12-09,98.71533924385602,99.3028782527971,96.94295032059192,97.33464050292969,1233400
2025-12-10,97.6381935094688,98.039677987136,96.59042660326503,97.60881805419922,1265300
2025-12-11,97.92216762802126,99.85123552563223,97.86341671812235,98.81326293945312,1602400
2025-12-12,99.04827002647778,100.4289686490959,99.04827002647778,99.45954132080078,1012100
2025-12-15,100.20375632849515,101.06546871756382,99.3518307772032,99.5672607421875,2045300
2025-12-16,99.83165158479738,100.25271722415644,97.43256135387857,97.62840270996094,1557200
2025-12-17,97.71653038758355,98.91118200860758,97.32484022925081,98.30406188964844,1162200
2025-12-18,98.26489624556594,100.07645489906055,98.15718126073779,98.28448486328125,1561200
2025-12-19,97.39339412599814,98.22573111733738,96.38479692124491,96.63939666748047,2348600
2025-12-22,96.26728598173243,97.71653743076163,95.85601464773036,97.08983612060547,1673100
2025-12-23,97.10940837260128,97.10940837260128,95.29784983040932,95.91475677490234,1927000
2025-12-24,95.92455716301826,97.30526335074948,95.66995742830574,97.15837860107422,579000
2025-12-26,97.04086585938089,97.69694258430265,96.63938886012595,97.5990219116211,961200
2025-12-29,97.55007000295517,98.10822608204315,96.59042943443207,97.20733642578125,1422800
2025-12-30,97.2073369687815,97.88300234703499,96.01269274454025,96.375,1160200
2025-12-31,96.27707697138794,97.03107439106162,95.66016999165493,95.77767181396484,916200
2026-01-02,95.92455906711972,96.04206836336623,94.08362491780429,94.6221923828125,1773300
2026-01-05,94.38717705072128,94.73969745286654,92.22309803641583,92.59519958496094,1810900
2026-01-06,92.53645380410141,94.59281795001876,92.43853312493752,93.91716003417969,1664400
2026-01-07,94.14236852262094,95.44473510583097,93.29044300042007,93.49608612060547,1741500
2026-01-08,93.1141819683151,95.81683578094855,93.1141819683151,95.78746032714844,1480900
2026-01-09,95.85601118230358,98.49011993408203,95.78746596244797,98.49011993408203,1535900
2026-01-12,98.50970271896341,98.72513269091166,97.2758812701763,98.03968048095703,1702300
2026-01-13,97.6088200680743,99.49871826171875,97.27588080278974,99.49871826171875,1323600
2026-01-14,99.76310329961674,103.16100376647397,99.57705625831217,102.16220092773438,1739600
2026-01-15,101.65300559244437,102.88682706641593,100.9185892935585,102.60285186767578,1186200
2026-01-16,101.2515285318351,101.38861897657635,99.37142460035322,99.92958068847656,2153700
2026-01-20,99.78269555766187,102.19158011156173,98.85243043372431,101.05567932128906,2170700
2026-01-21,101.24172867447778,101.75092813064231,99.85123568494973,100.06666564941406,1623200
2026-01-22,99.34203939933606,100.65420037437505,98.57824766158099,99.95895385742188,1146400
2026-01-23,100.15479174915643,100.5562762220255,99.31266051077257,100.39959716796875,1053500
2026-01-26,100.66399452582577,101.96635371902435,100.3898061721784,101.5452880859375,1211900
2026-01-27,101.55507757933921,103.35684932067088,101.42778145290487,103.06307983398438,1469900
2026-01-28,102.6028496029056,103.4547751803213,100.28209893100869,101.21235656738281,1076300
2026-01-29,101.70196605733423,102.64201799003544,100.8696291089823,101.32986450195312,1155500
2026-01-30,100.43876438534863,103.2099634490623,100.43876438534863,102.68118286132812,2467400
2026-02-02,102.7791062728623,103.55269229383107,101.3690246679705,102.61264038085938,1704800
2026-02-03,101.9859473437789,104.61026194772111,101.90760781031935,103.66041564941406,1558300
2026-02-04,104.46337416011967,107.1954036756058,104.23814987567363,106.27493286132812,1445300
2026-02-05,107.26394574173392,107.8123075021727,104.69838220235356,107.00934600830078,1646500
2026-02-06,106.12804803192164,108.06691033763542,106.06929711900783,107.23457336425781,1272100
2026-02-09,107.00934069660468,107.3422799423938,103.83666464304245,105.22715759277344,1627100
2026-02-10,105.29571059517279,108.21379461457609,105.25654082977965,107.10726928710938,2298000
2026-02-11,106.33367873590757,108.8209027017339,104.85505937687134,108.75235748291016,1849300
2026-02-12,108.39983586036936,110.55412801648734,106.97017311894109,108.70339965820312,1474000
2026-02-13,108.77263942950259,109.42539000506318,107.04185098440814,109.31659698486328,2109900
2026-02-17,109.23747572114608,109.86056440373504,104.21324974921185,105.05391693115234,2274700
2026-02-18,104.88577898695966,106.65612160642983,103.12531360831879,106.50777435302734,2631200
2026-02-19,107.16052611534536,108.40669587747199,106.93305529379981,108.36713409423828,1247300
2026-02-20,108.79241777232872,109.86056332141037,107.80339579258028,109.16824340820312,1625800
2026-02-23,110.77046272346566,110.77046272346566,108.33746953698049,109.78144073486328,2279600
2026-02-24,110.38474316652629,110.839692369274,107.28910710308172,108.14955139160156,2324000
2026-02-25,107.59570144314858,108.31768325851831,104.3319259111113,105.42974090576172,3060500
2026-02-26,116.3979967664847,118.07933107848834,111.43310230686771,114.72654724121094,6466600
2026-02-27,115.71556958448849,115.71556958448849,112.81773493323942,114.67709350585938,12228500
2026-03-02,114.64742085277919,115.04303113576381,111.50233079879122,113.42103576660156,2713200
2026-03-03,112.84740371915686,113.28257579458898,110.14737800366969,111.11661529541016,1912700
2026-03-04,112.06607262477453,113.57927497241236,110.48363904376892,113.47048950195312,2896700
2026-03-05,112.61003817228755,112.61003817228755,109.68253414887639,110.1176986694336,2216600
2026-03-06,109.55395604826474,110.09792112892504,107.55613506642226,109.98912811279297,1784000
2026-03-09,111.274863076235,111.274863076235,107.03195795306011,107.76383209228516,1576500
2026-03-10,107.44734487350432,108.80230767189029,106.43854579680058,107.27921295166016,1627800
2026-03-11,108.89131544329149,109.14846326367821,106.20117452562981,106.43854522705078,1568000
2026-03-12,105.18248277216027,107.24954256940335,104.80665714795182,104.8363265991211,1731700
2026-03-13,105.59787106936244,106.61657002380018,104.51984075772502,104.91545104980469,2343400
2026-03-16,105.6374295779423,106.13194054130034,103.34289900978648,103.83740997314453,2150000
2026-03-17,104.6879737206126,104.92533687996541,101.39452875883232,101.51321411132812,1954600
2026-03-18,99.9109939177622,101.04837066766918,98.79340183238294,100.28682708740234,2961400
2026-03-19,99.287916445587,100.5143015939004,98.38791036319506,99.30770111083984,2012400
2026-03-20,99.7527543604771,99.78242381163918,97.71537156053594,98.27911376953125,2968600
2026-03-23,99.46594072523305,99.46594072523305,96.67689902948175,97.29998016357422,1543000
2026-03-24,96.9439305724681,98.69450369202517,95.44062049205262,95.79666900634766,1747200
2026-03-25,95.56918907002571,96.2021625193947,92.9680640373262,94.34280395507812,1861300
2026-03-26,94.06587982177734,95.35161139626841,93.56147650616761,94.06587982177734,1827200
2026-03-27,94.15488859411259,95.89556937535541,93.68016227372561,94.19445037841797,1959300
2026-03-30,93.92741987211889,94.83731829462485,92.82960485635925,94.1252212524414,1497700
2026-03-31,94.66918198249422,95.75710461516248,93.2449879640842,95.38127899169922,1713400
2026-04-01,94.3329107783466,95.22303204156637,93.64059843230825,94.44170379638672,1845200
2026-04-02,94.60984499411397,94.81753870172706,92.57245461086606,94.42192840576172,1766700
2026-04-06,93.94719661027104,94.65929364956185,93.66037932802118,94.17467498779297,1339900
2026-04-07,94.17467010252453,95.10435313844278,93.10652459899786,93.11641693115234,1375500
2026-04-08,93.46257301673774,94.58016508876196,92.40431984631026,92.76036834716797,2447100
2026-04-09,92.29553168321631,92.74058855987359,90.62408210771684,91.45486450195312,1618400
2026-04-10,91.34606608535447,91.79112293573014,89.42736112598504,89.9119873046875,2092500
2026-04-13,90.00099788016507,90.24825336884685,87.28118750466558,88.54713439941406,2516900
2026-04-14,88.54713655427925,91.7317885333037,88.32955051164197,91.19771575927734,2392500
2026-04-15,91.27683785668599,92.88894093969769,90.27792356143101,92.46366119384766,1774600
2026-04-16,92.45377274441819,93.46257178647701,92.29552561472511,92.90872192382812,1998400
2026-04-17,92.47355516044257,95.33182807993241,92.47355516044257,94.45159912109375,2780500
2026-04-20,94.10544219832224,95.15380307463263,93.23509803325956,95.0845718383789,1596700
2026-04-21,94.44170173251106,94.96588214671905,93.35377912152337,94.68895721435547,1326700
2026-04-22,95.0450119758414,95.8362325881446,93.36367760674582,93.94719696044922,1393000
2026-04-23,93.6603774076644,95.27248804568262,93.56147671993268,95.13402557373047,1702400
2026-04-24,95.2131440930522,96.01425703965374,94.13511374092427,95.01534271240234,1283300
2026-04-27,94.78785827653141,96.18238282160982,94.273570192322,94.28346252441406,1670700
2026-04-28,95.52962365125232,97.41865914076135,93.73949639027512,96.97360229492188,3771900
2026-04-29,96.91425856265903,97.8736110594313,94.87687576457432,95.7373275756836,1830900
2026-04-30,95.57907938615044,97.17140530834024,95.56918705400184,96.95381927490234,1642200
2026-05-01,97.34943538124145,97.55712909495278,95.31205248381102,95.90546417236328,1087300
2026-05-04,95.29226530742385,96.14282480533788,94.71863075382808,95.84612274169922,1334900
2026-05-05,95.66809419217223,96.03402747546927,93.99664472315011,95.62853240966797,1133500
2026-05-06,96.06370035192133,96.37030229085426,95.09446305573513,95.76699829101562,1493000
2026-05-07,95.12412929874125,99.24834892589509,94.6592877854654,98.34834289550781,2422500
2026-05-08,98.77362724844254,98.90219738861776,96.89448398893104,98.16043090820312,1703800
2026-05-11,98.39779280230127,98.77362597674808,97.16151535086041,98.1307601928711,2310300
2026-05-12,99.15934542366381,99.66374119854922,98.18020823459223,99.22857666015625,2759500
2026-05-13,99.21868443052884,100.1483675035106,98.39779437866787,99.76264953613281,2876000
2026-05-14,100.26704470170517,100.87034870765517,98.16043061994391,99.0999984741211,2409900
2026-05-15,100.08999633789062,100.86000061035156,98.91999816894531,100.54000091552734,1904800
2026-05-18,100.69000244140625,104.45999908447266,100.69000244140625,103.63999938964844,2763400
2026-05-19,104.2699966430664,104.75,102.8499984741211,103.04000091552734,1905100
2026-05-20,101.55999755859375,102.54000091552734,99.37999725341797,100.4800033569336,1658100
2026-05-21,99.98999786376953,102.25,98.6500015258789,101.91000366210938,1510600
2026-05-22,102.73999786376953,103.91999816894531,101.41000366210938,103.36000061035156,1117600
2026-05-26,102.94999694824219,103.68000030517578,102.16999816894531,102.31999969482422,2007900
2026-05-27,102.97000122070312,104.79000091552734,102.75,102.9800033569336,1210000
2026-05-28,103.83000183105469,104.44000244140625,102.05999755859375,104.27999877929688,952000
2026-05-29,104.55999755859375,104.80999755859375,103.16000366210938,103.19999694824219,1477600
2026-06-01,102.55999755859375,102.80000305175781,100.27999877929688,100.61000061035156,1489100
2026-06-02,100.87000274658203,101.2300033569336,99.41999816894531,100.47000122070312,1678000
2026-06-03,100.08000183105469,102.94000244140625,99.87000274658203,101.2699966430664,1716100
2026-06-04,102.66999816894531,103.2300033569336,100.2300033569336,101.12000274658203,1216200
2026-06-05,101.4000015258789,104.87999725341797,101.3499984741211,103.54000091552734,1840800
2026-06-08,103.27999877929688,104.4000015258789,101.26000213623047,101.7699966430664,2492800
2026-06-09,106.95999908447266,115.2300033569336,105.5,112.38999938964844,5290900
2026-06-10,113.47000122070312,117.30000305175781,112.45999908447266,117.05000305175781,2809000
2026-06-11,116.4800033569336,117.25,115.69000244140625,116.83000183105469,1402800
2026-06-12,117.73999786376953,116.83000183105469,114.78500366210938,115.66000366210938,354628
