Date,Open,High,Low,Close,Volume
2023-08-14,23.592775078158922,23.637971274971495,23.39390767428508,23.52046012878418,4513100.0
2023-08-15,23.33063276149403,23.37583068330741,23.02329378966076,23.032333374023438,4008300.0
2023-08-16,23.09560554936577,23.140803464934248,22.905779476350734,22.923858642578125,5334600.0
2023-08-17,22.914819897886417,23.131764728180258,22.724992093801653,22.734031677246094,5741000.0
2023-08-18,22.69787058301977,22.94193239130173,22.661712256386053,22.869617462158203,4634700.0
2023-08-21,22.779228618800666,23.005213022859706,22.51708588251258,22.797306060791016,3761100.0
2023-08-22,22.77922509382173,22.93289453376721,22.706910164678202,22.869617462158203,3328100.0
2023-08-23,22.960011926970513,22.996170254190623,22.67979178751039,22.78826332092285,3320700.0
2023-08-24,22.815388104592763,23.140806239202252,22.62556200882016,22.634601593017578,3586400.0
2023-08-25,22.652676701023502,22.93289860986984,22.652676701023502,22.842504501342773,3950400.0
2023-08-28,22.842504501342773,23.032330577537827,22.76114997608083,22.842504501342773,3606500.0
2023-08-29,22.842504501342773,22.99617396860153,22.734031226285445,22.842504501342773,3593200.0
2023-08-30,22.82442796927619,22.969057869963432,22.70691682151446,22.80634880065918,3045500.0
2023-08-31,22.887701585649612,22.914820336502018,22.517087277954797,22.526126861572266,4397400.0
2023-09-01,22.706916470368135,22.715954330412462,22.173593073284742,22.381498336791992,6259100.0
2023-09-05,22.327258318180103,22.372454506321027,21.857210375368634,21.95664405822754,6810600.0
2023-09-06,22.065115632271144,22.15550973281165,21.875289572847734,22.056076049804688,5339800.0
2023-09-07,22.220405909823057,22.576443078608783,22.11998445554956,22.38473129272461,5386100.0
2023-09-08,22.421241325107545,22.631213561199004,22.366466791942866,22.594696044921875,5274700.0
2023-09-11,22.56731142977958,22.941607323781188,22.56731142977958,22.850317001342773,5022400.0
2023-09-12,22.850319313846015,22.996385934031288,22.713380333827292,22.8868350982666,4858500.0
2023-09-13,22.941607727888336,23.197225162471835,22.84118802318697,23.160709381103516,5037100.0
2023-09-14,23.2885143576443,23.480226104016477,23.242867459995374,23.443710327148438,3772700.0
2023-09-15,23.37067674343561,23.544131469856428,23.34328860518461,23.425451278686523,7311700.0
2023-09-18,23.452840516281668,23.489356294410246,23.18809372453202,23.434581756591797,3880800.0
2023-09-19,23.480228766401076,23.617167733624036,23.279387617726066,23.288516998291016,3484300.0
2023-09-20,23.398064237212054,23.644552269271827,23.25199764219541,23.434581756591797,3257100.0
2023-09-21,23.35242150621725,23.443713572903278,23.051158905029297,23.051158905029297,4871400.0
2023-09-22,22.96899657175675,23.206355252283817,22.832059340251124,22.941608428955078,3309500.0
2023-09-25,22.795541240214952,22.877703925291428,22.658604012171274,22.82292938232422,3179700.0
2023-09-26,22.704248551716425,22.740764329475425,22.056076519295512,22.156497955322266,4767500.0
2023-09-27,22.074335950440627,22.220402548423184,21.855236053466797,21.855236053466797,4435800.0
2023-09-28,21.983044458620927,21.983044458620927,21.30748599020727,21.34400177001953,8641000.0
2023-09-29,21.535715625376497,21.736556770757357,21.270968817089148,21.50832748413086,6497700.0
2023-10-02,21.407909625717547,21.407909625717547,20.403700329828087,20.58628273010254,11611500.0
2023-10-03,20.440216650636955,21.061000658640026,20.266763627004867,20.978837966918945,9309200.0
2023-10-04,20.67757169183356,21.088385077872115,20.54063447690443,20.91493034362793,7780700.0
2023-10-05,20.88754370846957,21.09751597715108,20.659314420066814,20.9605770111084,6374500.0
2023-10-06,20.70495981294674,21.526584843043594,20.412826623690183,21.39877700805664,9265200.0
2023-10-09,21.398779829398663,21.690913057171795,21.307487760406712,21.68178367614746,5399500.0
2023-10-10,21.70004099182517,21.873493995972204,21.645264709330167,21.782203674316406,6897000.0
2023-10-11,21.86436469661311,22.06520582675747,21.718298103553366,22.01043128967285,4608300.0
2023-10-12,21.946531154055325,21.95565879409942,21.353133558605524,21.590492248535156,6906000.0
2023-10-13,21.782206796761564,21.882626513228207,21.526589332229662,21.809593200683594,4728700.0
2023-10-16,21.882623498317045,22.156499688564278,21.672652971336728,22.074337005615234,4375000.0
2023-10-17,21.90088157702784,22.13824023801443,21.846107037185156,22.101722717285156,3690300.0
2023-10-18,22.065209076868342,22.129113003088364,21.700042540431518,21.97391700744629,5020500.0
2023-10-19,21.946526533760405,22.18388343246901,21.745683670043945,21.745683670043945,5111300.0
2023-10-20,21.754812344299516,21.937396443350906,21.681779052929166,21.690908432006836,6929800.0
2023-10-23,21.435291946100467,21.855234695138783,21.32574287504775,21.617876052856445,7318600.0
2023-10-24,21.80045835969914,22.12910905447511,21.727425065443487,22.037817001342773,8334200.0
2023-10-25,22.01956292870222,22.302566764136554,21.900882721382093,22.256919860839844,7413600.0
2023-10-26,22.320826206864723,22.69512211906765,22.29343806405059,22.5855712890625,8125200.0
2023-10-27,22.503410667379033,22.603832125663466,22.037822644312378,22.165632247924805,7560300.0
2023-10-30,22.183885749703038,22.466891316092134,22.001303366913017,22.266048431396484,4142100.0
2023-10-31,22.30256819791185,22.47602295908768,22.12911343673602,22.430376052856445,5437400.0
2023-11-01,22.49427500941733,22.786408179734273,22.238659356015525,22.54905128479004,13290300.0
2023-11-02,22.704251889588853,23.30677711182751,22.622089200987997,22.895963668823242,10167800.0
2023-11-03,23.306775989079423,23.388938673722286,23.060287935150836,23.160709381103516,6263900.0
2023-11-06,23.133320313065248,23.215482994418974,22.941606809489475,22.95986557006836,7230300.0
2023-11-07,23.02376782617733,23.781488922903694,22.950734530393504,23.671939849853516,17500200.0
2023-11-08,23.489357918035026,23.73584596713248,23.096803263824555,23.416324615478516,9414600.0
2023-11-09,23.41632389888824,23.45284141967462,23.005512237548828,23.005512237548828,5901600.0
2023-11-10,23.197221861627543,23.215480620339235,23.01463775701277,23.133317947387695,3831600.0
2023-11-13,23.12419238877777,23.160709912234843,22.759025860463847,22.777284622192383,3894800.0
2023-11-14,23.178964237100526,23.589777621960003,23.178964237100526,23.498485565185547,6503800.0
2023-11-15,23.41632737713289,23.717590003364954,23.41632737713289,23.553264617919922,7560400.0
2023-11-16,23.72671837811062,23.95494768348827,23.64455568887455,23.754106521606445,7931200.0
2023-11-17,23.891037898316767,23.94581243062587,23.735841939065146,23.818004608154297,5279800.0
2023-11-20,23.735844823888023,23.936685960932028,23.571519465737836,23.891040802001953,5152900.0
2023-11-21,23.95494640304836,24.027979707215376,23.781491652682455,24.018850326538086,7679500.0
2023-11-22,24.11927188842111,24.13753064986327,23.82713867035188,23.954946517944336,4851700.0
2023-11-24,23.86365433752676,24.027979707215376,23.80887979471433,24.018850326538086,1951200.0
2023-11-27,24.018850441740565,24.064497345345963,23.845397431794037,23.954946517944336,6601300.0
2023-11-28,23.973202345990135,24.21969037154466,23.872780911597303,24.091880798339844,6452900.0
2023-11-29,24.064495763805517,24.101011543038656,23.699327523966833,23.763233184814453,5782900.0
2023-11-30,23.735845220854095,23.927556981068097,23.64455316021595,23.845396041870117,7320800.0
2023-12-01,23.827137814066717,24.20143370392312,23.735845751388048,24.17404556274414,5803200.0
2023-12-04,23.991461789007467,24.301853739385695,23.954944269550655,24.064495086669922,4178600.0
2023-12-05,24.064498516220166,24.064498516220166,23.617169286630137,23.754106521606445,7373500.0
2023-12-06,23.87278210903924,24.07362498789904,23.754103650736706,24.037107467651367,6802600.0
2023-12-07,24.092382049793663,24.17530052368728,23.954185179060485,24.0371036529541,3732600.0
2023-12-08,24.027896708917527,24.04632343187314,23.733076170703782,24.009469985961914,4743100.0
2023-12-11,23.87127210732194,24.29507793171683,23.852845385115867,24.258224487304688,6871200.0
2023-12-12,24.32271324079943,24.32271324079943,24.03710611110746,24.110811233520508,4539000.0
2023-12-13,24.101599757693233,25.16111163418349,23.991042944065292,25.12425994873047,9514100.0
2023-12-14,25.326949946526305,25.511213655308016,24.893932515338935,24.9123592376709,9426500.0
2023-12-15,24.663604601660154,24.801801509339235,24.38720902903297,24.783374786376953,19912500.0
2023-12-18,24.79258760741292,24.875506101666662,24.645177341466045,24.70966911315918,7730300.0
2023-12-19,24.820228059737865,24.903146555222623,24.62675098451709,24.76494789123535,8630900.0
2023-12-20,24.718880611437974,24.783372378270524,24.313501532002,24.331928253173828,6088000.0
2023-12-21,24.470126891969844,24.553045385885717,24.13845467357533,24.31350326538086,3340100.0
2023-12-22,24.405635219985125,24.86629274038636,24.377995136144218,24.70966911315918,7840900.0
2023-12-26,24.645178412743746,24.99527737026845,24.645178412743746,24.857080459594727,3862800.0
2023-12-27,24.875505793006973,24.939997563899883,24.774160577450136,24.9123592376709,4851800.0
2023-12-28,24.9123589355194,25.10583424585155,24.866292130248215,25.013702392578125,5019700.0
2023-12-29,24.93078457053944,25.068981475530073,24.82022774945453,24.96763801574707,3459800.0
2024-01-02,24.875504214990848,25.391440106673898,24.847864133246294,25.345375061035156,6433900.0
2024-01-03,25.33616364747949,25.538852324042495,25.253245153142586,25.48357391357422,6852200.0
2024-01-04,25.566492211947722,25.73232919935042,25.400655224545027,25.44672203063965,5214400.0
2024-01-05,25.34537479352376,25.667835381398028,25.32694807255521,25.566490173339844,5119400.0
2024-01-08,25.58491852125663,25.796820554063316,25.45593322354343,25.787607192993164,5669100.0
2024-01-09,25.612558536653996,25.759968808962036,25.54806676217786,25.630985260009766,3671100.0
2024-01-10,25.612556213590228,25.621769574432456,25.391440825183377,25.43750762939453,3171100.0
2024-01-11,25.336163131812754,25.37301657622085,24.774160405471935,24.893932342529297,4087500.0
2024-01-12,25.115048108354966,25.14268819206954,24.866292626730722,24.94921112060547,4199400.0
2024-01-16,24.81101328535386,24.949210184201917,24.672816386505797,24.700454711914062,3982600.0
2024-01-17,24.460913159764623,24.728095359945804,24.08317414088491,24.258224487304688,4709700.0
2024-01-18,24.14766510172464,24.156878462518776,23.677796002106042,23.889698028564453,7381300.0
2024-01-19,23.926548353353553,24.055533639864905,23.714646338949695,23.963401794433594,5337100.0
2024-01-22,23.963400337373574,24.17530233889304,23.723858256724697,23.779136657714844,5589200.0
2024-01-23,23.825205688703825,23.825205688703825,23.50274509772058,23.69622039794922,7038400.0
2024-01-24,23.86205938859348,23.880486111295603,23.401401864654343,23.438255310058594,4336300.0
2024-01-25,23.76071758419883,23.84363432759902,23.530388806177214,23.797569274902344,2991300.0
2024-01-26,23.825207818708517,23.898912952613834,23.742289323406407,23.852846145629883,2671500.0
2024-01-29,23.852847889728416,24.027898254528946,23.733077697350662,23.954193115234375,3174100.0
2024-01-30,23.889699607668135,24.110815009536356,23.76071606256226,23.972618103027344,4237900.0
2024-01-31,24.15688131109654,24.44249025758701,23.99104606905352,24.138456344604492,6314200.0
2024-02-01,24.073960502096472,24.488552960606135,23.96340368467318,24.479339599609375,5334100.0
2024-02-02,24.21215745079892,24.39641938592152,23.77913830085976,24.000253677368164,4400300.0
2024-02-05,23.76071142835782,23.935759989069517,23.539594312346484,23.604087829589844,5610600.0
2024-02-06,23.585664425418223,23.760714768002472,23.484319212774356,23.668582916259766,5876800.0
2024-02-07,23.81599212890956,23.862057174120896,23.64094179402258,23.65936851501465,4842900.0
2024-02-08,23.5027428317893,23.640939712524414,23.355332591369354,23.640939712524414,3780400.0
2024-02-09,23.585665672162996,23.852846123344275,23.521173899714725,23.834421157836914,5478800.0
2024-02-12,23.852846068563657,24.249011821000646,23.751502608064403,24.2305850982666,4485400.0
2024-02-13,24.092385523563866,24.230582414223015,23.58566300539071,24.000253677368164,9522900.0
2024-02-14,24.092385523563866,24.120025604603217,23.917335191518912,24.000253677368164,7129600.0
2024-02-15,24.10160073480936,24.497766473786537,24.10160073480936,24.377994537353516,9455700.0
2024-02-16,24.331928844760544,24.70045449081289,24.055535049538506,24.54383087158203,9228400.0
2024-02-20,24.48855117220907,24.645174783177964,24.350354281888002,24.359567642211914,6267300.0
2024-02-21,24.516191416074864,24.792585198553457,24.40563284872214,24.774158477783203,4404600.0
2024-02-22,24.6175384643001,24.76494873747257,24.40563641627331,24.7373104095459,5406600.0
2024-02-23,24.764945437433642,24.857077285206724,24.64517526541682,24.691240310668945,4238600.0
2024-02-26,24.516192425304325,24.571470832621863,24.092386616486174,24.14766502380371,3196900.0
2024-02-27,24.25822709933091,24.377997292028834,24.14766851145894,24.350358963012695,3953600.0
2024-02-28,24.30428986283192,24.377994995379765,24.138454632550992,24.17530632019043,4078100.0
2024-02-29,24.2766496492175,24.47933830865036,24.08317259302668,24.295076370239258,6782600.0
2024-03-01,24.258222174210626,24.258222174210626,23.83441814749567,24.083171844482422,7430200.0
2024-03-04,23.944977174492255,24.672816884254452,23.91733709125747,24.635963439941406,5565800.0
2024-03-05,24.755735550386024,25.115047848614598,24.55304511977999,24.654390335083008,6271400.0
2024-03-06,24.847867235790716,24.995277508963184,24.672818634691577,24.7373104095459,3963200.0
2024-03-07,24.968011185267326,25.144759897360753,24.856379952808776,25.005220413208008,5992200.0
2024-03-08,25.34941542361525,25.377323675680227,25.051734498861883,25.284297943115234,6247800.0
2024-03-11,25.219181765062057,25.48895445168288,25.163365258049453,25.349416732788086,4479000.0
2024-03-12,25.209876835618374,25.386625543916157,25.033128127320587,25.042430877685547,3819800.0
2024-03-13,25.144758685629473,25.349413865236475,24.995918232402893,25.079639434814453,3840000.0
2024-03-14,24.9866164813699,25.07033946144726,24.55869883049469,24.726144790649414,4174000.0
2024-03-15,24.540091455073537,24.940100823929658,24.540091455073537,24.781957626342773,7256700.0
2024-03-18,24.76335856094901,25.04243400952647,24.59591258207516,25.023828506469727,6338100.0
2024-03-19,25.098246989042703,25.368021441542584,24.977314776268546,25.13545799255371,4796300.0
2024-03-20,25.116852430441707,25.340113128016327,25.02382669620604,25.16336441040039,4737400.0
2024-03-21,25.17266653606849,25.395927228098216,25.08894355476756,25.116851806640625,5024900.0
2024-03-22,25.274995719217355,25.377324204603443,25.144760755502922,25.191272735595703,4445700.0
2024-03-25,25.284295867109982,25.37732159203696,25.070337941800624,25.172664642333984,3983500.0
2024-03-26,25.1540611988919,25.219178674775602,24.744749069213867,24.744749069213867,4398100.0
2024-03-27,24.91219696878488,25.51686157338798,24.884288716516448,25.507558822631836,4879700.0
2024-03-28,25.49825683866976,25.665702808679292,25.37732462383973,25.609888076782227,5297200.0
2024-04-01,25.591282502596602,25.65639998534607,25.302904318569663,25.581979751586914,4648600.0
2024-04-02,25.55407081491302,25.77733151021762,25.479650583144817,25.563373565673828,4407400.0
2024-04-03,25.58198026131934,25.656400496561353,25.3773250579834,25.3773250579834,4082300.0
2024-04-04,25.563374758929246,25.609888514904483,25.191273582719184,25.3773250579834,4002500.0
2024-04-05,25.265691771912174,25.36802025245263,25.05173383470778,25.32150650024414,4564800.0
2024-04-08,25.37732249687999,25.665700657549596,25.32150599534276,25.470346450805664,3054800.0
2024-04-09,25.591282574710426,25.647097306607492,25.433139355736795,25.609888076782227,3513300.0
2024-04-10,25.172665834158543,25.247086062759998,24.91219592121255,25.042430877685547,4940800.0
2024-04-11,25.181970334665657,25.181970334665657,24.800566414785923,24.87498664855957,4101800.0
2024-04-12,24.977316284792145,25.070342024869714,24.679635335998658,24.772659301757812,3918100.0
2024-04-15,24.940104559634808,24.99592106666237,24.437768416615317,24.58660888671875,3365900.0
2024-04-16,24.502881694716415,24.54009091869634,24.121477833752365,24.195898056030273,3857200.0
2024-04-17,24.372647756596407,24.68893415792871,24.30752850688365,24.577302932739258,3555300.0
2024-04-18,24.707540656457503,24.82847464517835,24.521490959352214,24.763357162475586,3252200.0
2024-04-19,24.893591792687086,25.20987822525742,24.81917155998338,25.13545799255371,4891500.0
2024-04-22,25.088945174496796,25.572677592283178,24.977315708434322,25.461048126220703,5098100.0
2024-04-23,25.48894931150793,25.637789751555903,25.330806122167214,25.34010887145996,4282400.0
2024-04-24,25.116853428171602,25.49825735680207,24.921500975403085,25.461048126220703,4327500.0
2024-04-25,25.423833771848606,25.535464997522556,25.14475836914094,25.395925521850586,4272500.0
2024-04-26,25.386626943298086,25.423836172490788,25.13545799255371,25.13545799255371,3467300.0
2024-04-29,25.256390634691364,25.62849180453569,25.219181404866102,25.609888076782227,3715100.0
2024-04-30,25.451741522878663,25.712211420481275,25.219178100408847,25.54476547241211,6302900.0
2024-05-01,25.76803036545633,26.261063732330772,25.554070647991853,26.04710578918457,7368400.0
2024-05-02,26.037804251193002,26.149435490474477,25.66570307745201,25.972686767578125,7045000.0
2024-05-03,26.14013351618029,26.223856504549904,25.87966179966165,26.130830764770508,3810300.0
2024-05-06,26.223856504549904,26.24246023305106,26.009896770761767,26.130830764770508,5003200.0
2024-05-07,26.326182167664463,26.419207903720327,26.186644450739834,26.372695922851562,4697100.0
2024-05-08,26.354091193785308,26.558746399656414,26.261065455000846,26.530839920043945,7237000.0
2024-05-09,26.530836414569343,26.93084579646709,26.521533664488214,26.893634796142578,4037300.0
2024-05-10,26.97735857997957,27.275039494212567,26.847123623582185,27.107593536376953,6997300.0
2024-05-13,27.07968903700611,27.330856217781836,27.042478032850692,27.1355037689209,4840600.0
2024-05-14,27.265735591095453,27.3122493409267,26.884331714069873,27.15410614013672,5055400.0
2024-05-15,27.395971337332014,27.53550903320323,27.321551114579492,27.507600784301758,5490600.0
2024-05-16,27.479693776923146,27.619231470088906,27.377365307253168,27.544811248779297,3434000.0
2024-05-17,27.582023606308177,27.591326356818666,27.3959739190531,27.526208877563477,4971500.0
2024-05-20,27.628534219542363,27.628534219542363,27.39597080616008,27.544811248779297,5339100.0
2024-05-21,27.619234189457767,27.80528387389108,27.526208460082003,27.758771896362305,7718100.0
2024-05-22,27.63783763112484,27.795980837138817,27.405274197240644,27.4517879486084,6230200.0
2024-05-23,27.302945571477906,27.312248321096792,26.74479301457107,26.772701263427734,3577300.0
2024-05-24,26.847127761598593,26.847127761598593,26.595958786131856,26.6796817779541,3089300.0
2024-05-28,26.67037443671421,26.87502961799675,26.484322981498682,26.577348709106445,4451600.0
2024-05-29,26.391300026103124,26.40060100232923,26.177340312219684,26.223854064941406,4912100.0
2024-05-30,26.30757854436422,26.586653979321568,26.195947305790273,26.56804847717285,3365800.0
2024-05-31,26.614559765725133,27.302947312558018,26.60525701551302,27.28434181213379,5646800.0
2024-06-03,27.256432247196997,27.34015522075074,27.09828904985304,27.219223022460938,4894900.0
2024-06-04,27.163412115984535,27.414579297628944,27.06108362852156,27.275041580200195,4566000.0
2024-06-05,27.200618527276095,27.275038753814158,26.86572662069572,26.92154312133789,4560400.0
2024-06-06,26.800610858255055,27.116897284848967,26.661073146362043,26.698284149169922,4306800.0
2024-06-07,26.409903257805002,26.688980445949152,26.335483029163537,26.428508758544922,4182700.0
2024-06-10,26.38908165765438,26.605000425691063,26.20132511727,26.436019897460938,3980000.0
2024-06-11,26.248264331275376,26.689491680381003,26.15438784817805,26.614389419555664,4245900.0
2024-06-12,26.88663355597167,26.905409568202938,26.257651470856846,26.407855987548828,3895100.0
2024-06-13,26.407855987548828,26.529898276472988,26.201325224742124,26.407855987548828,3483900.0
2024-06-14,26.276425878393486,26.379692148779935,26.107445359789835,26.360916137695312,2721300.0
2024-06-17,26.154384320324628,26.407853297308847,26.060506059311006,26.201322555541992,3861600.0
2024-06-18,26.116835514739307,26.37030631350535,26.107447508424368,26.323368072509766,3389200.0
2024-06-20,26.257653777536902,26.47357435600649,26.16377728929187,26.33275604248047,3113200.0
2024-06-21,26.44540694470916,26.57683544386559,26.21071217302753,26.248262405395508,6352900.0
2024-06-24,26.276427339432225,26.595612383302438,26.1731610633039,26.44540786743164,5666600.0
2024-06-25,26.370307430841446,26.41724567382585,26.06989837835119,26.098060607910156,3150900.0
2024-06-26,25.97601879682849,26.116835309286607,25.8164262718882,26.004182815551758,4745500.0
2024-06-27,26.032342839815396,26.079282867046928,25.891526339278712,26.051118850708008,3286400.0
2024-06-28,26.10744748544686,26.14499951067357,25.83520246486966,25.957242965698242,7195000.0
2024-07-01,26.08866899616,26.182545462713428,25.675605739125377,25.684993743896484,3414600.0
2024-07-02,25.741323471069336,25.86336396847815,25.61928297366052,25.741323471069336,3467000.0
2024-07-03,25.835205040852962,26.15439012478894,25.71316273727664,25.844593048095703,2935200.0
2024-07-05,25.853977789257602,25.910304035019163,25.63805723110998,25.731935501098633,5873000.0
2024-07-08,25.703769613031668,25.788259870817054,25.57234111895615,25.722545623779297,4215400.0
2024-07-09,25.656833243223524,25.910304035019163,25.58173098534842,25.731935501098633,5303100.0
2024-07-10,25.788262325155358,25.98540687561035,25.619283584081362,25.98540687561035,5942000.0
2024-07-11,26.154382782274894,26.67071050161801,26.088668540603457,26.492341995239258,4781000.0
2024-07-12,26.529896814980365,26.764591583204982,26.48295678698805,26.698877334594727,6501800.0
2024-07-15,26.511121158176074,26.595611419112696,26.220100143049383,26.25765037536621,4392800.0
2024-07-16,26.379693069360897,26.661326083142576,26.267038789500806,26.558061599731445,3485100.0
2024-07-17,26.651939665681066,27.149493262966317,26.576837404824722,26.952348709106445,3640000.0
2024-07-18,26.7645920226608,27.33724783951675,26.7645920226608,26.961734771728516,3801100.0
2024-07-19,27.093165658003258,27.093165658003258,26.745816599827734,26.86785888671875,4314300.0
2024-07-22,26.92418508831781,27.29030836724018,26.86785884323261,27.224594116210938,3707500.0
2024-07-23,27.233979463155336,27.28091769771366,26.989896704178516,27.0086727142334,3350500.0
2024-07-24,27.224595172282886,27.49684198348369,27.130716899779877,27.384187698364258,4035400.0
2024-07-25,27.50622789993859,27.966231251140464,27.32786115376058,27.43112564086914,4525300.0
2024-07-26,27.525004785409,27.731537347335266,27.459290530461246,27.637659072875977,4653400.0
2024-07-29,27.647044074930403,27.956841093574496,27.55316581067302,27.83479881286621,3113000.0
2024-07-30,27.76908674749011,28.25725232753129,27.76908674749011,28.135210037231445,5763300.0
2024-07-31,28.163373398993535,28.219699644429387,27.79725011779192,27.900514602661133,6863500.0
2024-08-01,28.04133000158341,28.491943499617825,27.928675731785372,28.454391479492188,5784700.0
2024-08-02,28.632762174536843,29.533989239241063,28.191536647931112,28.764190673828125,11185600.0
2024-08-05,29.073988753198712,29.252357287676233,28.144597637624898,28.210311889648438,8209100.0
2024-08-06,28.247863034468896,28.71725258068396,28.22908702288133,28.379291534423828,8158600.0
2024-08-07,28.48256029164181,29.0646023769862,28.33235576699944,28.63276481628418,8403000.0
2024-08-08,28.47317035250778,28.8299056266764,28.388680089308544,28.64215087890625,4704300.0
2024-08-09,28.660926854840522,28.689089082152176,28.13520926435502,28.651538848876953,4107500.0
2024-08-12,28.72663953495782,28.970722304924642,28.576435028913455,28.94255828857422,6657800.0
2024-08-13,29.00827210034371,29.149088598822388,28.895619617792338,29.027048110961914,7027700.0
2024-08-14,28.95194706526469,29.346234351779152,28.89562082164234,29.149089813232422,5126400.0
2024-08-15,28.96133733564667,29.233582359925872,28.87684706831678,29.083377838134766,4472300.0
2024-08-16,29.158479175951427,29.3180716991246,29.01766266505253,29.26174545288086,3614400.0
2024-08-19,29.289910264262346,29.477665020350962,29.261746245088442,29.45888900756836,2920600.0
2024-08-20,29.477664540597786,29.62786905925573,29.421338293745833,29.552766799926758,3341300.0
2024-08-21,29.53399041786287,29.69358294076219,29.48705217783681,29.618480682373047,3551700.0
2024-08-22,29.580930448468013,29.787461211393396,29.562154436225956,29.618480682373047,5368800.0
2024-08-23,29.749909879805283,29.87195037371756,29.646643606863268,29.843788146972656,4449600.0
2024-08-26,29.909501734668783,30.059706242579693,29.871949712401566,29.956439971923828,4094200.0
2024-08-27,29.93766483946789,30.022155101469956,29.759298100200432,29.787460327148438,3797300.0
2024-08-28,29.871950481332284,30.153583493269984,29.806236231252086,29.815624237060547,4992900.0
2024-08-29,29.796846354522216,29.825010370179196,29.383783077781032,29.80623435974121,4681900.0
2024-08-30,29.82501147514652,29.993991994191042,29.62786693940159,29.956439971923828,3252200.0
2024-09-03,29.937663021806706,30.341338295623274,29.89072478602386,30.144195556640625,4805400.0
2024-09-04,30.23807144165039,30.435214176808877,30.06909093118375,30.23807144165039,4731300.0
2024-09-05,30.463382356207262,30.547872618023625,30.11603509369913,30.18174934387207,6375200.0
2024-09-06,30.294400201927647,30.34133843793064,30.078481451387585,30.106643676757812,5450800.0
2024-09-09,30.116033488188684,30.50093275346436,29.965827193627973,30.453990936279297,5824100.0
2024-09-10,30.48995565397995,30.735993425343,30.291228812257057,30.433176040649414,4727100.0
2024-09-11,30.329080368220332,30.35747197839707,29.969485193147136,30.234451293945312,4274200.0
2024-09-12,30.19660101634273,30.376397718060655,29.988414506753205,30.243915557861328,4367900.0
2024-09-13,30.281770047785958,30.735996165318554,30.149287881405822,30.717069625854492,4205100.0
2024-09-16,30.840089109834363,31.057738890275566,30.802236032400724,30.925256729125977,3220300.0
2024-09-17,30.859014908712965,30.99149706668632,30.54673244217457,30.66029167175293,3541300.0
2024-09-18,30.61297375577559,30.745459524632366,30.23445381721765,30.423715591430664,5321900.0
2024-09-19,30.196597754125946,30.291226826940118,29.9316316574182,30.08304214477539,5627900.0
2024-09-20,30.414252214166094,30.859016866900806,30.272306778053927,30.717069625854492,11579500.0
2024-09-23,30.830622414412595,31.152362688404764,30.745454809571275,31.07666015625,4593500.0
2024-09-24,30.84955118118989,31.2470012823262,30.75492209561222,30.821163177490234,4887800.0
2024-09-25,30.95364116614056,31.067200385358476,30.73599141077449,30.982032775878906,5073900.0
2024-09-26,30.821162244352198,31.199685794939192,30.77384770299585,30.849550247192383,2913500.0
2024-09-27,30.896867440528126,31.218611365591684,30.859014364669356,31.114517211914062,3111300.0
2024-09-30,31.20914881211005,31.36055751790474,31.01988702739962,31.303781509399414,4206700.0
2024-10-01,31.313244223032836,31.597135106486512,31.161835511199644,31.44572639465332,3777300.0
2024-10-02,31.142903850894726,31.407868150573876,31.114515850177057,31.28485107421875,4359500.0
2024-10-03,31.332167508498276,31.37948204918084,30.906329422619084,30.991497039794922,6372600.0
2024-10-04,30.707603668701278,30.821159279004785,30.348006691227777,30.80223274230957,4305700.0
2024-10-07,30.660289111852283,30.707603648625497,30.139820182677514,30.15874671936035,3992200.0
2024-10-08,30.376394355847804,30.489953574764886,30.253375478555363,30.395320892333984,3630700.0
2024-10-09,30.452102660650795,30.518343738114627,30.101968930569686,30.139822006225586,6782000.0
2024-10-10,30.22498844338606,30.281766249722793,29.732909308643926,29.780223846435547,6519300.0
2024-10-11,29.87485351843736,30.026262199166386,29.704518301383743,30.007335662841797,4188800.0
2024-10-14,30.026266265033804,30.442639290952922,29.997878261636735,30.35747528076172,3482000.0
2024-10-15,30.584583366023175,30.94418034797517,30.54673029216132,30.6035099029541,3210100.0
2024-10-16,30.641365624615013,30.915791409157766,30.603512547482175,30.86847686767578,2711500.0
2024-10-17,30.887399798658514,30.887399798658514,30.53726790074476,30.63189697265625,2522300.0
2024-10-18,30.726531509858006,30.95364274010678,30.537269744738747,30.906328201293945,3130900.0
2024-10-21,30.896869779080767,31.265928271967447,30.87794323971885,30.972572326660156,4039400.0
2024-10-22,30.877942187268005,30.972571270983952,30.612974255100678,30.925256729125977,2841100.0
2024-10-23,30.944187402175103,31.36056047997067,30.915795785372502,31.351099014282227,2474400.0
2024-10-24,31.28484942132743,31.370017028848565,30.982032063445093,31.10504913330078,2212600.0
2024-10-25,31.35109701809377,31.417338103301073,30.679217481197927,30.688682556152344,3001000.0
2024-10-28,30.91578881751984,31.05773603993463,30.811698278932525,30.953641891479492,2711000.0
2024-10-29,30.6413622567866,30.745456402526727,30.38585942902476,30.395320892333984,3825300.0
2024-10-30,30.527807359228728,30.594052051241476,30.395325194939698,30.50888442993164,4346000.0
2024-10-31,30.679211252839252,31.133440901857053,30.612970181079923,30.811697006225586,7185600.0
2024-11-01,30.054652534307763,31.30377687977794,29.780223167557338,29.86539077758789,5959100.0
2024-11-04,30.338546752929688,30.735993213905438,30.13982171750784,30.338546752929688,15464500.0
2024-11-05,30.243912708674927,30.859012520074423,30.17767163481563,30.840085983276367,4081100.0
2024-11-06,30.80223274230957,31.133441719674135,30.603509521811493,30.80223274230957,7087100.0
2024-11-07,30.859012736719905,31.000956348900143,30.376395069650787,30.6035099029541,6239900.0
2024-11-08,30.68867779007282,31.398406686957266,30.67921271658837,31.28485107421875,6209900.0
2024-11-11,31.22807438272245,31.776933180367635,31.22807438272245,31.663373947143555,4816600.0
2024-11-12,31.68229615216852,31.776928833577042,31.417331863960026,31.455184936523438,4069600.0
2024-11-13,31.578203700416356,31.795853464522327,31.417333548199373,31.691762924194336,3685400.0
2024-11-14,31.739078419476005,31.748539883475505,31.38894288373868,31.426795959472656,3693500.0
2024-11-15,31.502502662502085,31.937802211460326,31.398408507345106,31.890487670898438,4465800.0
2024-11-18,31.89048659772037,32.22169198037591,31.83370698503602,32.17437744140625,4192000.0
2024-11-19,32.041893769182124,32.32578459940825,31.899946549135183,32.30685806274414,8460000.0
2024-11-20,32.2690120722361,32.47720041136942,31.966194638879582,32.42988586425781,4584500.0
2024-11-21,32.5055767273583,33.01658231607011,32.35416806513265,32.978729248046875,4976200.0
2024-11-22,33.054438121461175,33.120679191053874,32.58128556158898,32.60021209716797,11916300.0
2024-11-25,32.64752747746279,32.884103763531364,32.25008104960406,32.55289840698242,5393700.0
2024-11-26,32.6002141709274,32.978734076982974,32.52450802379562,32.96927261352539,6555800.0
2024-11-27,33.0639021515497,33.25316391216724,33.00712615027192,33.12068176269531,2929500.0
2024-11-29,33.07336608107165,33.26262783514303,32.92195739978808,33.054439544677734,2348400.0
2024-12-02,33.063900404866416,33.10175347696381,32.39202461954211,32.59074783325195,4248700.0
2024-12-03,32.76108929542841,32.81786891440249,32.41095733642578,32.41095733642578,3745400.0
2024-12-04,32.38256774668548,32.51504990793807,32.05135873368584,32.19330596923828,2995100.0
2024-12-05,32.174372955642866,32.50557829212163,32.08920535342441,32.25954055786133,2764100.0
2024-12-06,32.19330657695877,32.306862201623446,31.758007007520668,31.795856475830078,3815800.0
2024-12-09,31.72961523130793,31.79585631284512,31.35109528107656,31.37002182006836,3854200.0
2024-12-10,31.34903521861718,31.492095859640283,30.90078557723237,31.39672088623047,4541700.0
2024-12-11,31.56839152801468,31.59700583851997,31.158288246542693,31.215513229370117,4023900.0
2024-12-12,31.368110848632476,31.396721522143288,30.795875549316406,30.795875549316406,4013200.0
2024-12-13,30.82448622282722,31.062918203906133,30.690964895532357,30.795875549316406,2872600.0
2024-12-16,30.853096451907277,31.263199744510242,30.805410784015056,30.824485778808594,4056300.0
2024-12-17,30.671888265703213,30.977080894163297,30.633738277599925,30.76725959777832,4166300.0
2024-12-18,30.67188806681667,30.80540938612927,30.109188479582787,30.128263473510742,4363500.0
2024-12-19,30.080579263225946,30.795875198309854,30.06150426837505,30.538368225097656,5326900.0
2024-12-20,30.395308568126055,30.958006348059072,30.3762335737984,30.92939567565918,10037100.0
2024-12-23,30.786334639546123,30.967545264226047,30.624202647130527,30.910320281982422,3014800.0
2024-12-24,30.91032284467123,31.11060484185407,30.824487183280954,31.091529846191406,964200.0
2024-12-26,31.07245888623823,31.167830227588265,30.929398236029716,31.110605239868164,1636400.0
2024-12-27,30.900785755612436,31.234589069015637,30.834025092931796,31.01523208618164,2271200.0
2024-12-30,30.910319882140126,30.958005547634748,30.586052263320394,30.891244888305664,2513900.0
2024-12-31,30.948470227215548,31.081991547415683,30.700498942686917,30.958005905151367,3592600.0
2025-01-02,31.07245828687418,31.167829626384574,30.595594312955427,30.69096565246582,2820000.0
2025-01-03,30.767264652652283,30.996160980695173,30.662357625407324,30.776803970336914,3134700.0
2025-01-06,30.671888790876633,30.74818876838964,30.195024845969854,30.26178550720215,3867000.0
2025-01-07,30.404844682902763,30.65281415544905,30.3476215181895,30.5192928314209,3498200.0
2025-01-08,30.423919941613605,30.690964411079722,30.147339793855505,30.681425094604492,3624700.0
2025-01-10,30.46206930999062,30.74818876838964,30.22363733753723,30.26178550720215,3820200.0
2025-01-13,30.299937452535104,30.32854812685839,29.775385987810512,30.214101791381836,4824100.0
2025-01-14,30.22363729600589,30.614663765673214,30.137801640513295,30.50021743774414,4254000.0
2025-01-15,30.77679904314235,30.929395358013217,30.50975458257255,30.624202728271484,4313900.0
2025-01-16,30.614664250952913,31.663767127845677,30.547903588754117,31.63515281677246,6654900.0
2025-01-17,31.606543734691567,31.82590072698295,31.482558082289167,31.711454391479492,4793300.0
2025-01-21,31.902197201251784,32.226464814672354,31.835436543034284,32.01664352416992,4599400.0
2025-01-22,32.0071126740283,32.016648353133455,31.12014535172265,31.14875602722168,6217600.0
2025-01-23,31.215514470622644,31.501632119770626,31.091528821991307,31.225053787231445,2960500.0
2025-01-24,31.129679513536534,31.425336485955658,31.129679513536534,31.35857582092285,2702800.0
2025-01-27,31.58746596414032,31.978494244427033,30.74818805993372,31.95941925048828,5397400.0
2025-01-28,31.930814209206936,31.9975748806733,31.14875751072917,31.3204288482666,4414900.0
2025-01-29,31.320423878795484,31.587466522290487,31.148752568496366,31.215513229370117,3682200.0
2025-01-30,31.62561722450855,31.94988485814843,31.501631578009505,31.921274185180664,4395800.0
2025-01-31,31.98803621996883,32.06433256388402,31.806825581576394,32.045257568359375,4422900.0
2025-02-03,31.835437343430872,32.283686968706256,31.720987379452257,32.245540618896484,5122500.0
2025-02-04,32.14062996540087,32.37906193304007,31.80682302779613,32.05479431152344,3990400.0
2025-02-05,32.38859859754675,32.4172129084996,32.09294527710532,32.35044860839844,3233100.0
2025-02-06,32.42674752497614,32.588879516273145,32.14062989209827,32.53165817260742,2898200.0
2025-02-07,32.38860089165306,32.68425787121929,32.30276522908115,32.560272216796875,3110500.0
2025-02-10,32.50304971288705,32.655646036686285,32.15016775807735,32.6461067199707,4823100.0
2025-02-11,32.58888058275025,32.94176252509141,32.197852289444626,32.92268753051758,4178500.0
2025-02-12,32.40767359157362,32.93222320871289,32.35044860785211,32.92268753051758,6925100.0
2025-02-13,32.61749753902204,33.26603285439666,31.902201556316218,32.817779541015625,10472900.0
2025-02-14,32.89407422729932,33.04667053350409,32.14062837370822,32.16923904418945,7404300.0
2025-02-18,32.29322506644196,32.68425333315849,32.15016443595762,32.61749267578125,4573500.0
2025-02-19,32.66517711554307,33.08481603735459,32.550730798354984,32.79869842529297,4760700.0
2025-02-20,32.7224091096902,32.89408044137415,32.42675211886038,32.5698127746582,5031300.0
2025-02-21,32.49350924788558,33.246955161723534,32.49350924788558,33.113433837890625,4496200.0
2025-02-24,33.26603317260742,33.52354016542675,32.91315119827155,33.26603317260742,5803700.0
2025-02-25,33.42816126439003,33.447236258456755,33.15157930769718,33.36140060424805,4635300.0
2025-02-26,33.31371378025999,33.475845766917125,33.103892491002064,33.25648880004883,3073100.0
2025-02-27,33.05620849725878,33.39001180323696,32.79870153056854,32.855926513671875,5263700.0
2025-02-28,33.17065386948099,33.64751780038523,32.97991120766574,33.58075714111328,4565600.0
2025-03-03,33.52354245915388,34.03855284184673,33.51400314125776,34.01947784423828,3407200.0
2025-03-04,34.08623673205168,34.24836872865359,33.04667317597417,33.113433837890625,8644600.0
2025-03-05,33.0466754899529,33.32325383518042,32.72240783586016,32.94176483154297,5309400.0
2025-03-06,32.84638800324831,32.86546299808407,32.188317053239174,32.32183837890625,4846300.0
2025-03-07,32.312304197889425,32.80824317205063,32.23600421501074,32.49351119995117,8132200.0
2025-03-10,32.50601146176773,33.236698038142684,32.45793693625627,32.957881927490234,6780800.0
2025-03-11,32.909811069550145,33.30399797277309,32.755982123599026,32.957881927490234,7892000.0
2025-03-12,32.86173942921116,33.03479744773229,32.61176510576009,32.65983963012695,5036100.0
2025-03-13,32.77520615039935,32.948264146376594,32.602148154422096,32.83289337158203,4855800.0
2025-03-14,32.74637075621412,33.659728097086266,32.70791260126309,33.54435729980469,3955600.0
2025-03-17,33.53473977497427,34.053910121907855,33.53473977497427,33.79432678222656,5407100.0
2025-03-18,33.65010877693705,33.76547955153816,33.25592193511005,33.47705078125,3643100.0
2025-03-19,33.448215821117714,33.66934471232293,33.32322865041162,33.6405029296875,3823400.0
2025-03-20,33.698182192454595,33.7847111968846,33.50589510843556,33.630882263183594,3041100.0
2025-03-21,33.53473937609747,33.659722858880826,33.11170707261244,33.41936492919922,8732300.0
2025-03-24,33.44821118937645,33.65972367869963,33.31361133228778,33.438594818115234,5036400.0
2025-03-25,33.361681116524096,33.37129381990615,32.60214918435959,32.765594482421875,5316100.0
2025-03-26,32.82328329878204,33.332841013834155,32.78482514394789,33.265541076660156,3559800.0
2025-03-27,33.409753400211585,33.72702763897865,33.24631176271661,33.630882263183594,6714800.0
2025-03-28,33.84240448638178,34.58270750858436,33.70780460372163,34.332733154296875,10031800.0
2025-03-31,34.54424240994463,35.015341904590926,34.4096425543314,34.71730041503906,7952100.0
2025-04-01,34.650006151608125,34.70768971768871,34.34234824060639,34.66923522949219,5188500.0
2025-04-02,34.70768104585306,34.90958447940359,34.39041050896625,34.73652648925781,3650500.0
2025-04-03,34.99611742498232,35.226858992843304,34.62115595895881,34.832672119140625,5113300.0
2025-04-04,34.99611552360145,35.08264452374087,32.94826496534916,33.13093566894531,8277400.0
2025-04-07,32.727136863133744,32.98672386949924,31.621488910196003,32.22719192504883,8720100.0
2025-04-08,32.746362890834206,33.13093334525963,31.842614804414648,32.24641799926758,5888300.0
2025-04-09,31.909916495059004,33.16939333024301,31.246529948779646,32.842506408691406,7180100.0
2025-04-10,32.707908180207184,33.28476575621402,32.23680501466381,32.88096618652344,6395700.0
2025-04-11,32.92903946937717,33.525126164238635,32.448323564714734,33.400142669677734,4405200.0
2025-04-14,33.611652874408065,34.17889774980738,33.49628209210156,34.08275604248047,5074800.0
2025-04-15,34.207747595678875,34.342347470276486,33.96738962887699,34.00584411621094,2505100.0
2025-04-16,34.11159861010966,34.323114772206154,33.79432803453605,33.9193115234375,3984800.0
2025-04-17,34.111597149071244,34.755758311697164,33.88085558900447,34.342342376708984,5110900.0
2025-04-21,34.19812891906083,34.265428851825284,33.43859691492332,33.948158264160156,13269500.0
2025-04-22,34.24620111263957,34.909591429461244,34.17890117724772,34.813446044921875,8669300.0
2025-04-23,34.61153994289955,35.246084695149875,34.467323726109164,34.84228515625,8009200.0
2025-04-24,34.66923129027107,35.20763073956377,34.50578598061352,34.85190200805664,9141900.0
2025-04-25,34.79420965631987,34.93842586903746,34.486551825588286,34.54423904418945,5288900.0
2025-04-28,34.5250119774642,35.1114858974903,34.467324755511015,35.05379867553711,5004400.0
2025-04-29,34.84228722857993,35.159557789790156,34.76537093036474,34.98649978637695,7234200.0
2025-04-30,35.27492916334878,35.28454553457304,34.53462628463494,35.09225845336914,8536800.0
2025-05-01,35.05379889428448,35.20762781954875,34.62115389586286,34.68845748901367,5056000.0
2025-05-02,34.80383171489026,34.94804428360736,34.50578653809426,34.774986267089844,5342300.0
2025-05-05,34.80382849004312,34.97688649052545,34.457712489078446,34.880741119384766,3842500.0
2025-05-06,34.84228790170014,35.0057295372085,34.67884259862075,34.72691345214844,3957100.0
2025-05-07,34.65961814643268,35.16917953098802,34.65961814643268,34.9288215637207,4791600.0
2025-05-08,34.784599828895054,34.832670681250804,34.169284116571156,34.24619674682617,4920000.0
2025-05-09,34.35195422762125,34.36157059846842,33.85200930312373,34.140438079833984,4788100.0
2025-05-12,33.80394307841902,33.80394307841902,33.082869204163,33.236698150634766,6605900.0
2025-05-13,33.21746474285558,33.25592289135204,32.448320110780884,32.486778259277344,7327600.0
2025-05-14,32.381020854646415,32.44832078212218,31.842617767269356,32.22719192504883,5657900.0
2025-05-15,32.486780332407896,33.17900871166395,32.4002513265545,33.09247970581055,6865600.0
2025-05-16,33.15016170312543,33.56357759170481,33.00594916116529,33.515506744384766,4822700.0
2025-05-19,33.3905221559814,33.73663815121751,33.31360952791273,33.66933822631836,6537400.0
2025-05-20,33.5635863772802,33.73664440698833,33.4001447200956,33.54435729980469,9251400.0
2025-05-21,33.428983384708935,33.60204139827649,33.111709137311344,33.284767150878906,4491700.0
2025-05-22,33.179003397192105,33.25591968677328,32.68867488760901,33.054019927978516,7285100.0
2025-05-23,33.265536223767,33.41936515309096,32.804049435795115,33.33283615112305,5245800.0
2025-05-27,33.63088468572391,33.650113762268056,33.30399771961617,33.505897521972656,4646300.0
2025-05-28,33.39052688319049,33.41936866435311,32.727140243450634,32.86174011230469,3842400.0
2025-05-29,32.71752190296954,33.1309378567612,32.68868012354211,33.09247970581055,4669700.0
2025-05-30,33.092481446115755,33.496284717190996,32.90019801639275,33.40975570678711,5618300.0
2025-06-02,33.15978012068154,33.41936344575264,33.044405678904624,33.38090896606445,4601200.0
2025-06-03,33.44821153509775,33.44821153509775,32.89057935845694,33.169395446777344,3446800.0
2025-06-04,33.11170644504547,33.275151741268076,32.83289403925307,32.85211944580078,3664100.0
2025-06-05,32.890578633850915,32.909807708577425,32.65022070112607,32.784820556640625,3537900.0
2025-06-06,32.82327640390812,32.91942177079713,32.55407671176035,32.727134704589844,3231900.0
2025-06-09,32.592533780619775,32.919420682090184,32.419475793513634,32.611759185791016,5254300.0
2025-06-10,32.65343851892614,32.76005467545846,32.50805587601423,32.682518005371094,3730100.0
2025-06-11,32.72128797127028,32.895750119179105,32.6437512929378,32.74067306518555,3340000.0
2025-06-12,32.88605688312358,33.3319029167838,32.79882581590064,33.32221221923828,4639400.0
2025-06-13,33.351291401240914,33.36098209977204,32.76975335882743,32.8472900390625,4193500.0
2025-06-16,32.97329491757029,33.157447788473,32.51775439278098,32.62437057495117,3486900.0
2025-06-17,32.5662086063069,32.62436388392589,32.265748915262996,32.42082595825195,2876100.0
2025-06-18,32.52744276396526,32.624364531258344,32.26574955547982,32.5565185546875,4500000.0
2025-06-20,32.60497866707038,33.031443306660236,32.537132692104414,32.730979919433594,6190400.0
2025-06-23,32.9054410039187,33.322211235307755,32.6437478099771,33.24467086791992,4275900.0
2025-06-24,33.2446750759328,33.51606269881343,33.14775330175815,33.15744400024414,4949500.0
2025-06-25,33.002364993438995,33.1089811571296,32.46928787231445,32.46928787231445,3772400.0
2025-06-26,32.508057503277456,32.701904734191665,32.29482517953898,32.585594177246094,4750200.0
2025-06-27,32.604979606898546,32.89574860760947,32.39174728095726,32.527442932128906,7825200.0
2025-06-30,32.3529830727439,32.856984434922325,32.29482778957107,32.8472900390625,6646100.0
2025-07-01,32.86667349349278,33.1865219889907,32.624365371689585,32.9442138671875,4755300.0
2025-07-02,32.77944438484939,32.82790527264656,32.352983395974086,32.508060455322266,3583100.0
2025-07-03,32.46928531350638,32.895746237332204,32.42082443310112,32.76974868774414,2411900.0
2025-07-07,32.76975432033162,32.798830114106806,32.52744617932827,32.64375305175781,2797800.0
2025-07-08,32.537134828099354,32.67282678693917,32.18821053546635,32.54682922363281,3952500.0
2025-07-09,32.508058143074976,32.837597332916346,32.35298109475719,32.72128677368164,2845900.0
2025-07-10,32.56621112803674,33.360981497063364,32.53713533563997,33.27375411987305,3155000.0
2025-07-11,33.02175181568256,33.33190592775275,32.92483004215888,33.215599060058594,2934400.0
2025-07-14,33.21559560836381,33.73898200459128,33.03144277887412,33.69051742553711,8490000.0
2025-07-15,33.632368344645066,34.7469834964484,32.88605887917924,34.262367248535156,24821800.0
2025-07-16,34.204213991581746,34.50467368429723,33.651751791776995,34.07821273803711,14448300.0
2025-07-17,34.08790529771589,34.669447016922256,33.923137547204334,34.51436996459961,6668100.0
2025-07-18,34.59190751996064,35.124988367093664,34.59190751996064,34.87298583984375,7252700.0
2025-07-21,35.105601065880045,35.42544585672322,34.82452276366774,35.08621597290039,5197000.0
2025-07-22,35.21222089937697,35.687142786238184,35.12498982053917,35.677452087402344,6580700.0
2025-07-23,35.76467947469433,35.85191054452836,35.2412930556902,35.36729431152344,3700700.0
2025-07-24,35.48360078441392,35.67744801496314,35.20252248498398,35.454524993896484,5838200.0
2025-07-25,35.5223722220286,35.59990889858415,35.3382156827182,35.44483184814453,3422700.0
2025-07-28,35.42544538570554,35.44483047842744,34.57251979258353,34.611289978027344,5876600.0
2025-07-29,34.66944571715895,35.18313774047022,34.59190534524034,35.08621597290039,4391000.0
2025-07-30,35.10560688275165,35.36730013534593,34.640375666138176,34.93114471435547,7615700.0
2025-07-31,34.398063953999525,34.85360072676369,34.223601803637536,34.5919075012207,7921200.0
2025-08-01,34.71790893559927,34.931141275386125,34.40775482172495,34.56283187866211,5285100.0
2025-08-04,34.630674347582435,35.154060748159296,34.62098365008804,35.066829681396484,6156700.0
2025-08-05,35.06683266830205,35.17344883646326,34.475600242919775,34.67913818359375,6137800.0
2025-08-06,34.74698137002165,35.31882865545683,34.60159872294185,35.03775405883789,5145800.0
2025-08-07,35.08621644534151,35.39637054253536,34.960215187941365,35.25098419189453,4320700.0
2025-08-08,35.3672973778499,35.44483405924229,35.105604145659164,35.23160171508789,3591900.0
2025-08-11,35.280064070250724,35.347910048678514,34.9699099696298,35.163753509521484,29778900.0
2025-08-12,35.27036457211731,35.77436583704203,35.018365788318945,35.76467514038086,11960500.0
2025-08-13,35.61929366540046,36.10390990574605,35.61929366540046,36.09421920776367,5064300.0
2025-08-14,36.05544717630403,36.16206333529732,35.890675740406685,35.93914031982422,9394600.0
2025-08-15,35.93914514294216,35.93914514294216,35.25098721454079,35.42544937133789,9425500.0
2025-08-18,35.47390916136817,35.51267934997328,35.08621836730309,35.1249885559082,3874500.0
2025-08-19,35.16375158583394,35.609601316248074,35.13467579590653,35.59990692138672,6901500.0
2025-08-20,35.76467682700825,36.22990793257215,35.735597340997394,35.948829650878906,8128100.0
2025-08-21,35.851914644457906,35.919760629051005,35.56114191354021,35.5902214050293,4367100.0
2025-08-22,35.793750927692365,35.890672683616046,35.512672659254505,35.76467514038086,3406700.0
2025-08-25,35.648366162919515,35.764676711932374,35.25098103044596,35.38667297363281,5079300.0
2025-08-26,35.3963737487793,35.502989922596186,35.13468051231843,35.3963737487793,4134700.0
2025-08-27,35.435142177436525,35.725911193274946,35.3382167072713,35.49329376220703,3628100.0
2025-08-28,35.444829399794436,35.47390518932829,35.21221568886706,35.43513870239258,4390500.0
2025-08-29,35.49329449698137,35.55144978028442,35.289756551413745,35.3479118347168,6490500.0
2025-09-02,35.212211119280674,35.435134103876855,35.057130402349976,35.2994384765625,4768700.0
2025-09-03,35.08621335817202,35.30913636483248,34.872981048614974,35.10559844970703,5387900.0
2025-09-04,35.29944707991153,35.580525401862474,35.16375511685348,35.37698745727539,7565700.0
2025-09-05,35.49329284559579,35.59021831325793,34.76636847610819,34.853599548339844,4089000.0
2025-09-08,34.80513754608662,34.853598429698046,34.41744308253838,34.553138732910156,4530900.0
2025-09-09,34.49498431310914,34.85359929755735,34.3883681481122,34.63067626953125,3605600.0
2025-09-10,34.59453750086704,35.0340510263809,34.47733513599535,34.95591735839844,4345400.0
2025-09-11,34.88755183745075,35.190324948462134,34.69221206292309,35.1414909362793,3412200.0
2025-09-12,35.06335598488321,35.40519778350897,35.04382163556228,35.31729507446289,2841600.0
2025-09-15,35.28799255268482,35.39542960234221,35.0535841056327,35.13172149658203,2970000.0
2025-09-16,35.170784760077815,35.170784760077815,34.65313761043583,34.662906646728516,5112600.0
2025-09-17,34.828943410161,35.04381750154695,34.66290704921422,34.78010940551758,4142500.0
2025-09-18,34.55547656376083,34.93638708840812,34.38943644549616,34.750816345214844,3795300.0
2025-09-19,34.877776381349804,34.994982459976,34.545699943500175,34.85824203491211,6140500.0
2025-09-22,34.907079763904164,35.02428211673473,34.6922056788851,34.85824203491211,4261400.0
2025-09-23,34.83871056275836,35.473563834075925,34.78987655553299,35.46379852294922,3515400.0
2025-09-24,35.44426701855064,35.727509499296275,35.346595270467894,35.64937210083008,4598700.0
2025-09-25,35.70797460928904,35.90331065090595,35.258692026500114,35.31729507446289,3593500.0
2025-09-26,35.47356682606189,35.87401168035856,35.37589880337344,35.8642463684082,3965700.0
2025-09-29,35.93261218293726,36.21585464477539,35.610301024474026,36.21585464477539,4187700.0
2025-09-30,36.215857415435394,36.44049684952167,36.04005199296852,36.29399108886719,6970600.0
2025-10-01,36.25492138518478,36.34282409398378,35.649371461122875,35.737274169921875,5867200.0
2025-10-02,35.55170440673828,35.7958781905049,35.434498307957,35.55170440673828,5288100.0
2025-10-03,35.620071875371416,36.04005107098762,35.5907684885124,35.84471130371094,6528800.0
2025-10-06,35.815404758726686,36.352590002818765,35.815404758726686,36.28422164916992,5146300.0
2025-10-07,36.53816509054059,36.928844637416944,36.41119367893633,36.616302490234375,6031000.0
2025-10-08,36.704205776986235,36.72373640141935,36.23538882307178,36.420963287353516,3351400.0
2025-10-09,36.528399413446046,36.72373545913594,36.0205174979006,36.07911682128906,4281400.0
2025-10-10,36.176787365714915,36.59676655640158,36.08888465776198,36.36235809326172,3324100.0
2025-10-13,36.18655243120298,36.66513466586818,36.14748373331274,36.56746292114258,3560600.0
2025-10-14,36.684664827762504,37.07534058468634,36.567458747469246,36.9776725769043,3969500.0
2025-10-15,37.0753444881065,37.33905260783692,36.94837680978139,37.085113525390625,5522200.0
2025-10-16,37.094878448284334,37.37812091381978,36.41119115160417,36.440494537353516,5112900.0
2025-10-17,36.56746292114258,36.674899977442685,35.99121266754788,36.56746292114258,7605200.0
2025-10-20,36.577228631762075,36.967904397743666,36.577228631762075,36.79209899902344,5964400.0
2025-10-21,37.231618790884454,37.339055855578295,36.3428263363214,36.64560317993164,7778300.0
2025-10-22,36.85070490912343,37.143712687867364,36.723733505542505,36.8702392578125,5745100.0
2025-10-23,37.11441457263343,37.18278293299301,36.186553463158354,36.48933029174805,6242900.0
2025-10-24,36.64559712603115,36.821402525432994,36.40142337417257,36.479557037353516,3200700.0
2025-10-27,36.56746363651257,36.63583199625993,36.186553139121216,36.586997985839844,3603700.0
2025-10-28,36.47956063596963,36.58699769351312,36.04005081990427,36.0498161315918,3457600.0
2025-10-29,35.903310473683526,36.098650240132386,35.45403161890845,35.62983703613281,4331200.0
2025-10-30,35.71774028221372,36.40142761217455,35.68844062083415,35.9619140625,6010000.0
2025-10-31,35.80564388978823,35.86424693981274,35.54193575337239,35.668907165527344,3599500.0
2025-11-03,35.55170090600229,35.60053491278773,34.98521599506265,35.561466217041016,4870000.0
2025-11-04,35.66890526592635,35.70797396386203,35.26846042657592,35.40519714355469,9326800.0
2025-11-05,35.913079434406136,36.13771886131335,35.18055810613627,35.52239990234375,7226300.0
2025-11-06,35.66890645044663,36.127954351944986,35.63960678891991,35.64937210083008,4855800.0
2025-11-07,35.717739507476445,35.88377961188364,35.502865393230465,35.727508544921875,4770500.0
2025-11-10,35.66890698028234,36.04005217691742,35.454032857104714,35.981449127197266,3605800.0
2025-11-11,36.088886905321914,36.16702058070383,35.864247465628914,36.00098419189453,4820500.0
2025-11-12,36.1084181477561,36.167017467799795,35.913078387419716,36.02051544189453,4527000.0
2025-11-13,35.8837784882182,35.971681193493865,35.34659321942468,35.698204040527344,6194800.0
2025-11-14,35.71773814776673,35.991211573090155,35.502864041700626,35.9033088684082,4538300.0
2025-11-17,36.05958136678513,36.176787461563656,35.86424532707985,35.942378997802734,5757500.0
2025-11-18,36.059578088960194,36.1377154783765,35.62006831377874,35.63960266113281,6930100.0
2025-11-19,35.40519530123716,35.522397663149434,34.67267401914259,34.72150802612305,12889400.0
2025-11-20,34.68244282803999,34.84848293947423,34.30153231906229,34.71174621582031,21880600.0
2025-11-21,34.86801857369455,35.327062773469834,34.73128184500419,35.278228759765625,8228000.0
2025-11-24,35.2586918524596,35.68844008380632,34.965684065684385,35.62983703613281,7658200.0
2025-11-25,35.64936891957317,35.815405287802854,35.258689413697844,35.561466217041016,8341700.0
2025-11-26,35.69820585868356,35.932614326622726,35.600537837090016,35.85447692871094,5127100.0
2025-11-28,35.83494549796275,36.07911929763057,35.825180185326495,36.04005432128906,1638100.0
2025-12-01,35.76657264783244,35.883778739551595,34.94614863477858,34.96568298339844,5386900.0
2025-12-02,35.01451563097818,35.102418333452604,34.32106304801102,34.399200439453125,7083700.0
2025-12-03,34.54570713431067,34.555476172460786,33.783886093642806,33.99876022338867,10193300.0
2025-12-04,33.92061893087432,34.09642433944864,33.246700681870074,33.3639030456543,9998500.0
2025-12-05,33.30529704071914,33.490871469829436,32.992754947875696,33.070892333984375,9133800.0
2025-12-08,33.051360450052265,33.30529952223472,32.96345774702835,33.13926315307617,7739900.0
2025-12-09,33.36390561349737,33.44204301256465,33.01229476928711,33.01229476928711,7503500.0
2025-12-10,33.103863516659125,33.261407040742746,32.660771181382096,32.7493896484375,6057300.0
2025-12-11,32.79862464092423,33.12355651196988,32.74938923840575,32.946319580078125,6503900.0
2025-12-12,33.21217864025715,33.527265719224395,33.025096860912306,33.46818923950195,5978000.0
2025-12-15,33.61588259667922,33.80296812326337,33.42880082622916,33.734039306640625,6121100.0
2025-12-16,33.694653030003245,33.74388467478474,33.35987258690185,33.458335876464844,6285900.0
2025-12-17,33.35987562216141,33.94081809816126,33.34018221123026,33.81281280517578,8165900.0
2025-12-18,33.90143133888755,34.30513687338638,33.83250627856829,34.21651840209961,10165300.0
2025-12-19,34.20667266694115,34.35436761107701,33.75373173897618,33.763580322265625,13273000.0
2025-12-22,33.64541808764393,34.20667086543027,33.55680337950974,34.14759063720703,4692600.0
2025-12-23,34.20667536941404,34.305138673283636,34.05897665747538,34.27560043334961,4168900.0
2025-12-24,34.41344639141083,34.46267803738032,34.16728440542954,34.43313980102539,2151700.0
2025-12-26,34.42329384846942,34.58083738129015,34.34452396012611,34.54145431518555,2280800.0
2025-12-29,34.580835166286505,34.84669056516781,34.55129692956653,34.67930221557617,4219300.0
2025-12-30,34.698994451742806,34.85653796914352,34.63991422416739,34.78761291503906,3635800.0
2025-12-31,34.78761450616922,34.856539563426196,34.48237228393555,34.48237228393555,3302100.0
2026-01-02,34.46267963627498,34.80730493018413,34.23621104940125,34.57099151611328,4367500.0
2026-01-05,34.41344771311316,34.50206618171531,33.862043491129356,34.246055603027344,6375400.0
2026-01-06,34.26575164178778,34.580838719623614,34.20667516227747,34.3543701171875,4987800.0
2026-01-07,34.56114145133845,34.56114145133845,33.80296583723709,33.91127395629883,4804800.0
2026-01-08,33.79311960050099,34.4036003185566,33.79311960050099,34.13774490356445,4235900.0
2026-01-09,34.3248306363129,34.492218997052014,34.049130392208895,34.05897521972656,5559000.0
2026-01-12,34.03928228757534,34.28544429645635,33.891583579793064,34.265750885009766,4886300.0
2026-01-13,34.236210362471304,34.46267894480107,33.88173649234335,34.44298553466797,4810100.0
2026-01-14,34.46267684176983,35.08300607663912,34.44298343283849,34.98453903198242,5692200.0
2026-01-15,35.05346562053824,35.26024454530751,34.95500232770248,35.16177749633789,3407200.0
2026-01-16,35.41778952698046,36.32366387802602,35.329171057323045,36.26458740234375,14281900.0
2026-01-20,35.998731792841426,36.53043885169004,35.66395132668208,36.34335708618164,10434100.0
2026-01-21,36.431977833305325,36.62890819444193,36.0578105227592,36.609214782714844,6438900.0
2026-01-22,36.58951971132998,36.63875136034748,36.057808887219196,36.067657470703125,6211600.0
2026-01-23,36.03811443526983,36.067656428734125,35.36855351079955,35.65410232543945,7805900.0
2026-01-26,35.86087784743294,36.27443195474557,35.772263134580925,35.93965148925781,5119000.0
2026-01-27,35.9298081077234,36.353203303098375,35.80180281267471,36.15627670288086,5832900.0
2026-01-28,36.16611965817509,36.44181988911436,36.03811436975303,36.13658142089844,5360100.0
2026-01-29,36.303967721976676,36.500898057004314,35.64425541918788,35.752567291259766,9384000.0
2026-01-30,35.63440884403033,35.801800952880676,35.35870861314029,35.69348907470703,9364400.0
2026-02-02,35.78210943503967,35.78210943503967,35.23070518796389,35.27009201049805,7745000.0
2026-02-03,35.299630959523995,35.998733927101036,34.77776869691656,34.95500564575195,13508800.0
2026-02-04,35.21100847758613,35.41778739844914,34.561140991198705,34.59068298339844,16997700.0
2026-02-05,34.79745887515465,35.23070262308682,34.6793021722884,35.12239074707031,10029800.0
2026-02-06,35.34886350768454,35.68364396661453,35.053466112761555,35.368553161621094,9732600.0
2026-02-09,35.339015470141284,35.339015470141284,34.758073010562896,35.132240295410156,8768700.0
2026-02-10,35.30947544608269,35.91995611226716,35.05346488030182,35.51625061035156,12552300.0
2026-02-11,35.595025357027126,35.595025357027126,35.24055148944414,35.44732666015625,12726300.0
2026-02-12,35.624563268106314,36.431974289711924,35.49655798239796,36.0479621887207,13416500.0
2026-02-13,35.92980760947692,37.308312572554186,35.92980760947692,37.23938751220703,11521900.0
2026-02-17,37.41662403858358,37.55447415774428,36.934144865387076,36.99322509765625,8856300.0
2026-02-18,36.99322290406007,37.071996542414574,36.107038253240944,36.24489212036133,8909400.0
2026-02-19,36.392586719964655,36.59936188452344,36.15627331936427,36.402435302734375,11997400.0
2026-02-20,36.70767558924083,37.25907981170319,36.284276656233544,36.86521911621094,14518100.0
2026-02-23,36.13658396584145,36.72737128978474,35.900266782583614,36.687984466552734,29350000.0
2026-02-24,36.815986046176796,37.54462717785126,36.491054177661056,37.5347785949707,25234000.0
2026-02-25,37.47570178565664,37.85971387960547,36.9341424161044,37.69232177734375,13639300.0
2026-02-26,37.69232110873977,38.32249517543992,37.69232110873977,38.007408142089844,11179600.0
2026-02-27,38.04679608573183,38.44065676713684,38.01725784927329,38.38157653808594,8689600.0
2026-03-02,38.35204170785797,38.489891831752715,37.94833616382301,38.13541793823242,6058400.0
2026-03-03,37.6332463394954,38.05664526398242,37.09168695505812,37.662784576416016,12017200.0
2026-03-04,37.62339893386024,38.06649128220558,37.5741672854072,37.99756622314453,8289900.0
2026-03-05,37.53477893490897,37.78094092327877,37.11138001442222,37.377235412597656,9070600.0
2026-03-06,37.17046182873325,38.420965233707506,36.86521959793143,37.95817947387695,13228500.0
2026-03-09,37.77109825692923,37.85971672805664,37.05230566051094,37.721866607666016,7338800.0
2026-03-10,37.56809733499095,37.974828642340974,37.429214027742596,37.53833770751953,7557800.0
2026-03-11,37.41929554061255,37.60777948904975,37.151447539599914,37.33993148803711,6763100.0
2026-03-12,37.349856245592605,38.29227983158392,37.15144988590991,37.76650619506836,8034300.0
2026-03-13,38.29227796859208,38.64940864178853,38.06411199055798,38.20299530029297,8011700.0
2026-03-16,38.63949258090979,38.64941119613793,38.252602254139404,38.43116760253906,6157600.0
2026-03-17,38.65933420674291,38.689093837184394,38.07403750757815,38.12363815307617,6689800.0
2026-03-18,37.99467296320645,38.05419600761762,37.72682493978612,37.746665954589844,7249800.0
2026-03-19,37.67722461666267,37.974832272686676,37.0224862596952,37.349857330322266,7999000.0
2026-03-20,37.379613871292605,37.50857856581612,36.23878020248698,36.25862121582031,10368700.0
2026-03-23,36.794318919867315,36.88360159184176,36.387587588491854,36.6058349609375,6804100.0
2026-03-24,36.437189628249506,37.17129204642438,36.397507598232124,36.76456069946289,7888500.0
2026-03-25,37.06216826718011,37.280415647465894,36.84392088689434,36.86376190185547,5705400.0
2026-03-26,36.8835996168697,37.30024954091612,36.724875295668255,37.24073028564453,6593200.0
2026-03-27,37.24073364011324,37.736747661582136,37.111768934931064,37.349857330322266,5280200.0
2026-03-30,37.77642672677143,38.05419334602269,37.58793899146263,37.71690368652344,4100200.0
2026-03-31,37.88554726650792,37.90538828026034,37.310173004833494,37.895469665527344,6720500.0
2026-04-01,37.80618799988449,38.202996932612486,37.697064313491175,38.06411361694336,6350900.0
2026-04-02,38.193079266330244,38.43116765931036,37.96491327287955,38.33196258544922,3963300.0
2026-04-06,38.15339416040825,38.708931176376815,38.11371213406342,38.41132354736328,4257800.0
2026-04-07,38.36172130170698,38.71885199052718,38.36172130170698,38.550209045410156,5248400.0
2026-04-08,38.42124452076513,38.857735484498576,38.28236120431751,38.83789825439453,5331700.0
2026-04-09,38.738694204685714,39.522397264505265,38.70893457445779,39.492637634277344,9164700.0
2026-04-10,39.39343115408405,39.53231446924096,39.19502479630852,39.33391189575195,6038300.0
2026-04-13,39.58191706732658,39.79024203043266,39.0263800480907,39.18510437011719,6675500.0
2026-04-14,39.17518910915618,39.43311473542123,38.778376377978155,39.29423141479492,5589900.0
2026-04-15,39.13550535814197,39.304148301689985,38.78829328755867,39.04622268676758,7608500.0
2026-04-16,38.98670041727237,39.244629821594316,38.5204498213292,39.02638244628906,8343700.0
2026-04-17,38.99662382531781,39.056143086095744,38.2823624216892,38.70893478393555,6552100.0
2026-04-20,38.68909360014349,38.9569416253358,38.3815635450812,38.42124557495117,5643100.0
2026-04-21,38.54028517461898,38.63949024232938,37.83594622316388,37.90538787841797,7481100.0
2026-04-22,38.21291937816374,38.28236103608238,37.25065099802466,37.478816986083984,9105700.0
2026-04-23,37.77642939511468,38.252602397874114,37.71690635066226,38.23276138305664,9504400.0
2026-04-24,38.23276083923936,38.59981014742516,38.04427309329772,38.44108581542969,6394100.0
2026-04-27,38.4906868624812,38.81805792930944,38.43116760253906,38.43116760253906,7160000.0
2026-04-28,38.77837379992524,38.85773407031284,38.500607177139024,38.67917251586914,5548200.0
2026-04-29,38.510527156614415,38.77837517420192,38.24267913902691,38.351802825927734,6579400.0
2026-04-30,38.51052490589628,39.16526320474899,36.83399902448356,37.14152526855469,27330300.0
2026-05-01,37.29033239224039,37.91531108716242,37.20104972153724,37.30025100708008,11520900.0
2026-05-04,37.20104958672598,37.915310949762784,37.07208488855846,37.4986572265625,10933100.0
2026-05-05,37.49865947238402,37.51850048746628,37.032408862954426,37.05224609375,5228300.0
2026-05-06,37.05224532015395,37.181210023352676,36.56615370579098,36.585994720458984,9475600.0
2026-05-07,36.585995180381026,36.70503748559892,36.17926383529045,36.476871490478516,7125700.0
2026-05-08,36.47687059006994,36.62567252184757,35.41540091605267,35.62372589111328,12293800.0
2026-05-11,35.59396490355593,36.030455851450846,35.53444186254399,35.95109558105469,7428600.0
2026-05-12,35.861812430864354,36.308221987466176,35.77252976268672,36.06021499633789,6640200.0
2026-05-13,35.78244880225975,35.911413498778444,35.38563609802672,35.46500015258789,8681500.0
2026-05-14,35.46500279012383,35.70309118722759,35.39556112936163,35.4947624206543,4935000.0
2026-05-15,35.514600248022326,35.514600248022326,34.60193634033203,34.60193634033203,9560700.0
2026-05-18,34.939227881307815,35.17731248558493,34.46305488846702,34.65153884887695,9955700.0
2026-05-19,34.63169684457338,35.177311480089905,34.532495559674544,34.96898651123047,7750200.0
2026-05-20,35.12771107431213,35.43524111442883,34.99874637564559,35.157470703125,8645600.0
2026-05-21,35.06818640374542,35.93125344210031,35.05826778936394,35.881649017333984,8705200.0
2026-05-22,35.891573228895126,36.17926225621134,35.673325858615726,36.03045654296875,6548600.0
2026-05-26,36.08005732364612,36.12965796682078,35.47491963777039,35.83205032348633,9170400.0
2026-05-27,35.722926083121806,35.931254836078246,35.46500047204749,35.554283142089844,7703700.0
2026-05-28,35.465001234134945,35.63364417879078,34.96898723086033,35.0483512878418,7390500.0
2026-05-29,35.01858933359594,35.20707708463817,34.81026435176822,35.107872009277344,10931500.0
2026-06-01,34.77058184421143,34.88962414872325,34.21504856696519,34.244808197021484,7337900.0
2026-06-02,34.26464861334294,34.66145754954708,34.26464861334294,34.552337646484375,5047000.0
2026-06-03,34.592016121133724,35.514602485766034,34.492814832494666,34.740821838378906,13837900.0
2026-06-04,35.04835024565606,35.17731115798642,34.334088891207955,34.879703521728516,14931400.0
2026-06-05,34.9888275745827,35.60388386725611,34.909463519122156,35.455081939697266,8899400.0
2026-06-08,35.30627609482113,35.554283090771186,34.94914541516722,35.06818771362305,11919900.0
2026-06-09,35.07810984731821,35.61380586274688,34.96898616443981,35.46500015258789,9940600.0
2026-06-10,35.70000076293945,35.720001220703125,35.27000045776367,35.58000183105469,9323200.0
2026-06-11,35.709999084472656,35.90999984741211,35.43000030517578,35.459999084472656,9168000.0
2026-06-12,35.5,35.97999954223633,35.470001220703125,35.849998474121094,7127400.0
2026-06-15,35.650001525878906,36.349998474121094,35.380001068115234,36.16999816894531,11139300.0
2026-06-16,36.2400016784668,36.77000045776367,36.119998931884766,36.380001068115234,11166000.0
2026-06-17,36.16999816894531,36.36000061035156,35.09000015258789,35.33000183105469,13098600.0
2026-06-18,35.369998931884766,35.880001068115234,35.060001373291016,35.380001068115234,16555500.0
2026-06-22,35.380001068115234,35.84000015258789,35.290000915527344,35.59000015258789,7311500.0
2026-06-23,35.68000030517578,36.33000183105469,35.380001068115234,36.290000915527344,13416800.0
2026-06-24,36.47999954223633,37.09000015258789,36.31999969482422,36.91999816894531,18673600.0
2026-06-25,37.040000915527344,37.31999969482422,36.65999984741211,37.0,11753500.0
2026-06-26,37.20000076293945,37.36000061035156,36.709999084472656,37.02000045776367,21061500.0
2026-06-29,37.130001068115234,37.2400016784668,36.66999816894531,36.7400016784668,8869300.0
2026-06-30,36.59000015258789,36.81999969482422,36.22999954223633,36.349998474121094,10192600.0
2026-07-01,36.34000015258789,36.380001068115234,35.599998474121094,35.619998931884766,8595000.0
2026-07-02,36.0,36.900001525878906,35.66999816894531,36.88999938964844,10498700.0
2026-07-06,36.79999923706055,36.88999938964844,35.9900016784668,36.11000061035156,6232900.0
2026-07-07,36.45000076293945,37.06999969482422,36.369998931884766,36.38999938964844,7869700.0
2026-07-08,36.400001525878906,36.47999954223633,35.880001068115234,35.9900016784668,7652400.0
2026-07-09,36.029998779296875,36.060001373291016,35.58000183105469,35.65999984741211,5407500.0
2026-07-10,35.7400016784668,35.939998626708984,35.52000045776367,35.779998779296875,5884700.0
2026-07-13,35.84000015258789,36.16999816894531,35.75,36.06999969482422,7051000.0
2026-07-14,36.2599983215332,36.369998931884766,35.93000030517578,36.099998474121094,6750000.0
2026-07-15,36.060001373291016,36.470001220703125,35.66999816894531,35.709999084472656,6163000.0
2026-07-16,35.900001525878906,36.380001068115234,35.86000061035156,36.380001068115234,5626200.0
2026-07-17,36.689998626708984,36.86000061035156,35.7400016784668,35.849998474121094,5208900.0
2026-07-20,35.959999084472656,36.18000030517578,35.31999969482422,35.43000030517578,6465700.0
2026-07-23,35.84000015258789,36.459999084472656,35.790000915527344,36.2400016784668,4593200.0
2026-07-24,36.40999984741211,36.68000030517578,35.66999816894531,36.220001220703125,13418600.0
2026-07-27,36.11000061035156,36.41999816894531,35.849998474121094,36.0099983215332,7994400.0
2026-07-28,36.2599983215332,36.88999938964844,36.20000076293945,36.33000183105469,12140300.0
2026-07-29,36.45000076293945,36.66999816894531,35.68000030517578,35.70000076293945,10178900.0
2026-07-30,35.79999923706055,35.88999938964844,35.119998931884766,35.560001373291016,6703100.0
2026-07-31,35.369998931884766,35.58000183105469,35.189998626708984,35.209999084472656,7552700.0
2026-08-03,35.099998474121094,35.560001373291016,34.959999084472656,35.20000076293945,6078500.0
2026-08-04,35.130001068115234,35.36000061035156,34.65999984741211,35.18000030517578,6585100.0
2026-08-05,35.25,35.290000915527344,34.630001068115234,34.95000076293945,7298000.0
2026-08-06,35.29999923706055,35.34000015258789,34.43000030517578,34.619998931884766,7094400.0
2026-08-07,34.900001525878906,35.630001068115234,34.40999984741211,35.459999084472656,10945500.0
2026-08-10,35.20000076293945,35.400001525878906,34.93000030517578,34.9900016784668,14058700.0
2026-08-11,34.939998626708984,35.470001220703125,34.88999938964844,35.279998779296875,7691800.0
2026-08-12,35.369998931884766,35.5,35.099998474121094,35.459999084472656,10344300.0
2026-08-13,35.56999969482422,35.83000183105469,35.53499984741211,35.68000030517578,5714419.0
